/* SPDX-License-Identifier: GPL-2.0-only */
/*
 * zumapro ISPFE ordinary-ultrawide back-end PDMA recipe (4208x3120 input).
 *
 * Generated by camera-pdma-emit.py, from a capture of the vendor stack
 * programming the same sensor at the same size; do not edit.  The
 * generator re-encodes these tables and refuses to write the file unless
 * the result is byte-for-byte the captured program.
 *
 * Source: buf-99-iova000000001d24c000-fd380-size12288.bin
 * SHA-256: 46db33da236ff9c3a5ad044f0853fb78ab9b3f0e623defb923150f1e20d1d89c
 * Program: 0x17e4 bytes in 62 commands, 18 relocations
 *
 * The values are a bring-up oracle, not a programming interface: most of
 * the payload is line-memory-processor tuning that a minimal RAW path may
 * not need.  Every device address is a relocation, so no captured IOVA
 * survives into the program the hardware runs.
 */
#ifndef __EXYNOS_ISPFE_PDMA_PROGRAM_BACKEND_H__
#define __EXYNOS_ISPFE_PDMA_PROGRAM_BACKEND_H__

#include "exynos-ispfe-pdma.h"

#define ISPFE_PDMA_BACKEND_RECIPE_BYTES		0x17e4
#define ISPFE_PDMA_BACKEND_BLOCKS_BYTES		0xb000

/*
 * The blocks the program's indirect-burst records stream into the front
 * end: lookup tables for linearisation, lens shading, the histogram, the
 * global tone map, gamma and the scalers.  They do not change between
 * frames, so one shared area holds them all, each on its own page as the
 * vendor session had them.
 */

/* buf-101-iova000000001d3df000-fd382-size4096.bin: first 0x410 bytes consumed
 * SHA-256: b4ec4bf8e1c3d9b04592af3e83716faca631d16675ea85d566c13430b3159bb4
 */
static const u8 ispfe_pdma_backend_input_1d3df000[0x410] = {
	0x00, 0x00, 0x00, 0x00, 0x00, 0x00, 0x00, 0x00, 0x00, 0x01, 0x00, 0x01,
	0x00, 0x01, 0x00, 0x01, 0x00, 0x02, 0x00, 0x02, 0x00, 0x02, 0x00, 0x02,
	0x00, 0x03, 0x00, 0x03, 0x00, 0x03, 0x00, 0x03, 0x00, 0x04, 0x00, 0x04,
	0x00, 0x04, 0x00, 0x04, 0x00, 0x05, 0x00, 0x05, 0x00, 0x05, 0x00, 0x05,
	0x00, 0x06, 0x00, 0x06, 0x00, 0x06, 0x00, 0x06, 0x00, 0x07, 0x00, 0x07,
	0x00, 0x07, 0x00, 0x07, 0x00, 0x08, 0x00, 0x08, 0x00, 0x08, 0x00, 0x08,
	0x00, 0x09, 0x00, 0x09, 0x00, 0x09, 0x00, 0x09, 0x00, 0x0a, 0x00, 0x0a,
	0x00, 0x0a, 0x00, 0x0a, 0x00, 0x0b, 0x00, 0x0b, 0x00, 0x0b, 0x00, 0x0b,
	0x00, 0x0c, 0x00, 0x0c, 0x00, 0x0c, 0x00, 0x0c, 0x00, 0x0d, 0x00, 0x0d,
	0x00, 0x0d, 0x00, 0x0d, 0x00, 0x0e, 0x00, 0x0e, 0x00, 0x0e, 0x00, 0x0e,
	0x00, 0x0f, 0x00, 0x0f, 0x00, 0x0f, 0x00, 0x0f, 0x00, 0x10, 0x00, 0x10,
	0x00, 0x10, 0x00, 0x10, 0x00, 0x11, 0x00, 0x11, 0x00, 0x11, 0x00, 0x11,
	0x00, 0x12, 0x00, 0x12, 0x00, 0x12, 0x00, 0x12, 0x00, 0x13, 0x00, 0x13,
	0x00, 0x13, 0x00, 0x13, 0x00, 0x14, 0x00, 0x14, 0x00, 0x14, 0x00, 0x14,
	0x00, 0x15, 0x00, 0x15, 0x00, 0x15, 0x00, 0x15, 0x00, 0x16, 0x00, 0x16,
	0x00, 0x16, 0x00, 0x16, 0x00, 0x17, 0x00, 0x17, 0x00, 0x17, 0x00, 0x17,
	0x00, 0x18, 0x00, 0x18, 0x00, 0x18, 0x00, 0x18, 0x00, 0x19, 0x00, 0x19,
	0x00, 0x19, 0x00, 0x19, 0x00, 0x1a, 0x00, 0x1a, 0x00, 0x1a, 0x00, 0x1a,
	0x00, 0x1b, 0x00, 0x1b, 0x00, 0x1b, 0x00, 0x1b, 0x00, 0x1c, 0x00, 0x1c,
	0x00, 0x1c, 0x00, 0x1c, 0x00, 0x1d, 0x00, 0x1d, 0x00, 0x1d, 0x00, 0x1d,
	0x00, 0x1e, 0x00, 0x1e, 0x00, 0x1e, 0x00, 0x1e, 0x00, 0x1f, 0x00, 0x1f,
	0x00, 0x1f, 0x00, 0x1f, 0x00, 0x20, 0x00, 0x20, 0x00, 0x20, 0x00, 0x20,
	0x00, 0x21, 0x00, 0x21, 0x00, 0x21, 0x00, 0x21, 0x00, 0x22, 0x00, 0x22,
	0x00, 0x22, 0x00, 0x22, 0x00, 0x23, 0x00, 0x23, 0x00, 0x23, 0x00, 0x23,
	0x00, 0x24, 0x00, 0x24, 0x00, 0x24, 0x00, 0x24, 0x00, 0x25, 0x00, 0x25,
	0x00, 0x25, 0x00, 0x25, 0x00, 0x26, 0x00, 0x26, 0x00, 0x26, 0x00, 0x26,
	0x00, 0x27, 0x00, 0x27, 0x00, 0x27, 0x00, 0x27, 0x00, 0x28, 0x00, 0x28,
	0x00, 0x28, 0x00, 0x28, 0x00, 0x29, 0x00, 0x29, 0x00, 0x29, 0x00, 0x29,
	0x00, 0x2a, 0x00, 0x2a, 0x00, 0x2a, 0x00, 0x2a, 0x00, 0x2b, 0x00, 0x2b,
	0x00, 0x2b, 0x00, 0x2b, 0x00, 0x2c, 0x00, 0x2c, 0x00, 0x2c, 0x00, 0x2c,
	0x00, 0x2d, 0x00, 0x2d, 0x00, 0x2d, 0x00, 0x2d, 0x00, 0x2e, 0x00, 0x2e,
	0x00, 0x2e, 0x00, 0x2e, 0x00, 0x2f, 0x00, 0x2f, 0x00, 0x2f, 0x00, 0x2f,
	0x00, 0x30, 0x00, 0x30, 0x00, 0x30, 0x00, 0x30, 0x00, 0x31, 0x00, 0x31,
	0x00, 0x31, 0x00, 0x31, 0x00, 0x32, 0x00, 0x32, 0x00, 0x32, 0x00, 0x32,
	0x00, 0x33, 0x00, 0x33, 0x00, 0x33, 0x00, 0x33, 0x00, 0x34, 0x00, 0x34,
	0x00, 0x34, 0x00, 0x34, 0x00, 0x35, 0x00, 0x35, 0x00, 0x35, 0x00, 0x35,
	0x00, 0x36, 0x00, 0x36, 0x00, 0x36, 0x00, 0x36, 0x00, 0x37, 0x00, 0x37,
	0x00, 0x37, 0x00, 0x37, 0x00, 0x38, 0x00, 0x38, 0x00, 0x38, 0x00, 0x38,
	0x00, 0x39, 0x00, 0x39, 0x00, 0x39, 0x00, 0x39, 0x00, 0x3a, 0x00, 0x3a,
	0x00, 0x3a, 0x00, 0x3a, 0x00, 0x3b, 0x00, 0x3b, 0x00, 0x3b, 0x00, 0x3b,
	0x00, 0x3c, 0x00, 0x3c, 0x00, 0x3c, 0x00, 0x3c, 0x00, 0x3d, 0x00, 0x3d,
	0x00, 0x3d, 0x00, 0x3d, 0x00, 0x3e, 0x00, 0x3e, 0x00, 0x3e, 0x00, 0x3e,
	0x00, 0x3f, 0x00, 0x3f, 0x00, 0x3f, 0x00, 0x3f, 0x00, 0x40, 0x00, 0x40,
	0x00, 0x40, 0x00, 0x40, 0x00, 0x41, 0x00, 0x41, 0x00, 0x41, 0x00, 0x41,
	0x00, 0x42, 0x00, 0x42, 0x00, 0x42, 0x00, 0x42, 0x00, 0x43, 0x00, 0x43,
	0x00, 0x43, 0x00, 0x43, 0x00, 0x44, 0x00, 0x44, 0x00, 0x44, 0x00, 0x44,
	0x00, 0x45, 0x00, 0x45, 0x00, 0x45, 0x00, 0x45, 0x00, 0x46, 0x00, 0x46,
	0x00, 0x46, 0x00, 0x46, 0x00, 0x47, 0x00, 0x47, 0x00, 0x47, 0x00, 0x47,
	0x00, 0x48, 0x00, 0x48, 0x00, 0x48, 0x00, 0x48, 0x00, 0x49, 0x00, 0x49,
	0x00, 0x49, 0x00, 0x49, 0x00, 0x4a, 0x00, 0x4a, 0x00, 0x4a, 0x00, 0x4a,
	0x00, 0x4b, 0x00, 0x4b, 0x00, 0x4b, 0x00, 0x4b, 0x00, 0x4c, 0x00, 0x4c,
	0x00, 0x4c, 0x00, 0x4c, 0x00, 0x4d, 0x00, 0x4d, 0x00, 0x4d, 0x00, 0x4d,
	0x00, 0x4e, 0x00, 0x4e, 0x00, 0x4e, 0x00, 0x4e, 0x00, 0x4f, 0x00, 0x4f,
	0x00, 0x4f, 0x00, 0x4f, 0x00, 0x50, 0x00, 0x50, 0x00, 0x50, 0x00, 0x50,
	0x00, 0x51, 0x00, 0x51, 0x00, 0x51, 0x00, 0x51, 0x00, 0x52, 0x00, 0x52,
	0x00, 0x52, 0x00, 0x52, 0x00, 0x53, 0x00, 0x53, 0x00, 0x53, 0x00, 0x53,
	0x00, 0x54, 0x00, 0x54, 0x00, 0x54, 0x00, 0x54, 0x00, 0x55, 0x00, 0x55,
	0x00, 0x55, 0x00, 0x55, 0x00, 0x56, 0x00, 0x56, 0x00, 0x56, 0x00, 0x56,
	0x00, 0x57, 0x00, 0x57, 0x00, 0x57, 0x00, 0x57, 0x00, 0x58, 0x00, 0x58,
	0x00, 0x58, 0x00, 0x58, 0x00, 0x59, 0x00, 0x59, 0x00, 0x59, 0x00, 0x59,
	0x00, 0x5a, 0x00, 0x5a, 0x00, 0x5a, 0x00, 0x5a, 0x00, 0x5b, 0x00, 0x5b,
	0x00, 0x5b, 0x00, 0x5b, 0x00, 0x5c, 0x00, 0x5c, 0x00, 0x5c, 0x00, 0x5c,
	0x00, 0x5d, 0x00, 0x5d, 0x00, 0x5d, 0x00, 0x5d, 0x00, 0x5e, 0x00, 0x5e,
	0x00, 0x5e, 0x00, 0x5e, 0x00, 0x5f, 0x00, 0x5f, 0x00, 0x5f, 0x00, 0x5f,
	0x00, 0x60, 0x00, 0x60, 0x00, 0x60, 0x00, 0x60, 0x00, 0x61, 0x00, 0x61,
	0x00, 0x61, 0x00, 0x61, 0x00, 0x62, 0x00, 0x62, 0x00, 0x62, 0x00, 0x62,
	0x00, 0x63, 0x00, 0x63, 0x00, 0x63, 0x00, 0x63, 0x00, 0x64, 0x00, 0x64,
	0x00, 0x64, 0x00, 0x64, 0x00, 0x65, 0x00, 0x65, 0x00, 0x65, 0x00, 0x65,
	0x00, 0x66, 0x00, 0x66, 0x00, 0x66, 0x00, 0x66, 0x00, 0x67, 0x00, 0x67,
	0x00, 0x67, 0x00, 0x67, 0x00, 0x68, 0x00, 0x68, 0x00, 0x68, 0x00, 0x68,
	0x00, 0x69, 0x00, 0x69, 0x00, 0x69, 0x00, 0x69, 0x00, 0x6a, 0x00, 0x6a,
	0x00, 0x6a, 0x00, 0x6a, 0x00, 0x6b, 0x00, 0x6b, 0x00, 0x6b, 0x00, 0x6b,
	0x00, 0x6c, 0x00, 0x6c, 0x00, 0x6c, 0x00, 0x6c, 0x00, 0x6d, 0x00, 0x6d,
	0x00, 0x6d, 0x00, 0x6d, 0x00, 0x6e, 0x00, 0x6e, 0x00, 0x6e, 0x00, 0x6e,
	0x00, 0x6f, 0x00, 0x6f, 0x00, 0x6f, 0x00, 0x6f, 0x00, 0x70, 0x00, 0x70,
	0x00, 0x70, 0x00, 0x70, 0x00, 0x71, 0x00, 0x71, 0x00, 0x71, 0x00, 0x71,
	0x00, 0x72, 0x00, 0x72, 0x00, 0x72, 0x00, 0x72, 0x00, 0x73, 0x00, 0x73,
	0x00, 0x73, 0x00, 0x73, 0x00, 0x74, 0x00, 0x74, 0x00, 0x74, 0x00, 0x74,
	0x00, 0x75, 0x00, 0x75, 0x00, 0x75, 0x00, 0x75, 0x00, 0x76, 0x00, 0x76,
	0x00, 0x76, 0x00, 0x76, 0x00, 0x77, 0x00, 0x77, 0x00, 0x77, 0x00, 0x77,
	0x00, 0x78, 0x00, 0x78, 0x00, 0x78, 0x00, 0x78, 0x00, 0x79, 0x00, 0x79,
	0x00, 0x79, 0x00, 0x79, 0x00, 0x7a, 0x00, 0x7a, 0x00, 0x7a, 0x00, 0x7a,
	0x00, 0x7b, 0x00, 0x7b, 0x00, 0x7b, 0x00, 0x7b, 0x00, 0x7c, 0x00, 0x7c,
	0x00, 0x7c, 0x00, 0x7c, 0x00, 0x7d, 0x00, 0x7d, 0x00, 0x7d, 0x00, 0x7d,
	0x00, 0x7e, 0x00, 0x7e, 0x00, 0x7e, 0x00, 0x7e, 0x00, 0x7f, 0x00, 0x7f,
	0x00, 0x7f, 0x00, 0x7f, 0x00, 0x80, 0x00, 0x80, 0x00, 0x80, 0x00, 0x80,
	0x00, 0x00, 0x00, 0x00, 0x00, 0x00, 0x00, 0x00,
};

/* buf-102-iova000000001d3dc000-fd383-size8192.bin: first 0x1ce0 bytes consumed
 * SHA-256: ec08660981cd3f839d74e6952e22300af860a863051933a9a982c3fc537dffbd
 */
static const u8 ispfe_pdma_backend_input_1d3dc000[0x1ce0] = {
	0x2f, 0x4e, 0x38, 0x44, 0x9c, 0x44, 0x67, 0x40, 0x71, 0x49, 0x2e, 0x40,
	0x13, 0x40, 0x69, 0x3c, 0x9a, 0x45, 0xe1, 0x3c, 0x2c, 0x3d, 0x7c, 0x39,
	0xb0, 0x42, 0x49, 0x3a, 0xcd, 0x3a, 0x34, 0x37, 0x45, 0x47, 0x7a, 0x3e,
	0x3f, 0x3e, 0x17, 0x3b, 0x7b, 0x42, 0x3a, 0x3a, 0x3f, 0x3a, 0x38, 0x37,
	0x86, 0x3f, 0xb6, 0x37, 0xd1, 0x37, 0xf2, 0x34, 0x18, 0x3d, 0x5b, 0x35,
	0x9d, 0x35, 0x8f, 0x32, 0xe4, 0x41, 0x18, 0x3a, 0xb8, 0x39, 0xcc, 0x36,
	0xcf, 0x3d, 0x5b, 0x36, 0x47, 0x36, 0x7b, 0x33, 0x84, 0x3b, 0x31, 0x34,
	0x36, 0x34, 0x4c, 0x31, 0x22, 0x39, 0xe8, 0x31, 0x40, 0x32, 0x5e, 0x2f,
	0xbf, 0x3d, 0x52, 0x36, 0xf0, 0x35, 0x4d, 0x33, 0x06, 0x3a, 0x2c, 0x33,
	0x02, 0x33, 0x8b, 0x30, 0xc4, 0x37, 0x5f, 0x31, 0x35, 0x31, 0xc8, 0x2e,
	0xd0, 0x35, 0x7d, 0x2f, 0x96, 0x2f, 0x29, 0x2d, 0x53, 0x3a, 0x5b, 0x33,
	0xf9, 0x32, 0xdf, 0x30, 0x02, 0x37, 0xaa, 0x30, 0x73, 0x30, 0x5d, 0x2e,
	0xfa, 0x34, 0xfe, 0x2e, 0xe5, 0x2e, 0xb7, 0x2c, 0x96, 0x32, 0x43, 0x2d,
	0x53, 0x2d, 0x27, 0x2b, 0xaf, 0x37, 0x54, 0x31, 0xd1, 0x30, 0x8f, 0x2e,
	0x93, 0x34, 0xbe, 0x2e, 0x55, 0x2e, 0xb4, 0x2c, 0xf5, 0x31, 0xe3, 0x2c,
	0x9e, 0x2c, 0xa5, 0x2a, 0x2c, 0x2f, 0x5e, 0x2a, 0x4e, 0x2a, 0x6e, 0x28,
	0x4e, 0x35, 0x85, 0x2f, 0xbf, 0x2e, 0x1d, 0x2d, 0xe7, 0x31, 0xd5, 0x2c,
	0x7a, 0x2c, 0xed, 0x2a, 0xa7, 0x2e, 0x48, 0x2a, 0xcb, 0x29, 0x57, 0x28,
	0x5f, 0x2b, 0x72, 0x27, 0x5d, 0x27, 0xc7, 0x25, 0x2c, 0x33, 0xd4, 0x2d,
	0x31, 0x2d, 0x9d, 0x2b, 0xf0, 0x2e, 0x6f, 0x2a, 0xe7, 0x29, 0xc3, 0x28,
	0x30, 0x2b, 0x9a, 0x27, 0x4b, 0x27, 0xea, 0x25, 0xe6, 0x27, 0xe2, 0x24,
	0x98, 0x24, 0x4c, 0x23, 0x82, 0x30, 0xd7, 0x2b, 0xf4, 0x2a, 0x98, 0x29,
	0xed, 0x2b, 0x22, 0x28, 0x9b, 0x27, 0xbc, 0x26, 0x4d, 0x28, 0x3c, 0x25,
	0xe9, 0x24, 0xce, 0x23, 0xec, 0x24, 0x83, 0x22, 0x54, 0x22, 0x34, 0x21,
	0xfa, 0x2d, 0xa6, 0x29, 0xfe, 0x28, 0xf7, 0x27, 0x35, 0x29, 0x0e, 0x26,
	0x82, 0x25, 0xb7, 0x24, 0x8e, 0x25, 0x30, 0x23, 0xbf, 0x22, 0xbc, 0x21,
	0x52, 0x22, 0x8c, 0x20, 0x45, 0x20, 0x43, 0x1f, 0xc9, 0x2b, 0xe9, 0x27,
	0x43, 0x27, 0x4e, 0x26, 0xc6, 0x26, 0x30, 0x24, 0xab, 0x23, 0xf6, 0x22,
	0x16, 0x23, 0x5b, 0x21, 0xed, 0x20, 0x21, 0x20, 0xeb, 0x1f, 0x9d, 0x1e,
	0x5b, 0x1e, 0x79, 0x1d, 0xcb, 0x29, 0x37, 0x26, 0x87, 0x25, 0xab, 0x24,
	0xf8, 0x24, 0xcb, 0x22, 0x44, 0x22, 0x87, 0x21, 0x3c, 0x21, 0xde, 0x1f,
	0x7e, 0x1f, 0xb3, 0x1e, 0xe3, 0x1d, 0xed, 0x1c, 0xab, 0x1c, 0xda, 0x1b,
	0x23, 0x28, 0x0d, 0x25, 0x64, 0x24, 0x66, 0x23, 0x38, 0x23, 0x6c, 0x21,
	0xef, 0x20, 0x4c, 0x20, 0x78, 0x1f, 0x87, 0x1e, 0x0f, 0x1e, 0x72, 0x1d,
	0x6a, 0x1c, 0xbf, 0x1b, 0x7f, 0x1b, 0xbf, 0x1a, 0x80, 0x26, 0xf4, 0x23,
	0x83, 0x23, 0x6d, 0x22, 0xeb, 0x21, 0x74, 0x20, 0xfb, 0x1f, 0x60, 0x1f,
	0x2d, 0x1e, 0x68, 0x1d, 0x1a, 0x1d, 0x86, 0x1c, 0x42, 0x1b, 0xd6, 0x1a,
	0x95, 0x1a, 0xfb, 0x19, 0x79, 0x25, 0x41, 0x23, 0xa5, 0x22, 0xa3, 0x21,
	0xee, 0x20, 0xa3, 0x1f, 0x42, 0x1f, 0x98, 0x1e, 0x47, 0x1d, 0xc2, 0x1c,
	0x6a, 0x1c, 0xe8, 0x1b, 0x8a, 0x1a, 0x2f, 0x1a, 0xf2, 0x19, 0x6a, 0x19,
	0xda, 0x24, 0xc6, 0x22, 0x42, 0x22, 0x26, 0x21, 0x49, 0x20, 0x1a, 0x1f,
	0xc5, 0x1e, 0x02, 0x1e, 0x9f, 0x1c, 0x29, 0x1c, 0xd4, 0x1b, 0x54, 0x1b,
	0x02, 0x1a, 0xc2, 0x19, 0x8c, 0x19, 0x08, 0x19, 0x99, 0x24, 0x9d, 0x22,
	0x11, 0x22, 0xec, 0x20, 0x05, 0x20, 0xf6, 0x1e, 0x90, 0x1e, 0xdc, 0x1d,
	0x71, 0x1c, 0xfa, 0x1b, 0xb1, 0x1b, 0x21, 0x1b, 0xce, 0x19, 0x90, 0x19,
	0x5c, 0x19, 0xd0, 0x18, 0xe9, 0x24, 0xe5, 0x22, 0x3e, 0x22, 0x03, 0x21,
	0x32, 0x20, 0x0c, 0x1f, 0xbe, 0x1e, 0x04, 0x1e, 0x90, 0x1c, 0x21, 0x1c,
	0xdf, 0x1b, 0x53, 0x1b, 0xe9, 0x19, 0xa9, 0x19, 0x7f, 0x19, 0xf4, 0x18,
	0x73, 0x25, 0x23, 0x23, 0xca, 0x22, 0x54, 0x21, 0xa0, 0x20, 0x8e, 0x1f,
	0x34, 0x1f, 0x7b, 0x1e, 0xdf, 0x1c, 0x84, 0x1c, 0x3c, 0x1c, 0xca, 0x1b,
	0x3d, 0x1a, 0x0f, 0x1a, 0xdc, 0x19, 0x4d, 0x19, 0x16, 0x26, 0xc9, 0x23,
	0x33, 0x23, 0x1d, 0x22, 0x77, 0x21, 0x34, 0x20, 0xd8, 0x1f, 0x43, 0x1f,
	0xcc, 0x1d, 0x51, 0x1d, 0x0c, 0x1d, 0x7e, 0x1c, 0xec, 0x1a, 0xae, 0x1a,
	0x74, 0x1a, 0xf1, 0x19, 0x32, 0x27, 0xb9, 0x24, 0x18, 0x24, 0x18, 0x23,
	0xa1, 0x22, 0x3f, 0x21, 0xd0, 0x20, 0x36, 0x20, 0xf2, 0x1e, 0x3b, 0x1e,
	0xf4, 0x1d, 0x61, 0x1d, 0x0e, 0x1c, 0x9c, 0x1b, 0x64, 0x1b, 0xce, 0x1a,
	0xba, 0x28, 0x0c, 0x26, 0x72, 0x25, 0x86, 0x24, 0x27, 0x24, 0x61, 0x22,
	0xff, 0x21, 0x7c, 0x21, 0x83, 0x20, 0x8c, 0x1f, 0x31, 0x1f, 0xa9, 0x1e,
	0x7b, 0x1d, 0xcc, 0x1c, 0x99, 0x1c, 0xee, 0x1b, 0x90, 0x2a, 0x87, 0x27,
	0xff, 0x26, 0x02, 0x26, 0x1f, 0x26, 0x0e, 0x24, 0xa0, 0x23, 0xfe, 0x22,
	0x72, 0x22, 0x07, 0x21, 0xb8, 0x20, 0x0a, 0x20, 0x6b, 0x1f, 0x6c, 0x1e,
	0x38, 0x1e, 0x73, 0x1d, 0x17, 0x2d, 0x6c, 0x29, 0xfb, 0x28, 0xbc, 0x27,
	0x6a, 0x28, 0xb5, 0x25, 0x39, 0x25, 0xa9, 0x24, 0xb8, 0x24, 0xe2, 0x22,
	0x96, 0x22, 0xf1, 0x21, 0xc9, 0x21, 0x43, 0x20, 0x22, 0x20, 0x4c, 0x1f,
	0x43, 0x30, 0x8d, 0x2b, 0xde, 0x2a, 0xad, 0x29, 0x0f, 0x2b, 0xcc, 0x27,
	0x53, 0x27, 0xcc, 0x26, 0x7a, 0x27, 0xfd, 0x24, 0xaf, 0x24, 0x05, 0x24,
	0x82, 0x24, 0x77, 0x22, 0x4d, 0x22, 0x59, 0x21, 0x2a, 0x33, 0xbb, 0x2d,
	0x2c, 0x2d, 0xcf, 0x2b, 0x4c, 0x2e, 0x37, 0x2a, 0xd6, 0x29, 0x21, 0x29,
	0x6b, 0x2a, 0x4d, 0x27, 0xef, 0x26, 0x1b, 0x26, 0x44, 0x27, 0xa6, 0x24,
	0x75, 0x24, 0x65, 0x23, 0xf9, 0x35, 0xcc, 0x2f, 0x4b, 0x2f, 0xbc, 0x2d,
	0xa1, 0x31, 0xcd, 0x2c, 0x65, 0x2c, 0x7c, 0x2b, 0x11, 0x2e, 0xd7, 0x29,
	0xb9, 0x29, 0x9d, 0x28, 0xac, 0x2a, 0x3e, 0x27, 0x1d, 0x27, 0xfd, 0x25,
	0xba, 0x38, 0xbe, 0x31, 0x59, 0x31, 0x70, 0x2f, 0xa5, 0x34, 0xda, 0x2e,
	0x9f, 0x2e, 0xa2, 0x2d, 0xad, 0x31, 0xe3, 0x2c, 0x9a, 0x2c, 0x64, 0x2b,
	0x52, 0x2e, 0x2b, 0x2a, 0x2a, 0x2a, 0xc0, 0x28, 0xd9, 0x3b, 0x29, 0x34,
	0xc8, 0x33, 0xca, 0x31, 0x69, 0x37, 0x16, 0x31, 0xfa, 0x30, 0xc8, 0x2f,
	0xc5, 0x34, 0x36, 0x2f, 0x19, 0x2f, 0x9d, 0x2d, 0x44, 0x32, 0x34, 0x2d,
	0x49, 0x2d, 0x8a, 0x2b, 0xb6, 0x3e, 0xd4, 0x36, 0x99, 0x36, 0xba, 0x34,
	0x90, 0x3a, 0x6e, 0x33, 0x4f, 0x33, 0x03, 0x32, 0xd5, 0x37, 0x4d, 0x31,
	0x6c, 0x31, 0xcb, 0x2f, 0xe4, 0x35, 0x96, 0x2f, 0xb1, 0x2f, 0xd4, 0x2d,
	0x44, 0x43, 0x5d, 0x3a, 0x1e, 0x3a, 0xe9, 0x37, 0x40, 0x3e, 0x9f, 0x36,
	0xb5, 0x36, 0x1a, 0x35, 0x99, 0x3b, 0x57, 0x34, 0x89, 0x34, 0xb0, 0x32,
	0xba, 0x38, 0xfd, 0x31, 0x60, 0x32, 0x2a, 0x30, 0x4f, 0x48, 0x47, 0x3e,
	0x59, 0x3e, 0xf3, 0x3b, 0x18, 0x43, 0x50, 0x3a, 0x97, 0x3a, 0xb5, 0x38,
	0xf8, 0x3f, 0xc8, 0x37, 0x19, 0x38, 0xd6, 0x35, 0x07, 0x3d, 0x27, 0x35,
	0x8c, 0x35, 0x19, 0x33, 0x96, 0x4f, 0xf0, 0x43, 0x98, 0x44, 0x4c, 0x41,
	0x36, 0x4a, 0xe2, 0x3f, 0x37, 0x40, 0x74, 0x3d, 0x1c, 0x46, 0x20, 0x3d,
	0x45, 0x3d, 0x90, 0x3a, 0xba, 0x42, 0x1f, 0x3a, 0xf0, 0x3a, 0x27, 0x37,
	0xc7, 0x40, 0x7c, 0x38, 0xdc, 0x38, 0xea, 0x34, 0x70, 0x3e, 0x8c, 0x36,
	0xd4, 0x36, 0x0b, 0x33, 0x28, 0x3c, 0xa0, 0x34, 0x4d, 0x35, 0x43, 0x31,
	0xc3, 0x3a, 0x79, 0x33, 0xf3, 0x33, 0xf6, 0x2f, 0xa6, 0x3a, 0x77, 0x33,
	0xd9, 0x33, 0xb5, 0x30, 0xc2, 0x38, 0xc5, 0x31, 0x1d, 0x32, 0xde, 0x2e,
	0x53, 0x37, 0xa0, 0x30, 0x0b, 0x31, 0xdf, 0x2d, 0x4b, 0x36, 0xc0, 0x2f,
	0x40, 0x30, 0xf3, 0x2c, 0x00, 0x37, 0x46, 0x30, 0x9c, 0x30, 0xbb, 0x2d,
	0x43, 0x35, 0x26, 0x2f, 0x64, 0x2f, 0x69, 0x2c, 0xf9, 0x33, 0xc0, 0x2d,
	0x08, 0x2e, 0x3c, 0x2b, 0xcd, 0x32, 0xf9, 0x2c, 0x47, 0x2d, 0x64, 0x2a,
	0xe3, 0x33, 0xdf, 0x2d, 0x30, 0x2e, 0x81, 0x2b, 0x25, 0x32, 0x6a, 0x2c,
	0xa9, 0x2c, 0x03, 0x2a, 0x0f, 0x30, 0xc7, 0x2a, 0x2c, 0x2b, 0x9a, 0x28,
	0x7d, 0x2e, 0x89, 0x29, 0xe1, 0x29, 0x4a, 0x27, 0x56, 0x30, 0x4a, 0x2b,
	0x53, 0x2b, 0x05, 0x29, 0xf9, 0x2d, 0x28, 0x29, 0x3b, 0x29, 0x08, 0x27,
	0xb5, 0x2b, 0x6d, 0x27, 0x89, 0x27, 0x5c, 0x25, 0x02, 0x2a, 0x07, 0x26,
	0x35, 0x26, 0x0a, 0x24, 0x13, 0x2c, 0xec, 0x27, 0xd6, 0x27, 0xf4, 0x25,
	0xac, 0x29, 0xee, 0x25, 0xf2, 0x25, 0xff, 0x23, 0x71, 0x27, 0x26, 0x24,
	0x2f, 0x24, 0x6b, 0x22, 0xc2, 0x25, 0xcc, 0x22, 0xdf, 0x22, 0x0c, 0x21,
	0x7a, 0x28, 0x22, 0x25, 0xfa, 0x24, 0x74, 0x23, 0xea, 0x25, 0x18, 0x23,
	0x0c, 0x23, 0x75, 0x21, 0xb1, 0x23, 0x44, 0x21, 0x55, 0x21, 0xda, 0x1f,
	0xf6, 0x21, 0xd7, 0x1f, 0xe5, 0x1f, 0x5d, 0x1e, 0xfd, 0x24, 0x75, 0x22,
	0x56, 0x22, 0x06, 0x21, 0x7b, 0x22, 0x65, 0x20, 0x58, 0x20, 0x09, 0x1f,
	0x5f, 0x20, 0xae, 0x1e, 0x9c, 0x1e, 0x56, 0x1d, 0x7e, 0x1e, 0x08, 0x1d,
	0x17, 0x1d, 0xcc, 0x1b, 0xdf, 0x21, 0x12, 0x20, 0xef, 0x1f, 0xcc, 0x1e,
	0x59, 0x1f, 0xe1, 0x1d, 0xd2, 0x1d, 0xbf, 0x1c, 0x2a, 0x1d, 0x12, 0x1c,
	0x03, 0x1c, 0xff, 0x1a, 0xac, 0x1b, 0xb8, 0x1a, 0xb3, 0x1a, 0xc5, 0x19,
	0x41, 0x1f, 0xf3, 0x1d, 0xc0, 0x1d, 0xd6, 0x1c, 0xd1, 0x1c, 0xd2, 0x1b,
	0xb4, 0x1b, 0xc9, 0x1a, 0xf2, 0x1a, 0x2f, 0x1a, 0x1b, 0x1a, 0x47, 0x19,
	0x5f, 0x19, 0xd7, 0x18, 0xc2, 0x18, 0x07, 0x18, 0x24, 0x1d, 0x28, 0x1c,
	0xfb, 0x1b, 0x18, 0x1b, 0xe4, 0x1a, 0x33, 0x1a, 0xfd, 0x19, 0x39, 0x19,
	0x06, 0x19, 0x8a, 0x18, 0x68, 0x18, 0xc7, 0x17, 0xc6, 0x17, 0x5c, 0x17,
	0x46, 0x17, 0xc1, 0x16, 0x75, 0x1b, 0xb2, 0x1a, 0x76, 0x1a, 0xbe, 0x19,
	0x68, 0x19, 0xe1, 0x18, 0xb7, 0x18, 0x12, 0x18, 0xc3, 0x17, 0x52, 0x17,
	0x3e, 0x17, 0xa8, 0x16, 0x57, 0x16, 0x17, 0x16, 0xf7, 0x15, 0x92, 0x15,
	0x03, 0x1a, 0x98, 0x19, 0x67, 0x19, 0xbf, 0x18, 0x39, 0x18, 0xd8, 0x17,
	0xb6, 0x17, 0x26, 0x17, 0xa0, 0x16, 0x5d, 0x16, 0x41, 0x16, 0xd5, 0x15,
	0x3b, 0x15, 0xfa, 0x14, 0xe3, 0x14, 0x96, 0x14, 0x10, 0x19, 0xbd, 0x18,
	0x91, 0x18, 0x00, 0x18, 0x49, 0x17, 0x19, 0x17, 0xec, 0x16, 0x8a, 0x16,
	0xb2, 0x15, 0x7c, 0x15, 0x68, 0x15, 0xfd, 0x14, 0x3f, 0x14, 0x1a, 0x14,
	0x09, 0x14, 0xb4, 0x13, 0x68, 0x18, 0x41, 0x18, 0x10, 0x18, 0x90, 0x17,
	0xb2, 0x16, 0x82, 0x16, 0x63, 0x16, 0xfa, 0x15, 0x0d, 0x15, 0xde, 0x14,
	0xcc, 0x14, 0x7a, 0x14, 0xb2, 0x13, 0x90, 0x13, 0x81, 0x13, 0x35, 0x13,
	0xfb, 0x17, 0xd0, 0x17, 0xa6, 0x17, 0x34, 0x17, 0x26, 0x16, 0x0f, 0x16,
	0xf5, 0x15, 0x96, 0x15, 0x99, 0x14, 0x79, 0x14, 0x67, 0x14, 0x0a, 0x14,
	0x4e, 0x13, 0x30, 0x13, 0x24, 0x13, 0xe0, 0x12, 0xbe, 0x17, 0xab, 0x17,
	0x7f, 0x17, 0x08, 0x17, 0x0f, 0x16, 0xfd, 0x15, 0xe7, 0x15, 0x7a, 0x15,
	0x7b, 0x14, 0x69, 0x14, 0x4f, 0x14, 0xe8, 0x13, 0x2c, 0x13, 0x0b, 0x13,
	0x00, 0x13, 0xb7, 0x12, 0xe3, 0x17, 0xc7, 0x17, 0xa2, 0x17, 0x20, 0x17,
	0x19, 0x16, 0x0f, 0x16, 0xfc, 0x15, 0x90, 0x15, 0xa0, 0x14, 0x75, 0x14,
	0x6d, 0x14, 0xf1, 0x13, 0x5a, 0x13, 0x28, 0x13, 0x27, 0x13, 0xc0, 0x12,
	0x33, 0x18, 0x2c, 0x18, 0x03, 0x18, 0x70, 0x17, 0x81, 0x16, 0x5e, 0x16,
	0x57, 0x16, 0xc4, 0x15, 0x03, 0x15, 0xe1, 0x14, 0xd1, 0x14, 0x37, 0x14,
	0xc1, 0x13, 0x83, 0x13, 0x80, 0x13, 0xfd, 0x12, 0xd9, 0x18, 0xa8, 0x18,
	0x86, 0x18, 0xf2, 0x17, 0x2d, 0x17, 0x0f, 0x17, 0xef, 0x16, 0x50, 0x16,
	0xb9, 0x15, 0x6e, 0x15, 0x69, 0x15, 0xbe, 0x14, 0x7f, 0x14, 0x28, 0x14,
	0x28, 0x14, 0x75, 0x13, 0xc6, 0x19, 0x79, 0x19, 0x63, 0x19, 0xb1, 0x18,
	0x15, 0x18, 0xc9, 0x17, 0xc0, 0x17, 0x00, 0x17, 0xa7, 0x16, 0x50, 0x16,
	0x44, 0x16, 0x75, 0x15, 0x83, 0x15, 0xfb, 0x14, 0xfe, 0x14, 0x18, 0x14,
	0x12, 0x1b, 0x96, 0x1a, 0x6f, 0x1a, 0xaa, 0x19, 0x3f, 0x19, 0xca, 0x18,
	0xb8, 0x18, 0xd5, 0x17, 0xf3, 0x17, 0x5c, 0x17, 0x56, 0x17, 0x37, 0x16,
	0xcd, 0x16, 0x1d, 0x16, 0x17, 0x16, 0x1a, 0x15, 0xe2, 0x1c, 0x02, 0x1c,
	0xe0, 0x1b, 0xf8, 0x1a, 0xc4, 0x1a, 0x0a, 0x1a, 0xf9, 0x19, 0xf1, 0x18,
	0x5d, 0x19, 0x82, 0x18, 0x80, 0x18, 0x4a, 0x17, 0x3a, 0x18, 0x5c, 0x17,
	0x62, 0x17, 0x22, 0x16, 0x20, 0x1f, 0xf6, 0x1d, 0xd6, 0x1d, 0xc5, 0x1c,
	0xde, 0x1c, 0xb7, 0x1b, 0xaf, 0x1b, 0x66, 0x1a, 0x0d, 0x1b, 0xf9, 0x19,
	0xfb, 0x19, 0x9f, 0x18, 0xcf, 0x19, 0xc8, 0x18, 0xc9, 0x18, 0x7f, 0x17,
	0xd3, 0x21, 0x11, 0x20, 0xfe, 0x1f, 0xd6, 0x1e, 0x4a, 0x1f, 0xda, 0x1d,
	0xcb, 0x1d, 0x74, 0x1c, 0x46, 0x1d, 0xea, 0x1b, 0xf9, 0x1b, 0x8a, 0x1a,
	0xbd, 0x1b, 0x83, 0x1a, 0x8e, 0x1a, 0x27, 0x19, 0xc2, 0x24, 0x73, 0x22,
	0x66, 0x22, 0x21, 0x21, 0x1d, 0x22, 0x41, 0x20, 0x44, 0x20, 0xdc, 0x1e,
	0x16, 0x20, 0x56, 0x1e, 0x55, 0x1e, 0xdf, 0x1c, 0x65, 0x1e, 0xcf, 0x1c,
	0xe5, 0x1c, 0x68, 0x1b, 0xb0, 0x27, 0xdc, 0x24, 0xdb, 0x24, 0x91, 0x23,
	0x48, 0x25, 0xd0, 0x22, 0xe8, 0x22, 0x74, 0x21, 0x48, 0x23, 0x09, 0x21,
	0x08, 0x21, 0x89, 0x1f, 0x53, 0x21, 0x65, 0x1f, 0x87, 0x1f, 0x0f, 0x1e,
	0x6e, 0x2b, 0xbb, 0x27, 0xbf, 0x27, 0x4c, 0x26, 0xbe, 0x28, 0x96, 0x25,
	0xbc, 0x25, 0x2e, 0x24, 0x67, 0x26, 0xc4, 0x23, 0xea, 0x23, 0x5e, 0x22,
	0xd2, 0x24, 0x89, 0x22, 0xaa, 0x22, 0x14, 0x21, 0xa1, 0x2f, 0x06, 0x2b,
	0x22, 0x2b, 0x65, 0x29, 0xcb, 0x2c, 0xca, 0x28, 0xf1, 0x28, 0x18, 0x27,
	0x83, 0x2a, 0xe7, 0x26, 0x31, 0x27, 0x46, 0x25, 0xcc, 0x28, 0x7f, 0x25,
	0xd5, 0x25, 0x10, 0x24, 0x8a, 0x33, 0xc7, 0x2d, 0x1f, 0x2e, 0x25, 0x2c,
	0x66, 0x31, 0x1e, 0x2c, 0x81, 0x2c, 0x07, 0x2a, 0x37, 0x2f, 0x56, 0x2a,
	0xb1, 0x2a, 0x24, 0x28, 0x55, 0x2d, 0x01, 0x29, 0x68, 0x29, 0xd0, 0x26,
	0x08, 0x37, 0x40, 0x30, 0xae, 0x30, 0x5f, 0x2e, 0x65, 0x35, 0xee, 0x2e,
	0x58, 0x2f, 0xa5, 0x2c, 0xe5, 0x33, 0x7c, 0x2d, 0x27, 0x2e, 0xef, 0x2a,
	0x32, 0x32, 0x51, 0x2c, 0xdf, 0x2c, 0x93, 0x29, 0xa6, 0x3a, 0xf8, 0x32,
	0xa1, 0x33, 0xc1, 0x30, 0xec, 0x38, 0x61, 0x31, 0x03, 0x32, 0xb0, 0x2e,
	0x8e, 0x37, 0x15, 0x30, 0xc1, 0x30, 0x4b, 0x2d, 0x41, 0x36, 0x33, 0x2f,
	0xf9, 0x2f, 0x14, 0x2c, 0xa6, 0x40, 0xd7, 0x37, 0x75, 0x38, 0xc7, 0x34,
	0x3f, 0x3e, 0xb1, 0x35, 0x7a, 0x36, 0x6b, 0x32, 0xc8, 0x3c, 0x26, 0x34,
	0xce, 0x34, 0x62, 0x30, 0x0e, 0x3b, 0x09, 0x33, 0xba, 0x33, 0x81, 0x2f,
	0x7b, 0x39, 0x71, 0x32, 0xec, 0x32, 0x45, 0x2f, 0xec, 0x38, 0x03, 0x32,
	0x95, 0x32, 0xf9, 0x2e, 0x4e, 0x38, 0xc0, 0x31, 0x58, 0x32, 0xb4, 0x2e,
	0xc6, 0x37, 0x52, 0x31, 0x14, 0x32, 0x55, 0x2e, 0x7f, 0x35, 0x2e, 0x2f,
	0x94, 0x2f, 0x78, 0x2c, 0x83, 0x34, 0x82, 0x2e, 0x0d, 0x2f, 0xee, 0x2b,
	0x04, 0x34, 0x0c, 0x2e, 0xa3, 0x2e, 0x8c, 0x2b, 0xa2, 0x33, 0xc9, 0x2d,
	0x64, 0x2e, 0x56, 0x2b, 0xa3, 0x31, 0x0f, 0x2c, 0x90, 0x2c, 0x83, 0x29,
	0x8b, 0x30, 0x2a, 0x2b, 0xa9, 0x2b, 0xbd, 0x28, 0x94, 0x2f, 0x7d, 0x2a,
	0xfc, 0x2a, 0x30, 0x28, 0xec, 0x2e, 0x12, 0x2a, 0x9e, 0x2a, 0xde, 0x27,
	0xf2, 0x2c, 0x52, 0x28, 0xbd, 0x28, 0x21, 0x26, 0xd7, 0x2b, 0x74, 0x27,
	0xb6, 0x27, 0x5d, 0x25, 0xd3, 0x2a, 0xa9, 0x26, 0x1b, 0x27, 0xb8, 0x24,
	0x91, 0x2a, 0x89, 0x26, 0xd3, 0x26, 0x79, 0x24, 0xbd, 0x28, 0xfd, 0x24,
	0x3f, 0x25, 0x16, 0x23, 0x99, 0x27, 0x12, 0x24, 0x53, 0x24, 0x47, 0x22,
	0xa0, 0x26, 0x68, 0x23, 0x93, 0x23, 0x9f, 0x21, 0x2b, 0x26, 0xef, 0x22,
	0x3d, 0x23, 0x3b, 0x21, 0x72, 0x24, 0xae, 0x21, 0xd2, 0x21, 0x03, 0x20,
	0x58, 0x23, 0xc2, 0x20, 0xdb, 0x20, 0x12, 0x1f, 0xa6, 0x22, 0x30, 0x20,
	0x53, 0x20, 0x92, 0x1e, 0x40, 0x22, 0xd6, 0x1f, 0xf5, 0x1f, 0x21, 0x1e,
	0x80, 0x20, 0x9c, 0x1e, 0xa8, 0x1e, 0x23, 0x1d, 0x9d, 0x1f, 0xb4, 0x1d,
	0xd1, 0x1d, 0x44, 0x1c, 0x05, 0x1f, 0x1f, 0x1d, 0x31, 0x1d, 0xa5, 0x1b,
	0xac, 0x1e, 0xc1, 0x1c, 0xe4, 0x1c, 0x42, 0x1b, 0x1f, 0x1d, 0xcc, 0x1b,
	0xd3, 0x1b, 0x9e, 0x1a, 0x4a, 0x1c, 0x0e, 0x1b, 0x0e, 0x1b, 0xd6, 0x19,
	0xcc, 0x1b, 0x8e, 0x1a, 0x88, 0x1a, 0x68, 0x19, 0x79, 0x1b, 0x38, 0x1a,
	0x3a, 0x1a, 0xfe, 0x18, 0x66, 0x1a, 0x8f, 0x19, 0x91, 0x19, 0xb4, 0x18,
	0xa3, 0x19, 0xdb, 0x18, 0xd7, 0x18, 0x15, 0x18, 0x2e, 0x19, 0x82, 0x18,
	0x80, 0x18, 0xb4, 0x17, 0xef, 0x18, 0x28, 0x18, 0x1d, 0x18, 0x65, 0x17,
	0x5c, 0x18, 0xea, 0x17, 0xe2, 0x17, 0x45, 0x17, 0x77, 0x17, 0x22, 0x17,
	0x15, 0x17, 0xb4, 0x16, 0xf0, 0x16, 0xad, 0x16, 0x98, 0x16, 0x2e, 0x16,
	0xb5, 0x16, 0x51, 0x16, 0x50, 0x16, 0xf6, 0x15, 0x94, 0x16, 0x54, 0x16,
	0x44, 0x16, 0xf0, 0x15, 0xa3, 0x15, 0x90, 0x15, 0x79, 0x15, 0x3f, 0x15,
	0x00, 0x15, 0xf0, 0x14, 0xdc, 0x14, 0xbc, 0x14, 0xaa, 0x14, 0x99, 0x14,
	0x90, 0x14, 0x87, 0x14, 0x2f, 0x15, 0x07, 0x15, 0xf3, 0x14, 0xad, 0x14,
	0x38, 0x14, 0x23, 0x14, 0x1c, 0x14, 0x08, 0x14, 0x91, 0x13, 0x93, 0x13,
	0x7c, 0x13, 0x77, 0x13, 0x3b, 0x13, 0x4b, 0x13, 0x40, 0x13, 0x45, 0x13,
	0xf2, 0x13, 0xd5, 0x13, 0xc0, 0x13, 0x8e, 0x13, 0x14, 0x13, 0x0c, 0x13,
	0xf4, 0x12, 0xe4, 0x12, 0x94, 0x12, 0x96, 0x12, 0x84, 0x12, 0x76, 0x12,
	0x2e, 0x12, 0x3a, 0x12, 0x2a, 0x12, 0x30, 0x12, 0x21, 0x13, 0x03, 0x13,
	0xfa, 0x12, 0xca, 0x12, 0x4e, 0x12, 0x50, 0x12, 0x47, 0x12, 0x32, 0x12,
	0xba, 0x11, 0xba, 0x11, 0xae, 0x11, 0xab, 0x11, 0x71, 0x11, 0x7c, 0x11,
	0x6f, 0x11, 0x72, 0x11, 0x92, 0x12, 0x86, 0x12, 0x7f, 0x12, 0x50, 0x12,
	0xc5, 0x11, 0xbf, 0x11, 0xb5, 0x11, 0xa5, 0x11, 0x34, 0x11, 0x33, 0x11,
	0x2b, 0x11, 0x2f, 0x11, 0xbc, 0x10, 0xce, 0x10, 0xc2, 0x10, 0xc7, 0x10,
	0x41, 0x12, 0x31, 0x12, 0x29, 0x12, 0xfe, 0x11, 0x77, 0x11, 0x70, 0x11,
	0x6b, 0x11, 0x51, 0x11, 0xc9, 0x10, 0xc3, 0x10, 0xba, 0x10, 0xab, 0x10,
	0x75, 0x10, 0x69, 0x10, 0x67, 0x10, 0x58, 0x10, 0x34, 0x12, 0x21, 0x12,
	0x1c, 0x12, 0xee, 0x11, 0x4a, 0x11, 0x4d, 0x11, 0x48, 0x11, 0x26, 0x11,
	0xae, 0x10, 0xaa, 0x10, 0xa9, 0x10, 0x7c, 0x10, 0x4d, 0x10, 0x3b, 0x10,
	0x33, 0x10, 0x14, 0x10, 0x4c, 0x12, 0x42, 0x12, 0x3a, 0x12, 0x06, 0x12,
	0x66, 0x11, 0x67, 0x11, 0x64, 0x11, 0x35, 0x11, 0xc5, 0x10, 0xcd, 0x10,
	0xd3, 0x10, 0x9f, 0x10, 0x81, 0x10, 0x6c, 0x10, 0x70, 0x10, 0x3b, 0x10,
	0xab, 0x12, 0x85, 0x12, 0x8a, 0x12, 0x2f, 0x12, 0xd7, 0x11, 0xd4, 0x11,
	0xd8, 0x11, 0x9e, 0x11, 0x24, 0x11, 0x30, 0x11, 0x36, 0x11, 0xf7, 0x10,
	0xcf, 0x10, 0xd3, 0x10, 0xd2, 0x10, 0xa6, 0x10, 0x5c, 0x13, 0x0f, 0x13,
	0x0f, 0x13, 0x82, 0x12, 0x82, 0x12, 0x55, 0x12, 0x57, 0x12, 0xed, 0x11,
	0xe5, 0x11, 0xdb, 0x11, 0xdb, 0x11, 0x8e, 0x11, 0x8a, 0x11, 0x7d, 0x11,
	0x80, 0x11, 0x33, 0x11, 0x69, 0x14, 0xdf, 0x13, 0xe0, 0x13, 0x11, 0x13,
	0x8e, 0x13, 0x19, 0x13, 0x1f, 0x13, 0x68, 0x12, 0xd7, 0x12, 0x90, 0x12,
	0x95, 0x12, 0xfe, 0x11, 0x8d, 0x12, 0x58, 0x12, 0x57, 0x12, 0xe4, 0x11,
	0xbe, 0x15, 0x05, 0x15, 0x06, 0x15, 0xfe, 0x13, 0xce, 0x14, 0x2b, 0x14,
	0x31, 0x14, 0x32, 0x13, 0x1d, 0x14, 0x9a, 0x13, 0xa3, 0x13, 0xba, 0x12,
	0xbf, 0x13, 0x50, 0x13, 0x56, 0x13, 0x88, 0x12, 0x1f, 0x17, 0x62, 0x16,
	0x65, 0x16, 0x46, 0x15, 0x4d, 0x16, 0x89, 0x15, 0x92, 0x15, 0x67, 0x14,
	0x95, 0x15, 0xee, 0x14, 0xf6, 0x14, 0xcf, 0x13, 0x2d, 0x15, 0x9f, 0x14,
	0xb3, 0x14, 0x87, 0x13, 0xa7, 0x18, 0xd8, 0x17, 0xe6, 0x17, 0x93, 0x16,
	0xe4, 0x17, 0x29, 0x17, 0x2d, 0x17, 0xc9, 0x15, 0x2a, 0x17, 0x74, 0x16,
	0x88, 0x16, 0x22, 0x15, 0xd3, 0x16, 0x42, 0x16, 0x4a, 0x16, 0xe1, 0x14,
	0x8e, 0x1a, 0x7d, 0x19, 0x89, 0x19, 0x1e, 0x18, 0x93, 0x19, 0xb2, 0x18,
	0xc8, 0x18, 0x3f, 0x17, 0x15, 0x19, 0x47, 0x18, 0x56, 0x18, 0xa0, 0x16,
	0xa3, 0x18, 0xf9, 0x17, 0x09, 0x18, 0x7a, 0x16, 0xe8, 0x1c, 0x99, 0x1b,
	0xaf, 0x1b, 0x2c, 0x1a, 0xcd, 0x1b, 0xb9, 0x1a, 0xd0, 0x1a, 0x26, 0x19,
	0x38, 0x1b, 0x17, 0x1a, 0x39, 0x1a, 0x66, 0x18, 0xea, 0x1a, 0xdb, 0x19,
	0xf7, 0x19, 0x47, 0x18, 0xd7, 0x1f, 0x32, 0x1e, 0x5a, 0x1e, 0xda, 0x1c,
	0xa2, 0x1e, 0x3e, 0x1d, 0x59, 0x1d, 0xb5, 0x1b, 0x07, 0x1e, 0x98, 0x1c,
	0xc4, 0x1c, 0xfb, 0x1a, 0xa2, 0x1d, 0x3b, 0x1c, 0x5d, 0x1c, 0x96, 0x1a,
	0x3d, 0x23, 0x43, 0x21, 0x87, 0x21, 0xe2, 0x1f, 0x14, 0x22, 0x49, 0x20,
	0x87, 0x20, 0xce, 0x1e, 0x3f, 0x21, 0x91, 0x1f, 0xdb, 0x1f, 0xea, 0x1d,
	0x0a, 0x21, 0x3c, 0x1f, 0x7e, 0x1f, 0x63, 0x1d, 0x0a, 0x27, 0x55, 0x24,
	0x9e, 0x24, 0xde, 0x22, 0xf7, 0x25, 0x90, 0x23, 0xde, 0x23, 0xc3, 0x21,
	0x1e, 0x25, 0xbc, 0x22, 0x17, 0x23, 0xdd, 0x20, 0xc1, 0x24, 0x5b, 0x22,
	0xd5, 0x22, 0x37, 0x20, 0xcb, 0x2b, 0xb9, 0x27, 0x30, 0x28, 0xa4, 0x25,
	0x93, 0x2a, 0xc5, 0x26, 0x4d, 0x27, 0x83, 0x24, 0xae, 0x29, 0x1c, 0x26,
	0xbe, 0x26, 0x8b, 0x23, 0x25, 0x29, 0xa8, 0x25, 0x42, 0x26, 0x09, 0x23,
	0xde, 0x30, 0x5e, 0x2b, 0x0c, 0x2c, 0x79, 0x28, 0x9c, 0x2f, 0x5b, 0x2a,
	0x06, 0x2b, 0x4c, 0x27, 0x8b, 0x2e, 0x8f, 0x29, 0x47, 0x2a, 0x5b, 0x26,
	0x10, 0x2e, 0x67, 0x29, 0x26, 0x2a, 0x1b, 0x26, 0x02, 0x35, 0x61, 0x2e,
	0x24, 0x2f, 0x22, 0x2b, 0xd1, 0x33, 0x9a, 0x2d, 0x7e, 0x2e, 0xe0, 0x29,
	0x0d, 0x33, 0x1f, 0x2d, 0x17, 0x2e, 0x7f, 0x29, 0x97, 0x32, 0xdd, 0x2c,
	0xe3, 0x2d, 0x80, 0x29, 0xd1, 0x39, 0x08, 0x32, 0xea, 0x32, 0x16, 0x2e,
	0x83, 0x38, 0x5e, 0x31, 0x41, 0x32, 0x3b, 0x2d, 0xdb, 0x37, 0xca, 0x30,
	0xb8, 0x31, 0x8a, 0x2c, 0xb9, 0x37, 0xaf, 0x30, 0xdf, 0x31, 0x78, 0x2c,
	0x3e, 0x37, 0xec, 0x30, 0x9e, 0x31, 0xc4, 0x2d, 0x28, 0x37, 0x23, 0x31,
	0x13, 0x32, 0x24, 0x2e, 0xb0, 0x37, 0x7d, 0x31, 0x41, 0x32, 0xa4, 0x2e,
	0xbf, 0x37, 0xd3, 0x31, 0x87, 0x32, 0xe3, 0x2e, 0x4d, 0x33, 0x9a, 0x2d,
	0x40, 0x2e, 0x73, 0x2b, 0x3d, 0x33, 0xa1, 0x2d, 0x4b, 0x2e, 0x5c, 0x2b,
	0x6e, 0x33, 0xdd, 0x2d, 0xa2, 0x2e, 0xa6, 0x2b, 0xee, 0x33, 0x61, 0x2e,
	0x30, 0x2f, 0x2c, 0x2c, 0x0d, 0x2f, 0x2f, 0x2a, 0x93, 0x2a, 0xfd, 0x27,
	0xf2, 0x2e, 0x1a, 0x2a, 0xcd, 0x2a, 0x15, 0x28, 0x2e, 0x2f, 0x60, 0x2a,
	0xf1, 0x2a, 0x3f, 0x28, 0x09, 0x30, 0x39, 0x2b, 0xe4, 0x2b, 0x09, 0x29,
	0x3a, 0x2a, 0x3d, 0x26, 0xac, 0x26, 0x55, 0x24, 0x5b, 0x2a, 0x6c, 0x26,
	0xd5, 0x26, 0x79, 0x24, 0xc1, 0x2a, 0xc3, 0x26, 0x3c, 0x27, 0xe2, 0x24,
	0xba, 0x2b, 0x7f, 0x27, 0x1c, 0x28, 0xa3, 0x25, 0x09, 0x26, 0xe5, 0x22,
	0x1c, 0x23, 0x19, 0x21, 0x3a, 0x26, 0x00, 0x23, 0x5a, 0x23, 0x4b, 0x21,
	0xc7, 0x26, 0x75, 0x23, 0xc4, 0x23, 0x9c, 0x21, 0x99, 0x27, 0x22, 0x24,
	0x86, 0x24, 0x45, 0x22, 0x22, 0x22, 0xb6, 0x1f, 0xe5, 0x1f, 0x15, 0x1e,
	0x36, 0x22, 0xc3, 0x1f, 0xf5, 0x1f, 0x17, 0x1e, 0xfb, 0x22, 0x54, 0x20,
	0x6c, 0x20, 0x94, 0x1e, 0xf1, 0x23, 0x06, 0x21, 0x4b, 0x21, 0x4b, 0x1f,
	0x55, 0x1e, 0x94, 0x1c, 0xa3, 0x1c, 0x1d, 0x1b, 0xc6, 0x1e, 0xd8, 0x1c,
	0xf8, 0x1c, 0x5b, 0x1b, 0x39, 0x1f, 0x35, 0x1d, 0x62, 0x1d, 0xb4, 0x1b,
	0x4e, 0x20, 0x16, 0x1e, 0x32, 0x1e, 0x7c, 0x1c, 0x71, 0x1b, 0x14, 0x1a,
	0x22, 0x1a, 0xee, 0x18, 0x8b, 0x1b, 0x3c, 0x1a, 0x50, 0x1a, 0x2a, 0x19,
	0x08, 0x1c, 0xaa, 0x1a, 0xbc, 0x1a, 0x93, 0x19, 0xd5, 0x1c, 0x41, 0x1b,
	0x5f, 0x1b, 0x00, 0x1a, 0xf2, 0x18, 0x1f, 0x18, 0x1d, 0x18, 0x4c, 0x17,
	0x0e, 0x19, 0x38, 0x18, 0x36, 0x18, 0x81, 0x17, 0x64, 0x19, 0x91, 0x18,
	0xa3, 0x18, 0xe9, 0x17, 0x1b, 0x1a, 0x28, 0x19, 0x38, 0x19, 0x67, 0x18,
	0xad, 0x16, 0x46, 0x16, 0x30, 0x16, 0xd4, 0x15, 0xef, 0x16, 0x5d, 0x16,
	0x5c, 0x16, 0xf4, 0x15, 0x56, 0x17, 0xc6, 0x16, 0xbd, 0x16, 0x49, 0x16,
	0xf8, 0x17, 0x5f, 0x17, 0x6c, 0x17, 0xd6, 0x16, 0xb3, 0x14, 0x91, 0x14,
	0x88, 0x14, 0x7e, 0x14, 0xf7, 0x14, 0xab, 0x14, 0xa0, 0x14, 0x6a, 0x14,
	0x81, 0x15, 0x13, 0x15, 0x0a, 0x15, 0xb8, 0x14, 0x28, 0x16, 0xae, 0x15,
	0xa7, 0x15, 0x47, 0x15, 0x22, 0x13, 0x2e, 0x13, 0x1e, 0x13, 0x39, 0x13,
	0x68, 0x13, 0x51, 0x13, 0x46, 0x13, 0x3e, 0x13, 0xec, 0x13, 0xa1, 0x13,
	0x95, 0x13, 0x5c, 0x13, 0xac, 0x14, 0x44, 0x14, 0x43, 0x14, 0xf4, 0x13,
	0x19, 0x12, 0x33, 0x12, 0x1d, 0x12, 0x32, 0x12, 0x33, 0x12, 0x40, 0x12,
	0x31, 0x12, 0x42, 0x12, 0xbb, 0x12, 0x93, 0x12, 0x8d, 0x12, 0x73, 0x12,
	0x70, 0x13, 0x26, 0x13, 0x1f, 0x13, 0xe6, 0x12, 0x24, 0x11, 0x4d, 0x11,
	0x45, 0x11, 0x55, 0x11, 0x52, 0x11, 0x81, 0x11, 0x77, 0x11, 0x98, 0x11,
	0xbb, 0x11, 0xcb, 0x11, 0xc5, 0x11, 0xc9, 0x11, 0x7a, 0x12, 0x58, 0x12,
	0x55, 0x12, 0x23, 0x12, 0x8f, 0x10, 0xb7, 0x10, 0xa9, 0x10, 0xc8, 0x10,
	0xa4, 0x10, 0xe5, 0x10, 0xd9, 0x10, 0x00, 0x11, 0x13, 0x11, 0x44, 0x11,
	0x3d, 0x11, 0x52, 0x11, 0xd1, 0x11, 0xd1, 0x11, 0xd2, 0x11, 0xba, 0x11,
	0x3d, 0x10, 0x49, 0x10, 0x3d, 0x10, 0x40, 0x10, 0x44, 0x10, 0x62, 0x10,
	0x5c, 0x10, 0x7d, 0x10, 0xa8, 0x10, 0xd1, 0x10, 0xd4, 0x10, 0xdb, 0x10,
	0x6a, 0x11, 0x7a, 0x11, 0x7e, 0x11, 0x66, 0x11, 0x23, 0x10, 0x12, 0x10,
	0x12, 0x10, 0x00, 0x10, 0x3c, 0x10, 0x41, 0x10, 0x3e, 0x10, 0x38, 0x10,
	0x99, 0x10, 0xa9, 0x10, 0xb4, 0x10, 0xae, 0x10, 0x4e, 0x11, 0x55, 0x11,
	0x57, 0x11, 0x47, 0x11, 0x4d, 0x10, 0x3d, 0x10, 0x38, 0x10, 0x25, 0x10,
	0x6d, 0x10, 0x65, 0x10, 0x65, 0x10, 0x54, 0x10, 0xcb, 0x10, 0xce, 0x10,
	0xd1, 0x10, 0xb6, 0x10, 0x7b, 0x11, 0x7e, 0x11, 0x88, 0x11, 0x5d, 0x11,
	0xbc, 0x10, 0xb9, 0x10, 0xb7, 0x10, 0x94, 0x10, 0xe2, 0x10, 0xd3, 0x10,
	0xdb, 0x10, 0xa9, 0x10, 0x45, 0x11, 0x3c, 0x11, 0x40, 0x11, 0xff, 0x10,
	0xed, 0x11, 0xc6, 0x11, 0xcd, 0x11, 0x81, 0x11, 0x7e, 0x11, 0x61, 0x11,
	0x62, 0x11, 0x18, 0x11, 0xa4, 0x11, 0x83, 0x11, 0x82, 0x11, 0x33, 0x11,
	0x09, 0x12, 0xd7, 0x11, 0xe2, 0x11, 0x78, 0x11, 0xa6, 0x12, 0x60, 0x12,
	0x6d, 0x12, 0xe5, 0x11, 0x7a, 0x12, 0x3a, 0x12, 0x3e, 0x12, 0xbd, 0x11,
	0xa2, 0x12, 0x5b, 0x12, 0x5f, 0x12, 0xc7, 0x11, 0xfd, 0x12, 0xae, 0x12,
	0xba, 0x12, 0x0b, 0x12, 0x92, 0x13, 0x29, 0x13, 0x36, 0x13, 0x76, 0x12,
	0x93, 0x13, 0x3b, 0x13, 0x44, 0x13, 0x6e, 0x12, 0xb2, 0x13, 0x5c, 0x13,
	0x60, 0x13, 0x8c, 0x12, 0x1e, 0x14, 0xbd, 0x13, 0xc9, 0x13, 0xe9, 0x12,
	0xd3, 0x14, 0x5a, 0x14, 0x6b, 0x14, 0x59, 0x13, 0xee, 0x14, 0x82, 0x14,
	0x8d, 0x14, 0x62, 0x13, 0x25, 0x15, 0xbd, 0x14, 0xcf, 0x14, 0x98, 0x13,
	0xa0, 0x15, 0x17, 0x15, 0x28, 0x15, 0xea, 0x13, 0x67, 0x16, 0xbd, 0x15,
	0xd4, 0x15, 0x84, 0x14, 0xba, 0x16, 0x2e, 0x16, 0x41, 0x16, 0xcd, 0x14,
	0xe5, 0x16, 0x45, 0x16, 0x5a, 0x16, 0xdf, 0x14, 0x83, 0x17, 0xb9, 0x16,
	0xda, 0x16, 0x3d, 0x15, 0x23, 0x18, 0x4d, 0x17, 0x6c, 0x17, 0xbf, 0x15,
	0x87, 0x18, 0xde, 0x17, 0x00, 0x18, 0x6d, 0x16, 0xc2, 0x18, 0x06, 0x18,
	0x22, 0x18, 0x7d, 0x16, 0x45, 0x19, 0x54, 0x18, 0x7b, 0x18, 0xbb, 0x16,
	0xff, 0x19, 0xf8, 0x18, 0x1f, 0x19, 0x2a, 0x17, 0xcc, 0x1a, 0xcd, 0x19,
	0xe9, 0x19, 0x47, 0x18, 0xfc, 0x1a, 0xe8, 0x19, 0x0e, 0x1a, 0x5c, 0x18,
	0x71, 0x1b, 0x58, 0x1a, 0x8c, 0x1a, 0xaa, 0x18, 0x38, 0x1c, 0x0e, 0x1b,
	0x38, 0x1b, 0x38, 0x19, 0xa2, 0x1d, 0x30, 0x1c, 0x55, 0x1c, 0x7f, 0x1a,
	0xf0, 0x1d, 0x59, 0x1c, 0x8d, 0x1c, 0xa3, 0x1a, 0x66, 0x1e, 0xe8, 0x1c,
	0x2b, 0x1d, 0x1a, 0x1b, 0x60, 0x1f, 0xa3, 0x1d, 0xe3, 0x1d, 0xbf, 0x1b,
	0xfa, 0x20, 0x2c, 0x1f, 0x73, 0x1f, 0x2b, 0x1d, 0x3f, 0x21, 0x5a, 0x1f,
	0xa4, 0x1f, 0x6c, 0x1d, 0xda, 0x21, 0xd4, 0x1f, 0x28, 0x20, 0xe1, 0x1d,
	0xca, 0x22, 0x8d, 0x20, 0xe0, 0x20, 0x9a, 0x1e, 0x8e, 0x24, 0x33, 0x22,
	0x98, 0x22, 0xeb, 0x1f, 0xd0, 0x24, 0x66, 0x22, 0xd4, 0x22, 0x3e, 0x20,
	0x6b, 0x25, 0xf1, 0x22, 0x75, 0x23, 0xd8, 0x20, 0x49, 0x26, 0x89, 0x23,
	0x20, 0x24, 0x7e, 0x21, 0xf8, 0x28, 0xa5, 0x25, 0x40, 0x26, 0x00, 0x23,
	0x1d, 0x29, 0xbe, 0x25, 0x58, 0x26, 0x24, 0x23, 0xaf, 0x29, 0x34, 0x26,
	0xef, 0x26, 0xa0, 0x23, 0x9b, 0x2a, 0xe1, 0x26, 0xab, 0x27, 0x66, 0x24,
	0xd1, 0x2d, 0x53, 0x29, 0x28, 0x2a, 0x22, 0x26, 0x0c, 0x2e, 0x6a, 0x29,
	0x5c, 0x2a, 0x60, 0x26, 0x7d, 0x2e, 0xec, 0x29, 0xc7, 0x2a, 0xc3, 0x26,
	0xb6, 0x2f, 0x8a, 0x2a, 0x7b, 0x2b, 0x57, 0x27, 0x6b, 0x32, 0xc4, 0x2c,
	0xe0, 0x2d, 0x41, 0x29, 0x81, 0x32, 0x1d, 0x2d, 0x17, 0x2e, 0x77, 0x29,
	0xf1, 0x32, 0x55, 0x2d, 0x84, 0x2e, 0xcb, 0x29, 0x02, 0x34, 0xee, 0x2d,
	0x1a, 0x2f, 0x66, 0x2a, 0x59, 0x37, 0xc1, 0x30, 0xe9, 0x31, 0x4d, 0x2c,
	0x69, 0x37, 0xb7, 0x30, 0x07, 0x32, 0x77, 0x2c, 0xcb, 0x37, 0x1d, 0x31,
	0x7e, 0x32, 0x05, 0x2d, 0xa3, 0x38, 0x8f, 0x31, 0xc3, 0x32, 0xdf, 0x2d,
	0xb7, 0x38, 0x73, 0x32, 0x25, 0x33, 0x91, 0x2f, 0xce, 0x39, 0x2d, 0x33,
	0x37, 0x34, 0x30, 0x30, 0x4b, 0x3b, 0x67, 0x34, 0x54, 0x35, 0x75, 0x31,
	0xfc, 0x3c, 0xe2, 0x35, 0xa0, 0x36, 0xd4, 0x32, 0xaa, 0x34, 0xfd, 0x2e,
	0xd3, 0x2f, 0xc4, 0x2c, 0x5b, 0x35, 0xa2, 0x2f, 0x44, 0x30, 0x1a, 0x2d,
	0xb8, 0x36, 0x88, 0x30, 0x5a, 0x31, 0x23, 0x2e, 0x59, 0x38, 0xcb, 0x31,
	0x94, 0x32, 0x1a, 0x2f, 0x02, 0x31, 0x32, 0x2c, 0xc8, 0x2c, 0xdb, 0x29,
	0x3d, 0x32, 0xfc, 0x2c, 0xa7, 0x2d, 0x97, 0x2a, 0x6d, 0x33, 0xf1, 0x2d,
	0x98, 0x2e, 0x56, 0x2b, 0x28, 0x35, 0x36, 0x2f, 0xd8, 0x2f, 0x62, 0x2c,
	0xee, 0x2c, 0x85, 0x28, 0x12, 0x29, 0x7f, 0x26, 0x55, 0x2e, 0xbf, 0x29,
	0x46, 0x2a, 0x8e, 0x27, 0xff, 0x2f, 0xfe, 0x2a, 0x8a, 0x2b, 0x95, 0x28,
	0x3c, 0x32, 0xb6, 0x2c, 0x51, 0x2d, 0x10, 0x2a, 0xff, 0x28, 0x2e, 0x25,
	0x8e, 0x25, 0x4d, 0x23, 0x7c, 0x2a, 0x57, 0x26, 0xb4, 0x26, 0x35, 0x24,
	0x43, 0x2c, 0xce, 0x27, 0x29, 0x28, 0x68, 0x25, 0x89, 0x2e, 0x87, 0x29,
	0x02, 0x2a, 0xee, 0x26, 0x52, 0x25, 0x12, 0x22, 0x6b, 0x22, 0x39, 0x20,
	0xee, 0x26, 0x46, 0x23, 0x90, 0x23, 0x4b, 0x21, 0x80, 0x28, 0x92, 0x24,
	0xda, 0x24, 0x53, 0x22, 0xfe, 0x2a, 0x7f, 0x26, 0xcb, 0x26, 0xe5, 0x23,
	0xbc, 0x21, 0x10, 0x1f, 0x4b, 0x1f, 0x60, 0x1d, 0xa6, 0x23, 0x7e, 0x20,
	0xa8, 0x20, 0x7a, 0x1e, 0x84, 0x25, 0xfd, 0x21, 0x29, 0x22, 0xd5, 0x1f,
	0xad, 0x27, 0xcb, 0x23, 0x0f, 0x24, 0x61, 0x21, 0x55, 0x1e, 0x48, 0x1c,
	0x72, 0x1c, 0xdd, 0x1a, 0xf7, 0x1f, 0x98, 0x1d, 0xc3, 0x1d, 0xf2, 0x1b,
	0x23, 0x22, 0x47, 0x1f, 0x54, 0x1f, 0x3f, 0x1d, 0x91, 0x24, 0x2c, 0x21,
	0x63, 0x21, 0x1b, 0x1f, 0x49, 0x1b, 0x09, 0x1a, 0x0d, 0x1a, 0x04, 0x19,
	0xf8, 0x1c, 0x33, 0x1b, 0x48, 0x1b, 0xf4, 0x19, 0xfd, 0x1e, 0xc8, 0x1c,
	0xe1, 0x1c, 0x47, 0x1b, 0x4d, 0x21, 0xac, 0x1e, 0xba, 0x1e, 0xd7, 0x1c,
	0x0a, 0x19, 0x1a, 0x18, 0x29, 0x18, 0x69, 0x17, 0x7f, 0x1a, 0x40, 0x19,
	0x40, 0x19, 0x3c, 0x18, 0x51, 0x1c, 0x91, 0x1a, 0xa2, 0x1a, 0x4d, 0x19,
	0x83, 0x1e, 0x52, 0x1c, 0x4e, 0x1c, 0xcb, 0x1a, 0x3c, 0x17, 0x94, 0x16,
	0x92, 0x16, 0x11, 0x16, 0x86, 0x18, 0x8c, 0x17, 0x86, 0x17, 0xaa, 0x16,
	0x48, 0x1a, 0xd7, 0x18, 0xcd, 0x18, 0xb5, 0x17, 0x5b, 0x1c, 0x7d, 0x1a,
	0x84, 0x1a, 0x07, 0x19, 0x97, 0x15, 0x1e, 0x15, 0x1c, 0x15, 0xbc, 0x14,
	0x03, 0x17, 0x47, 0x16, 0x44, 0x16, 0xac, 0x15, 0xac, 0x18, 0x92, 0x17,
	0x90, 0x17, 0x99, 0x16, 0xa8, 0x1a, 0x1d, 0x19, 0x12, 0x19, 0xbc, 0x17,
	0x3d, 0x14, 0xfd, 0x13, 0xf1, 0x13, 0xb3, 0x13, 0xa8, 0x15, 0x38, 0x15,
	0x26, 0x15, 0xaa, 0x14, 0x67, 0x17, 0x8f, 0x16, 0x88, 0x16, 0xb9, 0x15,
	0x75, 0x19, 0x20, 0x18, 0x0e, 0x18, 0xd7, 0x16, 0x61, 0x13, 0x28, 0x13,
	0x28, 0x13, 0xf2, 0x12, 0x98, 0x14, 0x36, 0x14, 0x3a, 0x14, 0xcb, 0x13,
	0x62, 0x16, 0xb0, 0x15, 0xae, 0x15, 0xee, 0x14, 0x7c, 0x18, 0x42, 0x17,
	0x3f, 0x17, 0x15, 0x16, 0xc0, 0x12, 0x9d, 0x12, 0x99, 0x12, 0x5a, 0x12,
	0x04, 0x14, 0xab, 0x13, 0xb0, 0x13, 0x48, 0x13, 0xb8, 0x15, 0x04, 0x15,
	0x06, 0x15, 0x52, 0x14, 0xee, 0x17, 0xcb, 0x16, 0xc6, 0x16, 0xa1, 0x15,
	0x5a, 0x12, 0x43, 0x12, 0x48, 0x12, 0x15, 0x12, 0xac, 0x13, 0x52, 0x13,
	0x54, 0x13, 0xef, 0x12, 0x57, 0x15, 0xa3, 0x14, 0xa7, 0x14, 0xe6, 0x13,
	0x83, 0x17, 0x71, 0x16, 0x79, 0x16, 0x53, 0x15, 0x4b, 0x12, 0x34, 0x12,
	0x3c, 0x12, 0x09, 0x12, 0x8c, 0x13, 0x32, 0x13, 0x3a, 0x13, 0xb9, 0x12,
	0x31, 0x15, 0x84, 0x14, 0x8d, 0x14, 0xb9, 0x13, 0x83, 0x17, 0x78, 0x16,
	0x7c, 0x16, 0x53, 0x15, 0x69, 0x12, 0x46, 0x12, 0x4b, 0x12, 0x05, 0x12,
	0xc1, 0x13, 0x54, 0x13, 0x59, 0x13, 0xd2, 0x12, 0x5c, 0x15, 0x9e, 0x14,
	0xae, 0x14, 0xce, 0x13, 0x7c, 0x17, 0x7a, 0x16, 0x8b, 0x16, 0x63, 0x15,
	0xde, 0x12, 0x9c, 0x12, 0xa2, 0x12, 0x33, 0x12, 0x1c, 0x14, 0x9b, 0x13,
	0xa6, 0x13, 0xee, 0x12, 0xe1, 0x15, 0x11, 0x15, 0x21, 0x15, 0x23, 0x14,
	0xe5, 0x17, 0xd9, 0x16, 0xe5, 0x16, 0x99, 0x15, 0x94, 0x13, 0x1f, 0x13,
	0x2c, 0x13, 0x7e, 0x12, 0x02, 0x15, 0x50, 0x14, 0x5c, 0x14, 0x6d, 0x13,
	0xa1, 0x16, 0xaf, 0x15, 0xbb, 0x15, 0x86, 0x14, 0x90, 0x18, 0x56, 0x17,
	0x69, 0x17, 0xdf, 0x15, 0x85, 0x14, 0xf7, 0x13, 0x09, 0x14, 0x1f, 0x13,
	0xf7, 0x15, 0x20, 0x15, 0x37, 0x15, 0x0b, 0x14, 0xa2, 0x17, 0x7f, 0x16,
	0x9d, 0x16, 0x04, 0x15, 0x6d, 0x19, 0x1d, 0x18, 0x1a, 0x18, 0x56, 0x16,
	0xd3, 0x15, 0x1c, 0x15, 0x42, 0x15, 0x0f, 0x14, 0x30, 0x17, 0x4a, 0x16,
	0x5e, 0x16, 0xf0, 0x14, 0xdf, 0x18, 0x97, 0x17, 0xab, 0x17, 0xf0, 0x15,
	0xaa, 0x1a, 0x19, 0x19, 0x31, 0x19, 0x1c, 0x17, 0x61, 0x17, 0x92, 0x16,
	0xb5, 0x16, 0x4c, 0x15, 0x99, 0x18, 0x97, 0x17, 0xaa, 0x17, 0x13, 0x16,
	0x2b, 0x1a, 0xd4, 0x18, 0xed, 0x18, 0x0f, 0x17, 0x1b, 0x1c, 0x5f, 0x1a,
	0x78, 0x1a, 0x42, 0x18, 0x22, 0x19, 0x20, 0x18, 0x47, 0x18, 0x86, 0x16,
	0x5a, 0x1a, 0x27, 0x19, 0x50, 0x19, 0x70, 0x17, 0x01, 0x1c, 0x61, 0x1a,
	0x84, 0x1a, 0x6f, 0x18, 0x34, 0x1e, 0x2d, 0x1c, 0x57, 0x1c, 0xf8, 0x19,
	0x02, 0x1b, 0xd6, 0x19, 0xfa, 0x19, 0xf5, 0x17, 0x7e, 0x1c, 0xf6, 0x1a,
	0x1b, 0x1b, 0xf7, 0x18, 0x69, 0x1e, 0x7b, 0x1c, 0xb3, 0x1c, 0x68, 0x1a,
	0xbf, 0x20, 0x57, 0x1e, 0x93, 0x1e, 0xeb, 0x1b, 0x69, 0x1d, 0xf6, 0x1b,
	0x29, 0x1c, 0x0c, 0x1a, 0x22, 0x1f, 0x3a, 0x1d, 0x87, 0x1d, 0x37, 0x1b,
	0x48, 0x21, 0xf2, 0x1e, 0x3a, 0x1f, 0xae, 0x1c, 0xc4, 0x23, 0xce, 0x20,
	0x0f, 0x21, 0x4a, 0x1e, 0xc1, 0x20, 0xa7, 0x1e, 0xfd, 0x1e, 0xa5, 0x1c,
	0x9b, 0x22, 0x10, 0x20, 0x62, 0x20, 0x06, 0x1e, 0xca, 0x24, 0x97, 0x21,
	0x02, 0x22, 0x19, 0x1f, 0x33, 0x27, 0x87, 0x23, 0xf7, 0x23, 0xb2, 0x20,
	0x43, 0x24, 0x88, 0x21, 0xfc, 0x21, 0x83, 0x1f, 0xf7, 0x25, 0xc4, 0x22,
	0x26, 0x23, 0x97, 0x20, 0x3e, 0x28, 0x56, 0x24, 0xd2, 0x24, 0xbc, 0x21,
	0xda, 0x2a, 0x40, 0x26, 0xd0, 0x26, 0x42, 0x23, 0x9b, 0x27, 0x85, 0x24,
	0x0f, 0x25, 0x89, 0x22, 0x59, 0x29, 0x8c, 0x25, 0x3b, 0x26, 0x66, 0x23,
	0x93, 0x2b, 0x15, 0x27, 0xb3, 0x27, 0x91, 0x24, 0xb4, 0x2e, 0x60, 0x29,
	0x41, 0x2a, 0x88, 0x26, 0xff, 0x2b, 0xdf, 0x27, 0x9a, 0x28, 0x71, 0x25,
	0xc7, 0x2d, 0x0d, 0x29, 0xde, 0x29, 0xa5, 0x26, 0xc2, 0x2f, 0x75, 0x2a,
	0x5f, 0x2b, 0xc8, 0x27, 0xa1, 0x32, 0xa1, 0x2c, 0x6b, 0x2d, 0x4f, 0x29,
	0xee, 0x30, 0x6c, 0x2b, 0x8b, 0x2c, 0x7a, 0x28, 0x6b, 0x32, 0x6c, 0x2c,
	0x8f, 0x2d, 0xbe, 0x29, 0x0e, 0x34, 0x65, 0x2d, 0x5a, 0x2e, 0x96, 0x2a,
	0x5d, 0x36, 0x1e, 0x2f, 0x31, 0x30, 0x9f, 0x2b, 0x1d, 0x35, 0x7f, 0x2e,
	0xc0, 0x2f, 0x51, 0x2b, 0x20, 0x36, 0x62, 0x2f, 0x87, 0x30, 0x7e, 0x2c,
	0xca, 0x37, 0x4c, 0x30, 0x86, 0x31, 0x48, 0x2d, 0x6c, 0x3a, 0x0e, 0x32,
	0x21, 0x33, 0x5b, 0x2e, 0xac, 0x39, 0xa6, 0x32, 0xf2, 0x33, 0x18, 0x2f,
	0xe4, 0x3a, 0x6b, 0x33, 0xa6, 0x34, 0x25, 0x30, 0xfc, 0x3c, 0xd9, 0x34,
	0x2f, 0x36, 0x4e, 0x31, 0x84, 0x3f, 0x47, 0x36, 0xa2, 0x37, 0x96, 0x32,
	0x02, 0x3f, 0x78, 0x37, 0x69, 0x38, 0x72, 0x34, 0xde, 0x41, 0x21, 0x3a,
	0xd4, 0x3a, 0xc5, 0x36, 0x03, 0x45, 0xeb, 0x3c, 0xa7, 0x3d, 0x48, 0x39,
	0x5e, 0x48, 0xf1, 0x3f, 0x05, 0x41, 0x28, 0x3c, 0x64, 0x3a, 0x86, 0x33,
	0x2a, 0x34, 0xa2, 0x30, 0x79, 0x3c, 0x6d, 0x35, 0x19, 0x36, 0x00, 0x32,
	0x6e, 0x3f, 0xff, 0x37, 0xc0, 0x38, 0x64, 0x34, 0xa4, 0x42, 0xdc, 0x3a,
	0x57, 0x3b, 0xf9, 0x36, 0x0a, 0x37, 0xa7, 0x30, 0x59, 0x31, 0x9c, 0x2d,
	0x14, 0x39, 0x37, 0x32, 0xfe, 0x32, 0xf5, 0x2e, 0x72, 0x3b, 0x31, 0x34,
	0xc3, 0x34, 0x9d, 0x30, 0x9b, 0x3e, 0xe9, 0x36, 0x86, 0x37, 0xf5, 0x32,
	0x35, 0x34, 0x5e, 0x2e, 0xe5, 0x2e, 0x44, 0x2b, 0x2b, 0x36, 0xb8, 0x2f,
	0x3a, 0x30, 0x59, 0x2c, 0x2a, 0x38, 0x65, 0x31, 0xf5, 0x31, 0xc0, 0x2d,
	0xf3, 0x3a, 0xbd, 0x33, 0x0d, 0x34, 0xcb, 0x2f, 0x0a, 0x31, 0xae, 0x2b,
	0x07, 0x2c, 0xa1, 0x28, 0x5c, 0x33, 0x96, 0x2d, 0x01, 0x2e, 0x32, 0x2a,
	0xdf, 0x35, 0x79, 0x2f, 0xe4, 0x2f, 0xc8, 0x2b, 0xea, 0x37, 0x5b, 0x31,
	0x9f, 0x31, 0xb1, 0x2d, 0x40, 0x2d, 0x89, 0x28, 0xd8, 0x28, 0xb2, 0x25,
	0x36, 0x30, 0xe0, 0x2a, 0x29, 0x2b, 0x93, 0x27, 0x13, 0x33, 0x46, 0x2d,
	0x81, 0x2d, 0xd3, 0x29, 0x9b, 0x35, 0x54, 0x2f, 0x8b, 0x2f, 0xce, 0x2b,
	0x44, 0x2a, 0xd5, 0x25, 0x17, 0x26, 0x25, 0x23, 0xb2, 0x2c, 0x08, 0x28,
	0x35, 0x28, 0x2c, 0x25, 0x82, 0x2f, 0x9f, 0x2a, 0xad, 0x2a, 0x50, 0x27,
	0x18, 0x33, 0x70, 0x2d, 0x7d, 0x2d, 0x38, 0x2a, 0xd3, 0x26, 0x46, 0x23,
	0x6e, 0x23, 0xf7, 0x20, 0x53, 0x29, 0x75, 0x25, 0x89, 0x25, 0xd2, 0x22,
	0x04, 0x2c, 0xea, 0x27, 0x03, 0x28, 0x16, 0x25, 0xb6, 0x2f, 0xe0, 0x2a,
	0xf4, 0x2a, 0xe7, 0x27, 0xec, 0x23, 0xf3, 0x20, 0xf8, 0x20, 0x05, 0x1f,
	0x16, 0x26, 0x1f, 0x23, 0x32, 0x23, 0x09, 0x21, 0xe5, 0x28, 0x80, 0x25,
	0x7f, 0x25, 0x44, 0x23, 0x47, 0x2c, 0x88, 0x28, 0x77, 0x28, 0xfb, 0x25,
	0xec, 0x20, 0x8e, 0x1e, 0x7f, 0x1e, 0xc8, 0x1c, 0xad, 0x23, 0x06, 0x21,
	0xfc, 0x20, 0x27, 0x1f, 0x40, 0x26, 0x9c, 0x23, 0x8b, 0x23, 0x90, 0x21,
	0xb4, 0x29, 0x83, 0x26, 0x56, 0x26, 0x31, 0x24, 0xc2, 0x1e, 0x8e, 0x1c,
	0x82, 0x1c, 0xf1, 0x1a, 0x3c, 0x21, 0x05, 0x1f, 0xf9, 0x1e, 0x29, 0x1d,
	0x24, 0x24, 0xcb, 0x21, 0xbb, 0x21, 0xe5, 0x1f, 0x7f, 0x27, 0xc0, 0x24,
	0xa1, 0x24, 0x92, 0x22, 0xfb, 0x1c, 0x02, 0x1b, 0xee, 0x1a, 0x5f, 0x19,
	0x86, 0x1f, 0x7c, 0x1d, 0x71, 0x1d, 0xb7, 0x1b, 0x6b, 0x22, 0x56, 0x20,
	0x31, 0x20, 0x63, 0x1e, 0x9c, 0x25, 0x3c, 0x23, 0x12, 0x23, 0x02, 0x21,
	0xa3, 0x1b, 0xe1, 0x19, 0xd9, 0x19, 0x3d, 0x18, 0x03, 0x1e, 0x1d, 0x1c,
	0x00, 0x1c, 0x4a, 0x1a, 0xb4, 0x20, 0xe5, 0x1e, 0xcf, 0x1e, 0x0d, 0x1d,
	0x24, 0x24, 0x01, 0x22, 0xd9, 0x21, 0xd4, 0x1f, 0xca, 0x1a, 0x23, 0x19,
	0x1b, 0x19, 0x8e, 0x17, 0xfa, 0x1c, 0x49, 0x1b, 0x33, 0x1b, 0x79, 0x19,
	0xa8, 0x1f, 0xf2, 0x1d, 0xd6, 0x1d, 0x1b, 0x1c, 0x0b, 0x23, 0x2b, 0x21,
	0x05, 0x21, 0x11, 0x1f, 0x2a, 0x1a, 0xb3, 0x18, 0xa3, 0x18, 0x25, 0x17,
	0x5a, 0x1c, 0xaa, 0x1a, 0xac, 0x1a, 0xff, 0x18, 0xee, 0x1e, 0x4e, 0x1d,
	0x30, 0x1d, 0x79, 0x1b, 0x53, 0x22, 0x94, 0x20, 0x87, 0x20, 0x89, 0x1e,
	0xed, 0x19, 0x7f, 0x18, 0x7b, 0x18, 0xfa, 0x16, 0xe2, 0x1b, 0x70, 0x1a,
	0x5a, 0x1a, 0xbd, 0x18, 0x55, 0x1e, 0xd6, 0x1c, 0xc3, 0x1c, 0x18, 0x1b,
	0xd6, 0x21, 0x26, 0x20, 0x06, 0x20, 0x21, 0x1e, 0xce, 0x19, 0x8f, 0x18,
	0x95, 0x18, 0x2d, 0x17, 0xe5, 0x1b, 0x6d, 0x1a, 0x70, 0x1a, 0xca, 0x18,
	0x27, 0x1e, 0xb3, 0x1c, 0x9f, 0x1c, 0xe5, 0x1a, 0x94, 0x21, 0xed, 0x1f,
	0xdf, 0x1f, 0xeb, 0x1d, 0xdd, 0x19, 0x9b, 0x18, 0xa9, 0x18, 0x3c, 0x17,
	0xd1, 0x1b, 0x66, 0x1a, 0x65, 0x1a, 0xb7, 0x18, 0x71, 0x1e, 0xd2, 0x1c,
	0xcd, 0x1c, 0xef, 0x1a, 0xe6, 0x21, 0x25, 0x20, 0x0a, 0x20, 0xff, 0x1d,
	0x1a, 0x1a, 0xcc, 0x18, 0xde, 0x18, 0x3e, 0x17, 0x4d, 0x1c, 0xc4, 0x1a,
	0xc9, 0x1a, 0xe5, 0x18, 0xe5, 0x1e, 0x34, 0x1d, 0x27, 0x1d, 0x19, 0x1b,
	0x66, 0x22, 0x8e, 0x20, 0x67, 0x20, 0x21, 0x1e, 0xb6, 0x1a, 0x38, 0x19,
	0x3f, 0x19, 0x75, 0x17, 0xe8, 0x1c, 0x44, 0x1b, 0x47, 0x1b, 0x2d, 0x19,
	0xca, 0x1f, 0xda, 0x1d, 0xd9, 0x1d, 0x83, 0x1b, 0x3d, 0x23, 0x24, 0x21,
	0x0c, 0x21, 0x8e, 0x1e, 0x8c, 0x1b, 0xdd, 0x19, 0xe5, 0x19, 0xc7, 0x17,
	0x0a, 0x1e, 0x19, 0x1c, 0x1f, 0x1c, 0xa3, 0x19, 0x25, 0x21, 0xe9, 0x1e,
	0xdc, 0x1e, 0x3f, 0x1c, 0x83, 0x24, 0x09, 0x22, 0xfc, 0x21, 0x3f, 0x1f,
	0xd2, 0x1c, 0xf6, 0x1a, 0xf4, 0x1a, 0xa5, 0x18, 0xb6, 0x1f, 0x59, 0x1d,
	0x67, 0x1d, 0xaf, 0x1a, 0xc0, 0x22, 0x17, 0x20, 0x2f, 0x20, 0x3e, 0x1d,
	0x38, 0x26, 0x33, 0x23, 0x23, 0x23, 0xf8, 0x1f, 0xa6, 0x1e, 0x72, 0x1c,
	0x93, 0x1c, 0x1a, 0x1a, 0x97, 0x21, 0xe3, 0x1e, 0xf5, 0x1e, 0x19, 0x1c,
	0xeb, 0x24, 0xd9, 0x21, 0xe4, 0x21, 0xbc, 0x1e, 0x13, 0x28, 0xa8, 0x24,
	0xa2, 0x24, 0x63, 0x21, 0xfd, 0x20, 0x5e, 0x1e, 0x82, 0x1e, 0xd3, 0x1b,
	0xfc, 0x23, 0xed, 0x20, 0x12, 0x21, 0x09, 0x1e, 0xf1, 0x26, 0x6a, 0x23,
	0x8a, 0x23, 0x3d, 0x20, 0x60, 0x2a, 0x5d, 0x26, 0x64, 0x26, 0xf6, 0x22,
	0x8c, 0x23, 0x8b, 0x20, 0xc9, 0x20, 0x04, 0x1e, 0x5f, 0x26, 0xe5, 0x22,
	0x0e, 0x23, 0xef, 0x1f, 0x74, 0x29, 0x5e, 0x25, 0x8c, 0x25, 0x29, 0x22,
	0xd5, 0x2c, 0x5d, 0x28, 0x79, 0x28, 0xd4, 0x24, 0x67, 0x26, 0x0d, 0x23,
	0x4d, 0x23, 0x3c, 0x20, 0x53, 0x29, 0x3e, 0x25, 0x89, 0x25, 0x2d, 0x22,
	0x4f, 0x2c, 0xbf, 0x27, 0x02, 0x28, 0x6c, 0x24, 0xc5, 0x2f, 0xd1, 0x2a,
	0xf6, 0x2a, 0x0c, 0x27, 0xe1, 0x29, 0x92, 0x25, 0x00, 0x26, 0x89, 0x22,
	0xa2, 0x2c, 0xc7, 0x27, 0x3e, 0x28, 0x76, 0x24, 0xc2, 0x2f, 0x6a, 0x2a,
	0xc0, 0x2a, 0xcb, 0x26, 0xfd, 0x32, 0x16, 0x2d, 0x5f, 0x2d, 0x24, 0x29,
	0xc1, 0x2d, 0x90, 0x28, 0x24, 0x29, 0x3d, 0x25, 0xaf, 0x30, 0xf2, 0x2a,
	0x75, 0x2b, 0x36, 0x27, 0x85, 0x33, 0x21, 0x2d, 0xbc, 0x2d, 0x2a, 0x29,
	0xcd, 0x35, 0x2a, 0x2f, 0x9b, 0x2f, 0x09, 0x2b, 0xca, 0x31, 0x1b, 0x2c,
	0xaa, 0x2c, 0xa2, 0x28, 0x25, 0x34, 0xcf, 0x2d, 0x98, 0x2e, 0xcc, 0x29,
	0x30, 0x36, 0x4f, 0x2f, 0xd8, 0x2f, 0xee, 0x2a, 0x31, 0x38, 0x18, 0x31,
	0xc3, 0x31, 0x9e, 0x2c, 0x85, 0x35, 0xce, 0x2e, 0xab, 0x2f, 0x0a, 0x2b,
	0x14, 0x37, 0x1a, 0x30, 0x07, 0x31, 0xbd, 0x2b, 0x38, 0x39, 0x9b, 0x31,
	0x6e, 0x32, 0xf4, 0x2c, 0xc0, 0x3b, 0xe4, 0x33, 0x8f, 0x34, 0xd6, 0x2e,
	0x0e, 0x39, 0x30, 0x31, 0x54, 0x32, 0xfb, 0x2c, 0xd4, 0x3a, 0x89, 0x32,
	0xa7, 0x33, 0xcb, 0x2d, 0x28, 0x3d, 0xae, 0x34, 0x93, 0x35, 0xaf, 0x2f,
	0xf7, 0x3f, 0x0b, 0x37, 0x0d, 0x38, 0x5f, 0x32, 0x8b, 0x3c, 0xaa, 0x33,
	0xc8, 0x34, 0x91, 0x2f, 0x62, 0x3f, 0xe6, 0x35, 0x20, 0x37, 0x7a, 0x31,
	0x71, 0x42, 0xc0, 0x38, 0xc8, 0x39, 0x12, 0x34, 0x9c, 0x45, 0xe7, 0x3b,
	0xf1, 0x3c, 0x12, 0x37, 0xd3, 0x41, 0x33, 0x38, 0x57, 0x39, 0x30, 0x34,
	0x8c, 0x45, 0x53, 0x3b, 0x74, 0x3c, 0x32, 0x37, 0x88, 0x49, 0xb9, 0x3e,
	0xf6, 0x3f, 0xee, 0x39, 0x62, 0x4d, 0x5a, 0x42, 0xc4, 0x43, 0xbb, 0x3d,
	0x61, 0x4e, 0x78, 0x44, 0x96, 0x45, 0x8c, 0x40, 0x00, 0x00, 0x00, 0x00,
	0x00, 0x00, 0x00, 0x00, 0x00, 0x00, 0x00, 0x00, 0x00, 0x00, 0x00, 0x00,
	0x00, 0x00, 0x00, 0x00, 0x00, 0x00, 0x00, 0x00, 0x75, 0x47, 0xf4, 0x3e,
	0x4d, 0x3f, 0x7c, 0x3a, 0x00, 0x00, 0x00, 0x00, 0x00, 0x00, 0x00, 0x00,
	0x00, 0x00, 0x00, 0x00, 0x00, 0x00, 0x00, 0x00, 0x00, 0x00, 0x00, 0x00,
	0x00, 0x00, 0x00, 0x00, 0xc9, 0x42, 0x0e, 0x3b, 0x40, 0x3b, 0x87, 0x36,
	0x00, 0x00, 0x00, 0x00, 0x00, 0x00, 0x00, 0x00, 0x00, 0x00, 0x00, 0x00,
	0x00, 0x00, 0x00, 0x00, 0x00, 0x00, 0x00, 0x00, 0x00, 0x00, 0x00, 0x00,
	0xf9, 0x3e, 0x2e, 0x37, 0x81, 0x37, 0xe2, 0x32, 0x00, 0x00, 0x00, 0x00,
	0x00, 0x00, 0x00, 0x00, 0x00, 0x00, 0x00, 0x00, 0x00, 0x00, 0x00, 0x00,
	0x00, 0x00, 0x00, 0x00, 0x00, 0x00, 0x00, 0x00, 0x73, 0x3b, 0x19, 0x34,
	0x5e, 0x34, 0x13, 0x30, 0x00, 0x00, 0x00, 0x00, 0x00, 0x00, 0x00, 0x00,
	0x00, 0x00, 0x00, 0x00, 0x00, 0x00, 0x00, 0x00, 0x00, 0x00, 0x00, 0x00,
	0x00, 0x00, 0x00, 0x00, 0x7f, 0x38, 0x20, 0x32, 0x3b, 0x32, 0x3e, 0x2e,
	0x00, 0x00, 0x00, 0x00, 0x00, 0x00, 0x00, 0x00, 0x00, 0x00, 0x00, 0x00,
	0x00, 0x00, 0x00, 0x00, 0x00, 0x00, 0x00, 0x00, 0x00, 0x00, 0x00, 0x00,
	0x5d, 0x36, 0x49, 0x30, 0x8a, 0x30, 0xae, 0x2c, 0x00, 0x00, 0x00, 0x00,
	0x00, 0x00, 0x00, 0x00, 0x00, 0x00, 0x00, 0x00, 0x00, 0x00, 0x00, 0x00,
	0x00, 0x00, 0x00, 0x00, 0x00, 0x00, 0x00, 0x00, 0x15, 0x34, 0x99, 0x2e,
	0x89, 0x2e, 0x47, 0x2b, 0x00, 0x00, 0x00, 0x00, 0x00, 0x00, 0x00, 0x00,
	0x00, 0x00, 0x00, 0x00, 0x00, 0x00, 0x00, 0x00, 0x00, 0x00, 0x00, 0x00,
	0x00, 0x00, 0x00, 0x00, 0xf3, 0x30, 0x54, 0x2c, 0x12, 0x2c, 0x31, 0x29,
	0x00, 0x00, 0x00, 0x00, 0x00, 0x00, 0x00, 0x00, 0x00, 0x00, 0x00, 0x00,
	0x00, 0x00, 0x00, 0x00, 0x00, 0x00, 0x00, 0x00, 0x00, 0x00, 0x00, 0x00,
	0x66, 0x2e, 0x32, 0x2a, 0x21, 0x2a, 0x47, 0x27, 0x00, 0x00, 0x00, 0x00,
	0x00, 0x00, 0x00, 0x00, 0x00, 0x00, 0x00, 0x00, 0x00, 0x00, 0x00, 0x00,
	0x00, 0x00, 0x00, 0x00, 0x00, 0x00, 0x00, 0x00, 0xf0, 0x2b, 0x5b, 0x28,
	0x09, 0x28, 0xb4, 0x25, 0x00, 0x00, 0x00, 0x00, 0x00, 0x00, 0x00, 0x00,
	0x00, 0x00, 0x00, 0x00, 0x00, 0x00, 0x00, 0x00, 0x00, 0x00, 0x00, 0x00,
	0x00, 0x00, 0x00, 0x00, 0x39, 0x2a, 0xe1, 0x26, 0xa3, 0x26, 0x33, 0x24,
	0x00, 0x00, 0x00, 0x00, 0x00, 0x00, 0x00, 0x00, 0x00, 0x00, 0x00, 0x00,
	0x00, 0x00, 0x00, 0x00, 0x00, 0x00, 0x00, 0x00, 0x00, 0x00, 0x00, 0x00,
	0x24, 0x28, 0x7c, 0x25, 0x3f, 0x25, 0xd5, 0x22, 0x00, 0x00, 0x00, 0x00,
	0x00, 0x00, 0x00, 0x00, 0x00, 0x00, 0x00, 0x00, 0x00, 0x00, 0x00, 0x00,
	0x00, 0x00, 0x00, 0x00, 0x00, 0x00, 0x00, 0x00, 0x6c, 0x27, 0x1c, 0x25,
	0xf4, 0x24, 0x62, 0x22, 0x00, 0x00, 0x00, 0x00, 0x00, 0x00, 0x00, 0x00,
	0x00, 0x00, 0x00, 0x00, 0x00, 0x00, 0x00, 0x00, 0x00, 0x00, 0x00, 0x00,
	0x00, 0x00, 0x00, 0x00, 0x5c, 0x26, 0xad, 0x24, 0x61, 0x24, 0xf3, 0x21,
	0x00, 0x00, 0x00, 0x00, 0x00, 0x00, 0x00, 0x00, 0x00, 0x00, 0x00, 0x00,
	0x00, 0x00, 0x00, 0x00, 0x00, 0x00, 0x00, 0x00, 0x00, 0x00, 0x00, 0x00,
	0x2b, 0x26, 0x31, 0x24, 0x24, 0x24, 0x9b, 0x21, 0x00, 0x00, 0x00, 0x00,
	0x00, 0x00, 0x00, 0x00, 0x00, 0x00, 0x00, 0x00, 0x00, 0x00, 0x00, 0x00,
	0x00, 0x00, 0x00, 0x00, 0x00, 0x00, 0x00, 0x00, 0x00, 0x26, 0xf8, 0x23,
	0xd2, 0x23, 0x5c, 0x21, 0x00, 0x00, 0x00, 0x00, 0x00, 0x00, 0x00, 0x00,
	0x00, 0x00, 0x00, 0x00, 0x00, 0x00, 0x00, 0x00, 0x00, 0x00, 0x00, 0x00,
	0x00, 0x00, 0x00, 0x00, 0x33, 0x26, 0x2e, 0x24, 0x22, 0x24, 0x7b, 0x21,
	0x00, 0x00, 0x00, 0x00, 0x00, 0x00, 0x00, 0x00, 0x00, 0x00, 0x00, 0x00,
	0x00, 0x00, 0x00, 0x00, 0x00, 0x00, 0x00, 0x00, 0x00, 0x00, 0x00, 0x00,
	0xf2, 0x26, 0xb0, 0x24, 0xa3, 0x24, 0xea, 0x21, 0x00, 0x00, 0x00, 0x00,
	0x00, 0x00, 0x00, 0x00, 0x00, 0x00, 0x00, 0x00, 0x00, 0x00, 0x00, 0x00,
	0x00, 0x00, 0x00, 0x00, 0x00, 0x00, 0x00, 0x00, 0x9c, 0x27, 0x15, 0x25,
	0xf8, 0x24, 0x13, 0x22, 0x00, 0x00, 0x00, 0x00, 0x00, 0x00, 0x00, 0x00,
	0x00, 0x00, 0x00, 0x00, 0x00, 0x00, 0x00, 0x00, 0x00, 0x00, 0x00, 0x00,
	0x00, 0x00, 0x00, 0x00, 0xc7, 0x28, 0x9f, 0x25, 0x72, 0x25, 0x7d, 0x22,
	0x00, 0x00, 0x00, 0x00, 0x00, 0x00, 0x00, 0x00, 0x00, 0x00, 0x00, 0x00,
	0x00, 0x00, 0x00, 0x00, 0x00, 0x00, 0x00, 0x00, 0x00, 0x00, 0x00, 0x00,
	0x7f, 0x2a, 0xe8, 0x26, 0xb4, 0x26, 0x79, 0x23, 0x00, 0x00, 0x00, 0x00,
	0x00, 0x00, 0x00, 0x00, 0x00, 0x00, 0x00, 0x00, 0x00, 0x00, 0x00, 0x00,
	0x00, 0x00, 0x00, 0x00, 0x00, 0x00, 0x00, 0x00, 0xb6, 0x2c, 0x90, 0x28,
	0x6e, 0x28, 0xd3, 0x24, 0x00, 0x00, 0x00, 0x00, 0x00, 0x00, 0x00, 0x00,
	0x00, 0x00, 0x00, 0x00, 0x00, 0x00, 0x00, 0x00, 0x00, 0x00, 0x00, 0x00,
	0x00, 0x00, 0x00, 0x00, 0x87, 0x2e, 0x73, 0x2a, 0x5d, 0x2a, 0x59, 0x26,
	0x00, 0x00, 0x00, 0x00, 0x00, 0x00, 0x00, 0x00, 0x00, 0x00, 0x00, 0x00,
	0x00, 0x00, 0x00, 0x00, 0x00, 0x00, 0x00, 0x00, 0x00, 0x00, 0x00, 0x00,
	0x13, 0x31, 0x63, 0x2c, 0x6c, 0x2c, 0x1e, 0x28, 0x00, 0x00, 0x00, 0x00,
	0x00, 0x00, 0x00, 0x00, 0x00, 0x00, 0x00, 0x00, 0x00, 0x00, 0x00, 0x00,
	0x00, 0x00, 0x00, 0x00, 0x00, 0x00, 0x00, 0x00, 0xf6, 0x33, 0x32, 0x2e,
	0x3b, 0x2e, 0xbb, 0x29, 0x00, 0x00, 0x00, 0x00, 0x00, 0x00, 0x00, 0x00,
	0x00, 0x00, 0x00, 0x00, 0x00, 0x00, 0x00, 0x00, 0x00, 0x00, 0x00, 0x00,
	0x00, 0x00, 0x00, 0x00, 0xc8, 0x36, 0x13, 0x30, 0x48, 0x30, 0x90, 0x2b,
	0x00, 0x00, 0x00, 0x00, 0x00, 0x00, 0x00, 0x00, 0x00, 0x00, 0x00, 0x00,
	0x00, 0x00, 0x00, 0x00, 0x00, 0x00, 0x00, 0x00, 0x00, 0x00, 0x00, 0x00,
	0x2d, 0x39, 0xc6, 0x31, 0x2c, 0x32, 0x08, 0x2d, 0x00, 0x00, 0x00, 0x00,
	0x00, 0x00, 0x00, 0x00, 0x00, 0x00, 0x00, 0x00, 0x00, 0x00, 0x00, 0x00,
	0x00, 0x00, 0x00, 0x00, 0x00, 0x00, 0x00, 0x00, 0x70, 0x3b, 0x01, 0x34,
	0x6d, 0x34, 0x20, 0x2f, 0x00, 0x00, 0x00, 0x00, 0x00, 0x00, 0x00, 0x00,
	0x00, 0x00, 0x00, 0x00, 0x00, 0x00, 0x00, 0x00, 0x00, 0x00, 0x00, 0x00,
	0x00, 0x00, 0x00, 0x00, 0x15, 0x3f, 0x49, 0x37, 0xe0, 0x37, 0xa8, 0x32,
	0x00, 0x00, 0x00, 0x00, 0x00, 0x00, 0x00, 0x00, 0x00, 0x00, 0x00, 0x00,
	0x00, 0x00, 0x00, 0x00, 0x00, 0x00, 0x00, 0x00, 0x00, 0x00, 0x00, 0x00,
	0x3c, 0x44, 0x39, 0x3b, 0xe5, 0x3b, 0x26, 0x36, 0x00, 0x00, 0x00, 0x00,
	0x00, 0x00, 0x00, 0x00, 0x00, 0x00, 0x00, 0x00, 0x00, 0x00, 0x00, 0x00,
	0x00, 0x00, 0x00, 0x00, 0x00, 0x00, 0x00, 0x00, 0x57, 0x4a, 0x29, 0x40,
	0x58, 0x41, 0x60, 0x3b, 0x00, 0x00, 0x00, 0x00, 0x00, 0x00, 0x00, 0x00,
	0x00, 0x00, 0x00, 0x00, 0x00, 0x00, 0x00, 0x00, 0x00, 0x00, 0x00, 0x00,
	0x00, 0x00, 0x00, 0x00, 0x3b, 0x53, 0x78, 0x47, 0x2f, 0x49, 0x3a, 0x42,
	0x00, 0x00, 0x00, 0x00, 0x00, 0x00, 0x00, 0x00, 0x00, 0x00, 0x00, 0x00,
	0x00, 0x00, 0x00, 0x00, 0x00, 0x00, 0x00, 0x00, 0x00, 0x00, 0x00, 0x00,
};

/* buf-103-iova000000001d3de000-fd386-size4096.bin: first 0x400 bytes consumed
 * SHA-256: f991acb1e5897fe61be2decbf1d1b41b165ec8c2317284f8e3d8322c4d052e21
 */
static const u8 ispfe_pdma_backend_input_1d3de000[0x400] = {
	0x80, 0x80, 0x80, 0x80, 0x80, 0x80, 0x80, 0x80, 0x80, 0x80, 0x80, 0x80,
	0x80, 0x80, 0x80, 0x80, 0x80, 0x80, 0x80, 0x80, 0x80, 0x80, 0x80, 0x80,
	0x80, 0x80, 0x80, 0x80, 0x80, 0x80, 0x80, 0x80, 0x80, 0x80, 0x80, 0x80,
	0x80, 0x80, 0x80, 0x80, 0x80, 0x80, 0x80, 0x80, 0x80, 0x80, 0x80, 0x80,
	0x80, 0x80, 0x80, 0x80, 0x80, 0x80, 0x80, 0x80, 0x80, 0x80, 0x80, 0x80,
	0x80, 0x80, 0x80, 0x80, 0x80, 0x80, 0x80, 0x80, 0x80, 0x80, 0x80, 0x80,
	0x80, 0x80, 0x80, 0x80, 0x80, 0x80, 0x80, 0x80, 0x80, 0x80, 0x80, 0x80,
	0x80, 0x80, 0x80, 0x80, 0x80, 0x80, 0x80, 0x80, 0x80, 0x80, 0x80, 0x80,
	0x80, 0x80, 0x80, 0x80, 0x80, 0x80, 0x80, 0x80, 0x80, 0x80, 0x80, 0x80,
	0x80, 0x80, 0x80, 0x80, 0x80, 0x80, 0x80, 0x80, 0x80, 0x80, 0x80, 0x80,
	0x80, 0x80, 0x80, 0x80, 0x80, 0x80, 0x80, 0x80, 0x80, 0x80, 0x80, 0x80,
	0x80, 0x80, 0x80, 0x80, 0x80, 0x80, 0x80, 0x80, 0x80, 0x80, 0x80, 0x80,
	0x80, 0x80, 0x80, 0x80, 0x80, 0x80, 0x80, 0x80, 0x80, 0x80, 0x80, 0x80,
	0x80, 0x80, 0x80, 0x80, 0x80, 0x80, 0x80, 0x80, 0x80, 0x80, 0x80, 0x80,
	0x80, 0x80, 0x80, 0x80, 0x80, 0x80, 0x80, 0x80, 0x80, 0x80, 0x80, 0x80,
	0x80, 0x80, 0x80, 0x80, 0x80, 0x80, 0x80, 0x80, 0x80, 0x80, 0x80, 0x80,
	0x80, 0x80, 0x80, 0x80, 0x80, 0x80, 0x80, 0x80, 0x80, 0x80, 0x80, 0x80,
	0x80, 0x80, 0x80, 0x80, 0x80, 0x80, 0x80, 0x80, 0x80, 0x80, 0x80, 0x80,
	0x80, 0x80, 0x80, 0x80, 0x80, 0x80, 0x80, 0x80, 0x80, 0x80, 0x80, 0x80,
	0x80, 0x80, 0x80, 0x80, 0x80, 0x80, 0x80, 0x80, 0x80, 0x80, 0x80, 0x80,
	0x80, 0x80, 0x80, 0x80, 0x80, 0x80, 0x80, 0x80, 0x80, 0x80, 0x80, 0x80,
	0x80, 0x80, 0x80, 0x80, 0x80, 0x80, 0x80, 0x80, 0x80, 0x80, 0x80, 0x80,
	0x80, 0x80, 0x80, 0x80, 0x80, 0x80, 0x80, 0x80, 0x80, 0x80, 0x80, 0x80,
	0x80, 0x80, 0x80, 0x80, 0x80, 0x80, 0x80, 0x80, 0x80, 0x80, 0x80, 0x80,
	0x80, 0x80, 0x80, 0x80, 0x80, 0x80, 0x80, 0x80, 0x80, 0x80, 0x80, 0x80,
	0x80, 0x80, 0x80, 0x80, 0x80, 0x80, 0x80, 0x80, 0x80, 0x80, 0x80, 0x80,
	0x80, 0x80, 0x80, 0x80, 0x80, 0x80, 0x80, 0x80, 0x80, 0x80, 0x80, 0x80,
	0x80, 0x80, 0x80, 0x80, 0x80, 0x80, 0x80, 0x80, 0x80, 0x80, 0x80, 0x80,
	0x80, 0x80, 0x80, 0x80, 0x80, 0x80, 0x80, 0x80, 0x80, 0x80, 0x80, 0x80,
	0x80, 0x80, 0x80, 0x80, 0x80, 0x80, 0x80, 0x80, 0x80, 0x80, 0x80, 0x80,
	0x80, 0x80, 0x80, 0x80, 0x80, 0x80, 0x80, 0x80, 0x80, 0x80, 0x80, 0x80,
	0x80, 0x80, 0x80, 0x80, 0x80, 0x80, 0x80, 0x80, 0x80, 0x80, 0x80, 0x80,
	0x80, 0x80, 0x80, 0x80, 0x80, 0x80, 0x80, 0x80, 0x80, 0x80, 0x80, 0x80,
	0x80, 0x80, 0x80, 0x80, 0x80, 0x80, 0x80, 0x80, 0x80, 0x80, 0x80, 0x80,
	0x80, 0x80, 0x80, 0x80, 0x80, 0x80, 0x80, 0x80, 0x80, 0x80, 0x80, 0x80,
	0x80, 0x80, 0x80, 0x80, 0x80, 0x80, 0x80, 0x80, 0x80, 0x80, 0x80, 0x80,
	0x80, 0x80, 0x80, 0x80, 0x80, 0x80, 0x80, 0x80, 0x80, 0x80, 0x80, 0x80,
	0x80, 0x80, 0x80, 0x80, 0x80, 0x80, 0x80, 0x80, 0x80, 0x80, 0x80, 0x80,
	0x80, 0x80, 0x80, 0x80, 0x80, 0x80, 0x80, 0x80, 0x80, 0x80, 0x80, 0x80,
	0x80, 0x80, 0x80, 0x80, 0x80, 0x80, 0x80, 0x80, 0x80, 0x80, 0x80, 0x80,
	0x80, 0x80, 0x80, 0x80, 0x80, 0x80, 0x80, 0x80, 0x80, 0x80, 0x80, 0x80,
	0x80, 0x80, 0x80, 0x80, 0x80, 0x80, 0x80, 0x80, 0x80, 0x80, 0x80, 0x80,
	0x80, 0x80, 0x80, 0x80, 0x80, 0x80, 0x80, 0x80, 0x80, 0x80, 0x80, 0x80,
	0x80, 0x80, 0x80, 0x80, 0x80, 0x80, 0x80, 0x80, 0x80, 0x80, 0x80, 0x80,
	0x80, 0x80, 0x80, 0x80, 0x80, 0x80, 0x80, 0x80, 0x80, 0x80, 0x80, 0x80,
	0x80, 0x80, 0x80, 0x80, 0x80, 0x80, 0x80, 0x80, 0x80, 0x80, 0x80, 0x80,
	0x80, 0x80, 0x80, 0x80, 0x80, 0x80, 0x80, 0x80, 0x80, 0x80, 0x80, 0x80,
	0x80, 0x80, 0x80, 0x80, 0x80, 0x80, 0x80, 0x80, 0x80, 0x80, 0x80, 0x80,
	0x80, 0x80, 0x80, 0x80, 0x80, 0x80, 0x80, 0x80, 0x80, 0x80, 0x80, 0x80,
	0x80, 0x80, 0x80, 0x80, 0x80, 0x80, 0x80, 0x80, 0x80, 0x80, 0x80, 0x80,
	0x80, 0x80, 0x80, 0x80, 0x80, 0x80, 0x80, 0x80, 0x80, 0x80, 0x80, 0x80,
	0x80, 0x80, 0x80, 0x80, 0x80, 0x80, 0x80, 0x80, 0x80, 0x80, 0x80, 0x80,
	0x80, 0x80, 0x80, 0x80, 0x80, 0x80, 0x80, 0x80, 0x80, 0x80, 0x80, 0x80,
	0x80, 0x80, 0x80, 0x80, 0x80, 0x80, 0x80, 0x80, 0x80, 0x80, 0x80, 0x80,
	0x80, 0x80, 0x80, 0x80, 0x80, 0x80, 0x80, 0x80, 0x80, 0x80, 0x80, 0x80,
	0x80, 0x80, 0x80, 0x80, 0x80, 0x80, 0x80, 0x80, 0x80, 0x80, 0x80, 0x80,
	0x80, 0x80, 0x80, 0x80, 0x80, 0x80, 0x80, 0x80, 0x80, 0x80, 0x80, 0x80,
	0x80, 0x80, 0x80, 0x80, 0x80, 0x80, 0x80, 0x80, 0x80, 0x80, 0x80, 0x80,
	0x80, 0x80, 0x80, 0x80, 0x80, 0x80, 0x80, 0x80, 0x80, 0x80, 0x80, 0x80,
	0x80, 0x80, 0x80, 0x80, 0x80, 0x80, 0x80, 0x80, 0x80, 0x80, 0x80, 0x80,
	0x80, 0x80, 0x80, 0x80, 0x80, 0x80, 0x80, 0x80, 0x80, 0x80, 0x80, 0x80,
	0x80, 0x80, 0x80, 0x80, 0x80, 0x80, 0x80, 0x80, 0x80, 0x80, 0x80, 0x80,
	0x80, 0x80, 0x80, 0x80, 0x80, 0x80, 0x80, 0x80, 0x80, 0x80, 0x80, 0x80,
	0x80, 0x80, 0x80, 0x80, 0x80, 0x80, 0x80, 0x80, 0x80, 0x80, 0x80, 0x80,
	0x80, 0x80, 0x80, 0x80, 0x80, 0x80, 0x80, 0x80, 0x80, 0x80, 0x80, 0x80,
	0x80, 0x80, 0x80, 0x80, 0x80, 0x80, 0x80, 0x80, 0x80, 0x80, 0x80, 0x80,
	0x80, 0x80, 0x80, 0x80, 0x80, 0x80, 0x80, 0x80, 0x80, 0x80, 0x80, 0x80,
	0x80, 0x80, 0x80, 0x80, 0x80, 0x80, 0x80, 0x80, 0x80, 0x80, 0x80, 0x80,
	0x80, 0x80, 0x80, 0x80, 0x80, 0x80, 0x80, 0x80, 0x80, 0x80, 0x80, 0x80,
	0x80, 0x80, 0x80, 0x80, 0x80, 0x80, 0x80, 0x80, 0x80, 0x80, 0x80, 0x80,
	0x80, 0x80, 0x80, 0x80, 0x80, 0x80, 0x80, 0x80, 0x80, 0x80, 0x80, 0x80,
	0x80, 0x80, 0x80, 0x80, 0x80, 0x80, 0x80, 0x80, 0x80, 0x80, 0x80, 0x80,
	0x80, 0x80, 0x80, 0x80, 0x80, 0x80, 0x80, 0x80, 0x80, 0x80, 0x80, 0x80,
	0x80, 0x80, 0x80, 0x80, 0x80, 0x80, 0x80, 0x80, 0x80, 0x80, 0x80, 0x80,
	0x80, 0x80, 0x80, 0x80, 0x80, 0x80, 0x80, 0x80, 0x80, 0x80, 0x80, 0x80,
	0x80, 0x80, 0x80, 0x80, 0x80, 0x80, 0x80, 0x80, 0x80, 0x80, 0x80, 0x80,
	0x80, 0x80, 0x80, 0x80, 0x80, 0x80, 0x80, 0x80, 0x80, 0x80, 0x80, 0x80,
	0x80, 0x80, 0x80, 0x80, 0x80, 0x80, 0x80, 0x80, 0x80, 0x80, 0x80, 0x80,
	0x80, 0x80, 0x80, 0x80, 0x80, 0x80, 0x80, 0x80, 0x80, 0x80, 0x80, 0x80,
	0x80, 0x80, 0x80, 0x80, 0x80, 0x80, 0x80, 0x80, 0x80, 0x80, 0x80, 0x80,
	0x80, 0x80, 0x80, 0x80, 0x80, 0x80, 0x80, 0x80, 0x80, 0x80, 0x80, 0x80,
	0x80, 0x80, 0x80, 0x80, 0x80, 0x80, 0x80, 0x80, 0x80, 0x80, 0x80, 0x80,
	0x80, 0x80, 0x80, 0x80, 0x80, 0x80, 0x80, 0x80, 0x80, 0x80, 0x80, 0x80,
	0x80, 0x80, 0x80, 0x80, 0x80, 0x80, 0x80, 0x80, 0x80, 0x80, 0x80, 0x80,
	0x80, 0x80, 0x80, 0x80, 0x80, 0x80, 0x80, 0x80, 0x80, 0x80, 0x80, 0x80,
	0x80, 0x80, 0x80, 0x80,
};

/* buf-104-iova000000001d3db000-fd387-size4096.bin: first 0x220 bytes consumed
 * SHA-256: abf9f2d0220a01e35c548666c5ff3de3bcbaebb2f57dfc59abe15a98c1f1d18c
 */
static const u8 ispfe_pdma_backend_input_1d3db000[0x220] = {
	0x00, 0x08, 0x68, 0x05, 0xad, 0x0d, 0x65, 0x15, 0x70, 0x1a, 0xcb, 0x1e,
	0x8e, 0x21, 0x90, 0x23, 0xbe, 0x24, 0xb6, 0x25, 0x3a, 0x26, 0x9e, 0x26,
	0x9c, 0x26, 0x61, 0x26, 0x16, 0x26, 0xb5, 0x25, 0x42, 0x25, 0xbf, 0x24,
	0x35, 0x24, 0xb0, 0x23, 0x1e, 0x23, 0x88, 0x22, 0xdf, 0x21, 0x2b, 0x21,
	0x83, 0x20, 0xd5, 0x1f, 0x2f, 0x1f, 0x8c, 0x1e, 0xf1, 0x1d, 0x4d, 0x1d,
	0xb5, 0x1c, 0x22, 0x1c, 0x8a, 0x1b, 0xfa, 0x1a, 0x6a, 0x1a, 0xde, 0x19,
	0x56, 0x19, 0xce, 0x18, 0x53, 0x18, 0xe1, 0x17, 0x72, 0x17, 0x08, 0x17,
	0xa2, 0x16, 0x40, 0x16, 0xe7, 0x15, 0x85, 0x15, 0x30, 0x15, 0xdb, 0x14,
	0x8a, 0x14, 0x39, 0x14, 0xe8, 0x13, 0x9b, 0x13, 0x57, 0x13, 0x0f, 0x13,
	0xca, 0x12, 0x86, 0x12, 0x4a, 0x12, 0x06, 0x12, 0xcb, 0x11, 0x8b, 0x11,
	0x4f, 0x11, 0x18, 0x11, 0xde, 0x10, 0xab, 0x10, 0x71, 0x10, 0x40, 0x10,
	0x0b, 0x10, 0xe5, 0x0f, 0xc4, 0x0f, 0xa8, 0x0f, 0x89, 0x0f, 0x6b, 0x0f,
	0x4b, 0x0f, 0x33, 0x0f, 0x12, 0x0f, 0xf8, 0x0e, 0xda, 0x0e, 0xbe, 0x0e,
	0xa3, 0x0e, 0x85, 0x0e, 0x6b, 0x0e, 0x53, 0x0e, 0x37, 0x0e, 0x1b, 0x0e,
	0x03, 0x0e, 0xe7, 0x0d, 0xcd, 0x0d, 0xb7, 0x0d, 0x9d, 0x0d, 0x85, 0x0d,
	0x6b, 0x0d, 0x51, 0x0d, 0x3c, 0x0d, 0x22, 0x0d, 0x0e, 0x0d, 0xf6, 0x0c,
	0xdf, 0x0c, 0xc7, 0x0c, 0xaf, 0x0c, 0x9a, 0x0c, 0x86, 0x0c, 0x6e, 0x0c,
	0x57, 0x0c, 0x43, 0x0c, 0x30, 0x0c, 0x16, 0x0c, 0x03, 0x0c, 0xef, 0x0b,
	0xda, 0x0b, 0xc6, 0x0b, 0xaf, 0x0b, 0x9e, 0x0b, 0x86, 0x0b, 0x73, 0x0b,
	0x62, 0x0b, 0x50, 0x0b, 0x49, 0x0b, 0x40, 0x0b, 0x38, 0x0b, 0x2f, 0x0b,
	0x28, 0x0b, 0x20, 0x0b, 0x17, 0x0b, 0x10, 0x0b, 0x08, 0x0b, 0x01, 0x0b,
	0xf8, 0x0a, 0xef, 0x0a, 0xe9, 0x0a, 0xe2, 0x0a, 0xd7, 0x0a, 0xd1, 0x0a,
	0xc8, 0x0a, 0xc1, 0x0a, 0xb7, 0x0a, 0xb0, 0x0a, 0xa7, 0x0a, 0xa0, 0x0a,
	0x98, 0x0a, 0x8f, 0x0a, 0x88, 0x0a, 0x81, 0x0a, 0x79, 0x0a, 0x70, 0x0a,
	0x69, 0x0a, 0x62, 0x0a, 0x5b, 0x0a, 0x51, 0x0a, 0x4a, 0x0a, 0x43, 0x0a,
	0x3a, 0x0a, 0x35, 0x0a, 0x2c, 0x0a, 0x24, 0x0a, 0x1b, 0x0a, 0x14, 0x0a,
	0x0d, 0x0a, 0x06, 0x0a, 0xfd, 0x09, 0xf6, 0x09, 0xef, 0x09, 0xe8, 0x09,
	0xdf, 0x09, 0xda, 0x09, 0xd1, 0x09, 0xca, 0x09, 0xc3, 0x09, 0xba, 0x09,
	0xb4, 0x09, 0xac, 0x09, 0xa5, 0x09, 0x9e, 0x09, 0x97, 0x09, 0x90, 0x09,
	0x87, 0x09, 0x82, 0x09, 0x79, 0x09, 0x74, 0x09, 0x6b, 0x09, 0x66, 0x09,
	0x5d, 0x09, 0x58, 0x09, 0x4f, 0x09, 0x4a, 0x09, 0x44, 0x09, 0x3d, 0x09,
	0x36, 0x09, 0x2d, 0x09, 0x26, 0x09, 0x21, 0x09, 0x1a, 0x09, 0x14, 0x09,
	0x0d, 0x09, 0x08, 0x09, 0x01, 0x09, 0xf9, 0x08, 0xf2, 0x08, 0xed, 0x08,
	0xe8, 0x08, 0xe1, 0x08, 0xdc, 0x08, 0xd6, 0x08, 0xd1, 0x08, 0xca, 0x08,
	0xc7, 0x08, 0xc0, 0x08, 0xba, 0x08, 0xb5, 0x08, 0xb0, 0x08, 0xab, 0x08,
	0xa4, 0x08, 0xa1, 0x08, 0x9b, 0x08, 0x96, 0x08, 0x91, 0x08, 0x8c, 0x08,
	0x87, 0x08, 0x83, 0x08, 0x7e, 0x08, 0x77, 0x08, 0x74, 0x08, 0x6e, 0x08,
	0x6b, 0x08, 0x66, 0x08, 0x61, 0x08, 0x5c, 0x08, 0x59, 0x08, 0x53, 0x08,
	0x50, 0x08, 0x4b, 0x08, 0x45, 0x08, 0x42, 0x08, 0x3d, 0x08, 0x3a, 0x08,
	0x34, 0x08, 0x31, 0x08, 0x2c, 0x08, 0x29, 0x08, 0x25, 0x08, 0x20, 0x08,
	0x1b, 0x08, 0x17, 0x08, 0x14, 0x08, 0x0f, 0x08, 0x0c, 0x08, 0x08, 0x08,
	0x05, 0x08, 0x00, 0x08, 0xfd, 0x07, 0xf8, 0x07, 0xf6, 0x07, 0xf1, 0x07,
	0xed, 0x07, 0xea, 0x07, 0xe5, 0x07, 0xe2, 0x07, 0xde, 0x07, 0x00, 0x00,
	0x00, 0x00, 0x00, 0x00, 0x00, 0x00, 0x00, 0x00, 0x00, 0x00, 0x00, 0x00,
	0x00, 0x00, 0x00, 0x00, 0x00, 0x00, 0x00, 0x00, 0x00, 0x00, 0x00, 0x00,
	0x00, 0x00, 0x00, 0x00,
};

/* buf-105-iova000000001d3da000-fd388-size4096.bin: first 0xa4 bytes consumed
 * SHA-256: db2b6bd43f84aeb4e69d228df1e9065e6a0bc9fc97352ceefbb51dbc74d185a0
 */
static const u8 ispfe_pdma_backend_input_1d3da000[0xa4] = {
	0x00, 0x00, 0x4b, 0x0a, 0x1b, 0x0e, 0xf6, 0x10, 0x54, 0x13, 0x65, 0x15,
	0x3e, 0x17, 0xee, 0x18, 0x7d, 0x1a, 0xf2, 0x1b, 0x51, 0x1d, 0x9d, 0x1e,
	0xd9, 0x1f, 0x07, 0x21, 0x29, 0x22, 0x40, 0x23, 0x4c, 0x24, 0x4c, 0x25,
	0x4b, 0x26, 0x3c, 0x27, 0x2c, 0x28, 0x10, 0x29, 0xf4, 0x29, 0xcc, 0x2a,
	0xa5, 0x2b, 0x74, 0x2c, 0x43, 0x2d, 0x09, 0x2e, 0xd0, 0x2e, 0x8f, 0x2f,
	0x4e, 0x30, 0x06, 0x31, 0xbe, 0x31, 0x1c, 0x33, 0x7a, 0x34, 0xc4, 0x35,
	0x0d, 0x37, 0x45, 0x38, 0x7d, 0x39, 0xa6, 0x3a, 0xcf, 0x3b, 0xea, 0x3c,
	0x06, 0x3e, 0x16, 0x3f, 0x26, 0x40, 0x2c, 0x41, 0x31, 0x42, 0x2d, 0x43,
	0x2a, 0x44, 0x11, 0x46, 0xe9, 0x47, 0xb3, 0x49, 0x70, 0x4b, 0x21, 0x4d,
	0xc7, 0x4e, 0x63, 0x50, 0xf5, 0x51, 0x7a, 0x53, 0xfe, 0x54, 0x73, 0x56,
	0xe8, 0x57, 0x4e, 0x59, 0xb5, 0x5a, 0x0e, 0x5c, 0x68, 0x5d, 0x04, 0x60,
	0x8b, 0x62, 0xff, 0x64, 0x61, 0x67, 0xb2, 0x69, 0xf4, 0x6b, 0x29, 0x6e,
	0x4f, 0x70, 0x6a, 0x72, 0x79, 0x74, 0x7d, 0x76, 0x76, 0x78, 0x66, 0x7a,
	0x4d, 0x7c, 0x2b, 0x7e, 0x00, 0x80, 0x00, 0x00,
};

/* buf-107-iova000000001d3d8000-fd390-size4096.bin: first 0x100 bytes consumed
 * SHA-256: 8f09461476f649158be1e02cd025be202e2b71dd3d34e030bc1cb07c7409c417
 */
static const u8 ispfe_pdma_backend_input_1d3d8000[0x100] = {
	0x65, 0x22, 0x80, 0x3a, 0x65, 0x22, 0xb6, 0x00, 0xb1, 0x1f, 0xde, 0x39,
	0x76, 0x24, 0xfb, 0x01, 0x0b, 0x1d, 0x0f, 0x39, 0x7e, 0x26, 0x68, 0x03,
	0x75, 0x1a, 0x1a, 0x38, 0x78, 0x28, 0xf9, 0x04, 0xef, 0x17, 0x00, 0x37,
	0x65, 0x2a, 0xac, 0x06, 0x7b, 0x15, 0xc6, 0x35, 0x42, 0x2c, 0x7d, 0x08,
	0x1a, 0x13, 0x6d, 0x34, 0x0e, 0x2e, 0x6b, 0x0a, 0xcd, 0x10, 0xf8, 0x32,
	0xc7, 0x2f, 0x74, 0x0c, 0x95, 0x0e, 0x6b, 0x31, 0x6b, 0x31, 0x95, 0x0e,
	0x74, 0x0c, 0xc7, 0x2f, 0xf8, 0x32, 0xcd, 0x10, 0x6b, 0x0a, 0x0e, 0x2e,
	0x6d, 0x34, 0x1a, 0x13, 0x7d, 0x08, 0x42, 0x2c, 0xc6, 0x35, 0x7b, 0x15,
	0xac, 0x06, 0x65, 0x2a, 0x00, 0x37, 0xef, 0x17, 0xf9, 0x04, 0x78, 0x28,
	0x1a, 0x38, 0x75, 0x1a, 0x68, 0x03, 0x7e, 0x26, 0x0f, 0x39, 0x0b, 0x1d,
	0xfb, 0x01, 0x76, 0x24, 0xde, 0x39, 0xb1, 0x1f, 0x5d, 0x22, 0xb5, 0x3a,
	0x5d, 0x22, 0x91, 0x00, 0xa5, 0x1f, 0x12, 0x3a, 0x75, 0x24, 0xd4, 0x01,
	0xfb, 0x1c, 0x44, 0x39, 0x82, 0x26, 0x3f, 0x03, 0x61, 0x1a, 0x4d, 0x38,
	0x83, 0x28, 0xcf, 0x04, 0xd8, 0x17, 0x32, 0x37, 0x75, 0x2a, 0x81, 0x06,
	0x60, 0x15, 0xf5, 0x35, 0x58, 0x2c, 0x53, 0x08, 0xfb, 0x12, 0x99, 0x34,
	0x2a, 0x2e, 0x42, 0x0a, 0xab, 0x10, 0x22, 0x33, 0xe7, 0x2f, 0x4c, 0x0c,
	0x70, 0x0e, 0x90, 0x31, 0x90, 0x31, 0x70, 0x0e, 0x4c, 0x0c, 0xe7, 0x2f,
	0x22, 0x33, 0xab, 0x10, 0x42, 0x0a, 0x2a, 0x2e, 0x99, 0x34, 0xfb, 0x12,
	0x53, 0x08, 0x58, 0x2c, 0xf5, 0x35, 0x60, 0x15, 0x81, 0x06, 0x75, 0x2a,
	0x32, 0x37, 0xd8, 0x17, 0xcf, 0x04, 0x83, 0x28, 0x4d, 0x38, 0x61, 0x1a,
	0x3f, 0x03, 0x82, 0x26, 0x44, 0x39, 0xfb, 0x1c, 0xd4, 0x01, 0x75, 0x24,
	0x12, 0x3a, 0xa5, 0x1f,
};

/* buf-108-iova000000001d3d7000-fd391-size4096.bin: first 0x100 bytes consumed
 * SHA-256: 68d8fa99005911fa990f904e56eb50487235bb9c2a1dbbfa62a1d903b20cf5e9
 */
static const u8 ispfe_pdma_backend_input_1d3d7000[0x100] = {
	0x7b, 0x1e, 0x06, 0x49, 0x7b, 0x1e, 0x04, 0xfa, 0x9e, 0x1a, 0x9e, 0x48,
	0x40, 0x22, 0x84, 0xfa, 0xe4, 0x16, 0xda, 0x47, 0x13, 0x26, 0x2f, 0xfb,
	0x4c, 0x13, 0xbb, 0x46, 0xec, 0x29, 0x0d, 0xfc, 0xdc, 0x0f, 0x43, 0x45,
	0xc0, 0x2d, 0x21, 0xfd, 0x98, 0x0c, 0x72, 0x43, 0x86, 0x31, 0x70, 0xfe,
	0x87, 0x09, 0x49, 0x41, 0x30, 0x35, 0x00, 0x00, 0xb2, 0x06, 0xc1, 0x3e,
	0xaa, 0x38, 0xe3, 0x01, 0x22, 0x04, 0xde, 0x3b, 0xde, 0x3b, 0x22, 0x04,
	0xe3, 0x01, 0xaa, 0x38, 0xc1, 0x3e, 0xb2, 0x06, 0x00, 0x00, 0x30, 0x35,
	0x49, 0x41, 0x87, 0x09, 0x70, 0xfe, 0x86, 0x31, 0x72, 0x43, 0x98, 0x0c,
	0x21, 0xfd, 0xc0, 0x2d, 0x43, 0x45, 0xdc, 0x0f, 0x0d, 0xfc, 0xec, 0x29,
	0xbb, 0x46, 0x4c, 0x13, 0x2f, 0xfb, 0x13, 0x26, 0xda, 0x47, 0xe4, 0x16,
	0x84, 0xfa, 0x40, 0x22, 0x9e, 0x48, 0x9e, 0x1a, 0x7b, 0x1e, 0x06, 0x49,
	0x7b, 0x1e, 0x04, 0xfa, 0x9e, 0x1a, 0x9e, 0x48, 0x40, 0x22, 0x84, 0xfa,
	0xe4, 0x16, 0xda, 0x47, 0x13, 0x26, 0x2f, 0xfb, 0x4c, 0x13, 0xbb, 0x46,
	0xec, 0x29, 0x0d, 0xfc, 0xdc, 0x0f, 0x43, 0x45, 0xc0, 0x2d, 0x21, 0xfd,
	0x98, 0x0c, 0x72, 0x43, 0x86, 0x31, 0x70, 0xfe, 0x87, 0x09, 0x49, 0x41,
	0x30, 0x35, 0x00, 0x00, 0xb2, 0x06, 0xc1, 0x3e, 0xaa, 0x38, 0xe3, 0x01,
	0x22, 0x04, 0xde, 0x3b, 0xde, 0x3b, 0x22, 0x04, 0xe3, 0x01, 0xaa, 0x38,
	0xc1, 0x3e, 0xb2, 0x06, 0x00, 0x00, 0x30, 0x35, 0x49, 0x41, 0x87, 0x09,
	0x70, 0xfe, 0x86, 0x31, 0x72, 0x43, 0x98, 0x0c, 0x21, 0xfd, 0xc0, 0x2d,
	0x43, 0x45, 0xdc, 0x0f, 0x0d, 0xfc, 0xec, 0x29, 0xbb, 0x46, 0x4c, 0x13,
	0x2f, 0xfb, 0x13, 0x26, 0xda, 0x47, 0xe4, 0x16, 0x84, 0xfa, 0x40, 0x22,
	0x9e, 0x48, 0x9e, 0x1a,
};

/* buf-109-iova000000001d3d6000-fd392-size4096.bin: first 0x100 bytes consumed
 * SHA-256: f3c6e3d88374f73511302d84521903d89b52a7de88bcfb6a7c5c3c8dca84b8aa
 */
static const u8 ispfe_pdma_backend_input_1d3d6000[0x100] = {
	0x35, 0x22, 0x0b, 0x2a, 0x34, 0x22, 0x8c, 0x11, 0x0c, 0x21, 0xac, 0x29,
	0xc7, 0x22, 0x81, 0x12, 0xea, 0x1f, 0x46, 0x29, 0x58, 0x23, 0x78, 0x13,
	0xcc, 0x1e, 0xdc, 0x28, 0xe7, 0x23, 0x71, 0x14, 0xb3, 0x1d, 0x6e, 0x28,
	0x73, 0x24, 0x6c, 0x15, 0x9e, 0x1c, 0xfb, 0x27, 0xfd, 0x24, 0x6a, 0x16,
	0x8d, 0x1b, 0x83, 0x27, 0x85, 0x25, 0x6b, 0x17, 0x7f, 0x1a, 0x09, 0x27,
	0x09, 0x26, 0x6f, 0x18, 0x75, 0x19, 0x8b, 0x26, 0x8b, 0x26, 0x75, 0x19,
	0x6f, 0x18, 0x09, 0x26, 0x09, 0x27, 0x7f, 0x1a, 0x6b, 0x17, 0x85, 0x25,
	0x83, 0x27, 0x8d, 0x1b, 0x6a, 0x16, 0xfd, 0x24, 0xfb, 0x27, 0x9e, 0x1c,
	0x6c, 0x15, 0x73, 0x24, 0x6e, 0x28, 0xb3, 0x1d, 0x71, 0x14, 0xe7, 0x23,
	0xdc, 0x28, 0xcc, 0x1e, 0x78, 0x13, 0x58, 0x23, 0x46, 0x29, 0xea, 0x1f,
	0x81, 0x12, 0xc7, 0x22, 0xac, 0x29, 0x0c, 0x21, 0xde, 0x22, 0x55, 0x32,
	0xde, 0x22, 0xef, 0x07, 0xdf, 0x20, 0xbc, 0x31, 0x18, 0x24, 0x4d, 0x09,
	0xec, 0x1e, 0x10, 0x31, 0x4c, 0x25, 0xb8, 0x0a, 0x05, 0x1d, 0x55, 0x30,
	0x78, 0x26, 0x2e, 0x0c, 0x28, 0x1b, 0x8b, 0x2f, 0x9e, 0x27, 0xaf, 0x0d,
	0x56, 0x19, 0xb3, 0x2e, 0xbc, 0x28, 0x3b, 0x0f, 0x8e, 0x17, 0xce, 0x2d,
	0xd3, 0x29, 0xd1, 0x10, 0xd0, 0x15, 0xdf, 0x2c, 0xe0, 0x2a, 0x71, 0x12,
	0x1c, 0x14, 0xe4, 0x2b, 0xe4, 0x2b, 0x1c, 0x14, 0x71, 0x12, 0xe0, 0x2a,
	0xdf, 0x2c, 0xd0, 0x15, 0xd1, 0x10, 0xd3, 0x29, 0xce, 0x2d, 0x8e, 0x17,
	0x3b, 0x0f, 0xbc, 0x28, 0xb3, 0x2e, 0x56, 0x19, 0xaf, 0x0d, 0x9e, 0x27,
	0x8b, 0x2f, 0x28, 0x1b, 0x2e, 0x0c, 0x78, 0x26, 0x55, 0x30, 0x05, 0x1d,
	0xb8, 0x0a, 0x4c, 0x25, 0x10, 0x31, 0xec, 0x1e, 0x4d, 0x09, 0x18, 0x24,
	0xbc, 0x31, 0xdf, 0x20,
};

/* buf-110-iova000000001d3d5000-fd393-size4096.bin: first 0x104 bytes consumed
 * SHA-256: 3eb8d38bdf03d44c2c0dab16a4a513af8d49eda9bd822be246ca841214382102
 */
static const u8 ispfe_pdma_backend_input_1d3d5000[0x104] = {
	0x00, 0x00, 0x15, 0x00, 0x23, 0x00, 0x2e, 0x00, 0x38, 0x00, 0x3f, 0x00,
	0x46, 0x00, 0x4d, 0x00, 0x52, 0x00, 0x58, 0x00, 0x5c, 0x00, 0x61, 0x00,
	0x65, 0x00, 0x69, 0x00, 0x6d, 0x00, 0x70, 0x00, 0x73, 0x00, 0x77, 0x00,
	0x7a, 0x00, 0x7d, 0x00, 0x7f, 0x00, 0x82, 0x00, 0x85, 0x00, 0x87, 0x00,
	0x8a, 0x00, 0x8c, 0x00, 0x8e, 0x00, 0x91, 0x00, 0x93, 0x00, 0x95, 0x00,
	0x97, 0x00, 0x99, 0x00, 0x9b, 0x00, 0x9d, 0x00, 0x9f, 0x00, 0xa1, 0x00,
	0xa2, 0x00, 0xa4, 0x00, 0xa6, 0x00, 0xa8, 0x00, 0xa9, 0x00, 0xab, 0x00,
	0xac, 0x00, 0xae, 0x00, 0xaf, 0x00, 0xb1, 0x00, 0xb2, 0x00, 0xb4, 0x00,
	0xb5, 0x00, 0xb7, 0x00, 0xb8, 0x00, 0xb9, 0x00, 0xbb, 0x00, 0xbc, 0x00,
	0xbd, 0x00, 0xbf, 0x00, 0xc0, 0x00, 0xc1, 0x00, 0xc2, 0x00, 0xc4, 0x00,
	0xc5, 0x00, 0xc6, 0x00, 0xc7, 0x00, 0xc8, 0x00, 0xc9, 0x00, 0xca, 0x00,
	0xcc, 0x00, 0xcd, 0x00, 0xce, 0x00, 0xcf, 0x00, 0xd0, 0x00, 0xd1, 0x00,
	0xd2, 0x00, 0xd3, 0x00, 0xd4, 0x00, 0xd5, 0x00, 0xd6, 0x00, 0xd7, 0x00,
	0xd8, 0x00, 0xd9, 0x00, 0xda, 0x00, 0xdb, 0x00, 0xdc, 0x00, 0xdd, 0x00,
	0xdd, 0x00, 0xde, 0x00, 0xdf, 0x00, 0xe0, 0x00, 0xe1, 0x00, 0xe2, 0x00,
	0xe3, 0x00, 0xe4, 0x00, 0xe4, 0x00, 0xe5, 0x00, 0xe6, 0x00, 0xe7, 0x00,
	0xe8, 0x00, 0xe9, 0x00, 0xe9, 0x00, 0xea, 0x00, 0xeb, 0x00, 0xec, 0x00,
	0xed, 0x00, 0xed, 0x00, 0xee, 0x00, 0xef, 0x00, 0xf0, 0x00, 0xf0, 0x00,
	0xf1, 0x00, 0xf2, 0x00, 0xf3, 0x00, 0xf3, 0x00, 0xf4, 0x00, 0xf5, 0x00,
	0xf5, 0x00, 0xf6, 0x00, 0xf7, 0x00, 0xf8, 0x00, 0xf8, 0x00, 0xf9, 0x00,
	0xfa, 0x00, 0xfa, 0x00, 0xfb, 0x00, 0xfc, 0x00, 0xfc, 0x00, 0xfd, 0x00,
	0xfe, 0x00, 0xfe, 0x00, 0xff, 0x00, 0x00, 0x00,
};

/* buf-111-iova000000001d3d4000-fd394-size4096.bin: first 0x104 bytes consumed
 * SHA-256: f79294a4ae3e2ba52ec6c6054d7dea8c412cfa8175f0ef4eff8ed039eda0e962
 */
static const u8 ispfe_pdma_backend_input_1d3d4000[0x104] = {
	0x00, 0x00, 0x17, 0x00, 0x20, 0x00, 0x27, 0x00, 0x2d, 0x00, 0x32, 0x00,
	0x37, 0x00, 0x3c, 0x00, 0x40, 0x00, 0x44, 0x00, 0x47, 0x00, 0x4b, 0x00,
	0x4e, 0x00, 0x51, 0x00, 0x54, 0x00, 0x57, 0x00, 0x5a, 0x00, 0x5d, 0x00,
	0x60, 0x00, 0x62, 0x00, 0x65, 0x00, 0x67, 0x00, 0x6a, 0x00, 0x6c, 0x00,
	0x6f, 0x00, 0x71, 0x00, 0x73, 0x00, 0x75, 0x00, 0x77, 0x00, 0x7a, 0x00,
	0x7c, 0x00, 0x7e, 0x00, 0x80, 0x00, 0x82, 0x00, 0x84, 0x00, 0x86, 0x00,
	0x87, 0x00, 0x89, 0x00, 0x8b, 0x00, 0x8d, 0x00, 0x8f, 0x00, 0x91, 0x00,
	0x92, 0x00, 0x94, 0x00, 0x96, 0x00, 0x97, 0x00, 0x99, 0x00, 0x9b, 0x00,
	0x9c, 0x00, 0x9e, 0x00, 0xa0, 0x00, 0xa1, 0x00, 0xa3, 0x00, 0xa4, 0x00,
	0xa6, 0x00, 0xa7, 0x00, 0xa9, 0x00, 0xaa, 0x00, 0xac, 0x00, 0xad, 0x00,
	0xaf, 0x00, 0xb0, 0x00, 0xb2, 0x00, 0xb3, 0x00, 0xb5, 0x00, 0xb6, 0x00,
	0xb7, 0x00, 0xb9, 0x00, 0xba, 0x00, 0xbc, 0x00, 0xbd, 0x00, 0xbe, 0x00,
	0xc0, 0x00, 0xc1, 0x00, 0xc2, 0x00, 0xc4, 0x00, 0xc5, 0x00, 0xc6, 0x00,
	0xc7, 0x00, 0xc9, 0x00, 0xca, 0x00, 0xcb, 0x00, 0xcc, 0x00, 0xce, 0x00,
	0xcf, 0x00, 0xd0, 0x00, 0xd1, 0x00, 0xd3, 0x00, 0xd4, 0x00, 0xd5, 0x00,
	0xd6, 0x00, 0xd7, 0x00, 0xd9, 0x00, 0xda, 0x00, 0xdb, 0x00, 0xdc, 0x00,
	0xdd, 0x00, 0xde, 0x00, 0xe0, 0x00, 0xe1, 0x00, 0xe2, 0x00, 0xe3, 0x00,
	0xe4, 0x00, 0xe5, 0x00, 0xe6, 0x00, 0xe7, 0x00, 0xe9, 0x00, 0xea, 0x00,
	0xeb, 0x00, 0xec, 0x00, 0xed, 0x00, 0xee, 0x00, 0xef, 0x00, 0xf0, 0x00,
	0xf1, 0x00, 0xf2, 0x00, 0xf3, 0x00, 0xf4, 0x00, 0xf5, 0x00, 0xf6, 0x00,
	0xf7, 0x00, 0xf8, 0x00, 0xf9, 0x00, 0xfa, 0x00, 0xfb, 0x00, 0xfc, 0x00,
	0xfd, 0x00, 0xfe, 0x00, 0xff, 0x00, 0x00, 0x00,
};

static const struct ispfe_pdma_input ispfe_pdma_backend_inputs[] = {
	{ .area_offset = 0x00000, .data = ispfe_pdma_backend_input_1d3df000,
	  .size = sizeof(ispfe_pdma_backend_input_1d3df000) },
	{ .area_offset = 0x01000, .data = ispfe_pdma_backend_input_1d3dc000,
	  .size = sizeof(ispfe_pdma_backend_input_1d3dc000) },
	{ .area_offset = 0x03000, .data = ispfe_pdma_backend_input_1d3de000,
	  .size = sizeof(ispfe_pdma_backend_input_1d3de000) },
	{ .area_offset = 0x04000, .data = ispfe_pdma_backend_input_1d3db000,
	  .size = sizeof(ispfe_pdma_backend_input_1d3db000) },
	{ .area_offset = 0x05000, .data = ispfe_pdma_backend_input_1d3da000,
	  .size = sizeof(ispfe_pdma_backend_input_1d3da000) },
	{ .area_offset = 0x06000, .data = ispfe_pdma_backend_input_1d3d8000,
	  .size = sizeof(ispfe_pdma_backend_input_1d3d8000) },
	{ .area_offset = 0x07000, .data = ispfe_pdma_backend_input_1d3d7000,
	  .size = sizeof(ispfe_pdma_backend_input_1d3d7000) },
	{ .area_offset = 0x08000, .data = ispfe_pdma_backend_input_1d3d6000,
	  .size = sizeof(ispfe_pdma_backend_input_1d3d6000) },
	{ .area_offset = 0x09000, .data = ispfe_pdma_backend_input_1d3d5000,
	  .size = sizeof(ispfe_pdma_backend_input_1d3d5000) },
	{ .area_offset = 0x0a000, .data = ispfe_pdma_backend_input_1d3d4000,
	  .size = sizeof(ispfe_pdma_backend_input_1d3d4000) },
};

/* command 1, grouped-write */
static const u8 ispfe_pdma_backend_payload_01[0x18] = {
	0x50, 0x70, 0x03, 0x00, 0x00, 0x00, 0x00, 0x00, 0x00, 0x74, 0x03, 0x00,
	0x14, 0x00, 0x00, 0x00, 0x04, 0x74, 0x03, 0x00, 0x30, 0x00, 0x00, 0x00,
};

/* command 2, inline-burst, fc/bin_ctx | fc/control */
static const u8 ispfe_pdma_backend_payload_02[0x110] = {
	0x02, 0x00, 0x00, 0x00, 0x00, 0x00, 0x00, 0x00, 0x00, 0x04, 0x00, 0x04,
	0x00, 0x04, 0x00, 0x04, 0x00, 0x04, 0x00, 0x04, 0x00, 0x04, 0x00, 0x04,
	0x00, 0x04, 0x00, 0x04, 0x00, 0x04, 0x00, 0x04, 0x00, 0x04, 0x00, 0x04,
	0x00, 0x04, 0x00, 0x04, 0x00, 0x04, 0x00, 0x04, 0x00, 0x04, 0x00, 0x04,
	0x00, 0x04, 0x00, 0x04, 0x00, 0x04, 0x00, 0x04, 0x00, 0x04, 0x00, 0x04,
	0x00, 0x04, 0x00, 0x04, 0x00, 0x04, 0x00, 0x04, 0x00, 0x04, 0x00, 0x04,
	0x00, 0x04, 0x00, 0x04, 0x00, 0x04, 0x00, 0x04, 0x00, 0x04, 0x00, 0x04,
	0x00, 0x04, 0x00, 0x04, 0x00, 0x01, 0x00, 0x00, 0x00, 0x01, 0x00, 0x00,
	0x00, 0x01, 0x00, 0x00, 0x00, 0x01, 0x00, 0x00, 0x00, 0x0f, 0x00, 0x00,
	0x0d, 0x00, 0x00, 0x00, 0x00, 0x00, 0x00, 0x00, 0x78, 0x00, 0xb4, 0x00,
	0x00, 0x03, 0x08, 0x06, 0x00, 0x10, 0x00, 0x00, 0x00, 0x10, 0x00, 0x00,
	0x00, 0x10, 0x00, 0x00, 0x00, 0x10, 0x00, 0x00, 0x0c, 0x00, 0x00, 0x00,
	0x08, 0x00, 0x10, 0x00, 0xb4, 0x00, 0x50, 0x00, 0xff, 0x0d, 0x38, 0x1d,
	0x00, 0x01, 0x48, 0x01, 0x00, 0x00, 0x00, 0x00, 0x06, 0x00, 0x18, 0x00,
	0x23, 0x00, 0x23, 0x00, 0x65, 0x00, 0x8c, 0x00, 0x40, 0x00, 0x00, 0x04,
	0x80, 0x00, 0x00, 0x10, 0x03, 0x04, 0x08, 0x08, 0x08, 0x00, 0x10, 0x00,
	0x0a, 0x00, 0x28, 0x00, 0x2e, 0x06, 0xff, 0x0e, 0xff, 0x0e, 0xd3, 0x0c,
	0xf0, 0x0b, 0xff, 0x1d, 0xff, 0x1d, 0xa7, 0x19, 0x50, 0x00, 0x00, 0x00,
	0x2d, 0x00, 0x93, 0x04, 0x00, 0x00, 0x00, 0x00, 0x00, 0x07, 0xc0, 0x00,
	0xaa, 0x00, 0x55, 0x00, 0x00, 0x00, 0x00, 0x00, 0x00, 0x00, 0x00, 0x00,
	0x00, 0x00, 0x00, 0x00, 0x00, 0x00, 0x00, 0x00, 0x00, 0x00, 0x00, 0x00,
	0x00, 0x00, 0x00, 0x00, 0x00, 0x00, 0x00, 0x00, 0x00, 0x00, 0x00, 0x00,
	0x00, 0x00, 0x00, 0x00, 0x30, 0x0c, 0x70, 0x10,
};

/* command 3, grouped-write */
static const u8 ispfe_pdma_backend_payload_03[0x48] = {
	0x00, 0x77, 0x03, 0x00, 0x00, 0x00, 0x00, 0x00, 0x00, 0x79, 0x03, 0x00,
	0x00, 0x00, 0x00, 0x00, 0x04, 0x79, 0x03, 0x00, 0x70, 0x10, 0x30, 0x0c,
	0x00, 0x7b, 0x03, 0x00, 0x00, 0x00, 0x00, 0x00, 0x08, 0x70, 0x03, 0x00,
	0x00, 0x00, 0x00, 0x00, 0x0c, 0x70, 0x03, 0x00, 0x0e, 0x00, 0x00, 0x00,
	0x00, 0x7a, 0x03, 0x00, 0x00, 0x00, 0x00, 0x00, 0x04, 0x7b, 0x03, 0x00,
	0x03, 0x00, 0x00, 0x00, 0x28, 0x70, 0x03, 0x00, 0x01, 0x00, 0x00, 0x00,
};

/* command 4, inline-burst, lmp/linearization */
static const u8 ispfe_pdma_backend_payload_04[0x4] = {
	0x02, 0x00, 0x00, 0x00,
};

/* command 6, inline-burst, lmp/blc_config */
static const u8 ispfe_pdma_backend_payload_06[0xc] = {
	0x01, 0x00, 0x00, 0x00, 0x00, 0x08, 0x00, 0x08, 0x00, 0x08, 0x00, 0x08,
};

/* command 7, inline-burst, lmp/dg_config */
static const u8 ispfe_pdma_backend_payload_07[0x14] = {
	0x01, 0x00, 0x00, 0x00, 0x63, 0x11, 0x01, 0x00, 0x63, 0x11, 0x01, 0x00,
	0x63, 0x11, 0x01, 0x00, 0x63, 0x11, 0x01, 0x00,
};

/* command 8, inline-burst, lmp/greenimbalance */
static const u8 ispfe_pdma_backend_payload_08[0x58] = {
	0x07, 0x00, 0x00, 0x00, 0x00, 0x00, 0x10, 0x00, 0x18, 0x00, 0x2e, 0x00,
	0x02, 0x00, 0x07, 0x00, 0x0d, 0x00, 0x00, 0x00, 0x18, 0x00, 0x2e, 0x00,
	0x02, 0x00, 0x07, 0x00, 0x0d, 0x00, 0x00, 0x00, 0x00, 0x00, 0x80, 0x00,
	0xb5, 0x00, 0x00, 0x01, 0x6a, 0x01, 0x00, 0x02, 0xd4, 0x02, 0x00, 0x04,
	0xa8, 0x05, 0x00, 0x08, 0x50, 0x0b, 0x00, 0x00, 0x80, 0x00, 0x35, 0x00,
	0x4b, 0x00, 0x6a, 0x00, 0x96, 0x00, 0xd4, 0x00, 0x2c, 0x01, 0xa8, 0x01,
	0x58, 0x02, 0x50, 0x03, 0xaf, 0x04, 0x00, 0x00, 0x80, 0x20, 0x00, 0x00,
	0x01, 0x00, 0x00, 0x00,
};

/* command 9, inline-burst, lmp/dpc_config */
static const u8 ispfe_pdma_backend_payload_09[0x5c] = {
	0x31, 0x03, 0x66, 0x08, 0x08, 0x01, 0xd6, 0x00, 0x49, 0x28, 0x09, 0x00,
	0x49, 0x19, 0x09, 0x00, 0x24, 0x08, 0x30, 0x75, 0x2f, 0x00, 0x00, 0x00,
	0x20, 0x03, 0x00, 0x00, 0x9a, 0x02, 0x00, 0x00, 0x9a, 0x02, 0x76, 0x00,
	0x00, 0x00, 0x80, 0x00, 0xb5, 0x00, 0x00, 0x01, 0x6a, 0x01, 0x00, 0x02,
	0xd4, 0x02, 0x00, 0x04, 0xa8, 0x05, 0x00, 0x08, 0x50, 0x0b, 0x80, 0x00,
	0x35, 0x00, 0x4b, 0x00, 0x6a, 0x00, 0x96, 0x00, 0xd4, 0x00, 0x2c, 0x01,
	0xa8, 0x01, 0x58, 0x02, 0x50, 0x03, 0xaf, 0x04, 0x70, 0x10, 0x30, 0x0c,
	0x00, 0x00, 0x00, 0x00, 0x00, 0x00, 0x00, 0x00,
};

/* command 10, inline-burst, lmp/lsc_config */
static const u8 ispfe_pdma_backend_payload_10[0x34] = {
	0x03, 0x00, 0x00, 0x00, 0x04, 0x00, 0x00, 0x00, 0x42, 0x00, 0x41, 0x00,
	0xe1, 0x03, 0xf0, 0x03, 0x07, 0x00, 0x00, 0x00, 0x0e, 0x0f, 0x10, 0x11,
	0x12, 0x13, 0x14, 0x15, 0x16, 0x17, 0x18, 0x20, 0x0f, 0x10, 0x11, 0x12,
	0x13, 0x14, 0x15, 0x16, 0x17, 0x18, 0x20, 0x20, 0x00, 0x00, 0x00, 0x01,
	0x0f, 0xee, 0x00, 0x00,
};

/* command 12, inline-burst, lmp/lsc_stats */
static const u8 ispfe_pdma_backend_payload_12[0x34] = {
	0x01, 0x00, 0x00, 0x00, 0x38, 0x00, 0x18, 0x00, 0x40, 0x00, 0x30, 0x00,
	0x40, 0x00, 0x40, 0x00, 0xd0, 0x8a, 0x0c, 0x7b, 0x36, 0x00, 0x5c, 0x00,
	0x5c, 0x00, 0x12, 0x00, 0x00, 0x00, 0xff, 0xff, 0x00, 0x00, 0x70, 0x10,
	0x00, 0x00, 0x00, 0x00, 0x00, 0x00, 0x00, 0x00, 0x00, 0x00, 0x00, 0x00,
	0x00, 0x00, 0x00, 0x00,
};

/* command 13, inline-burst, lmp/awb_stats */
static const u8 ispfe_pdma_backend_payload_13[0x34] = {
	0x01, 0x00, 0x00, 0x00, 0x38, 0x00, 0x18, 0x00, 0x40, 0x00, 0x30, 0x00,
	0x40, 0x00, 0x40, 0x00, 0x00, 0x7e, 0x00, 0x00, 0x00, 0x00, 0x00, 0x00,
	0x00, 0x00, 0x00, 0x01, 0x00, 0x00, 0xff, 0xff, 0x00, 0x00, 0x70, 0x10,
	0x0d, 0x00, 0x00, 0x00, 0x00, 0x00, 0x00, 0x00, 0x00, 0x00, 0x00, 0x00,
	0x00, 0x00, 0x00, 0x00,
};

/* command 14, inline-burst, lmp/histogram */
static const u8 ispfe_pdma_backend_payload_14[0x54] = {
	0x07, 0x00, 0x00, 0x00, 0x78, 0x01, 0x08, 0x01, 0x80, 0x0d, 0x20, 0x0a,
	0x08, 0x00, 0x78, 0x01, 0x08, 0x01, 0x80, 0x0d, 0x20, 0x0a, 0x08, 0x00,
	0x78, 0x01, 0x08, 0x01, 0x80, 0x0d, 0x20, 0x0a, 0x08, 0x00, 0x00, 0x00,
	0x8a, 0x96, 0x3a, 0x00, 0x00, 0x00, 0x08, 0x00, 0x00, 0x10, 0x00, 0x00,
	0x20, 0x00, 0x18, 0x00, 0x00, 0x00, 0x00, 0x00, 0x00, 0x00, 0x00, 0x00,
	0x00, 0x00, 0x00, 0x00, 0x00, 0x00, 0x00, 0x00, 0x00, 0x00, 0x00, 0x00,
	0x00, 0x00, 0x00, 0x00, 0x0d, 0x00, 0x00, 0x00, 0x00, 0x00, 0x00, 0x00,
};

/* command 16, inline-burst, lmp/post_lsc_ae_stats */
static const u8 ispfe_pdma_backend_payload_16[0x28] = {
	0x01, 0x00, 0x00, 0x00, 0x78, 0x01, 0x08, 0x01, 0x40, 0x00, 0x30, 0x00,
	0x36, 0x00, 0x36, 0x00, 0xff, 0x7f, 0x00, 0x80, 0x00, 0x00, 0x00, 0x00,
	0x0d, 0x00, 0x00, 0x00, 0x00, 0x00, 0x00, 0x00, 0x00, 0x00, 0x00, 0x00,
	0x00, 0x00, 0x00, 0x00,
};

/* command 17, inline-burst, lmp/flicker_stats */
static const u8 ispfe_pdma_backend_payload_17[0x10] = {
	0x01, 0x00, 0x00, 0x00, 0x0d, 0x00, 0x00, 0x00, 0x00, 0x80, 0x25, 0x1d,
	0x00, 0x00, 0x00, 0x00,
};

/* command 18, inline-burst, lmp/cdaf_stats */
static const u8 ispfe_pdma_backend_payload_18[0x190] = {
	0x00, 0x00, 0x00, 0x00, 0x00, 0x00, 0x00, 0x00, 0x00, 0x00, 0x00, 0x00,
	0x00, 0x00, 0x00, 0x00, 0x00, 0x00, 0x00, 0x00, 0x00, 0x00, 0x00, 0x00,
	0x00, 0x00, 0x00, 0x00, 0x00, 0x00, 0x00, 0x00, 0x00, 0x00, 0x00, 0x00,
	0x00, 0x00, 0x00, 0x00, 0x00, 0x00, 0x00, 0x00, 0x00, 0x00, 0x00, 0x00,
	0x00, 0x00, 0x00, 0x00, 0x00, 0x00, 0x00, 0x00, 0x00, 0x00, 0x00, 0x00,
	0x00, 0x00, 0x00, 0x00, 0x00, 0x00, 0x00, 0x00, 0x00, 0x00, 0x00, 0x00,
	0x00, 0x00, 0x00, 0x00, 0x00, 0x00, 0x00, 0x00, 0x00, 0x00, 0x00, 0x00,
	0x00, 0x00, 0x00, 0x00, 0x00, 0x00, 0x00, 0x00, 0x00, 0x00, 0x00, 0x00,
	0x00, 0x00, 0x00, 0x00, 0x00, 0x00, 0x00, 0x00, 0x00, 0x00, 0x00, 0x00,
	0x00, 0x00, 0x00, 0x00, 0x00, 0x00, 0x00, 0x00, 0x00, 0x00, 0x00, 0x00,
	0x00, 0x00, 0x00, 0x00, 0x00, 0x00, 0x00, 0x00, 0x00, 0x00, 0x00, 0x00,
	0x00, 0x00, 0x00, 0x00, 0x00, 0x00, 0x00, 0x00, 0x00, 0x00, 0x00, 0x00,
	0x00, 0x00, 0x00, 0x00, 0x00, 0x00, 0x00, 0x00, 0x00, 0x00, 0x00, 0x00,
	0x00, 0x00, 0x00, 0x00, 0x00, 0x00, 0x00, 0x00, 0x00, 0x00, 0x00, 0x00,
	0x00, 0x00, 0x00, 0x00, 0x00, 0x00, 0x00, 0x00, 0x00, 0x00, 0x00, 0x00,
	0x00, 0x00, 0x00, 0x00, 0x00, 0x00, 0x00, 0x00, 0x00, 0x00, 0x00, 0x00,
	0x00, 0x00, 0x00, 0x00, 0x00, 0x00, 0x00, 0x00, 0x00, 0x00, 0x00, 0x00,
	0x00, 0x00, 0x00, 0x00, 0x00, 0x00, 0x00, 0x00, 0x00, 0x00, 0x00, 0x00,
	0x00, 0x00, 0x00, 0x00, 0x00, 0x00, 0x00, 0x00, 0x00, 0x00, 0x00, 0x00,
	0x00, 0x00, 0x00, 0x00, 0x00, 0x00, 0x00, 0x00, 0x00, 0x00, 0x00, 0x00,
	0x00, 0x00, 0x00, 0x00, 0x00, 0x00, 0x00, 0x00, 0x00, 0x00, 0x00, 0x00,
	0x00, 0x00, 0x00, 0x00, 0x00, 0x00, 0x00, 0x00, 0x00, 0x00, 0x00, 0x00,
	0x00, 0x00, 0x00, 0x00, 0x00, 0x00, 0x00, 0x00, 0x00, 0x00, 0x00, 0x00,
	0x00, 0x00, 0x00, 0x00, 0x00, 0x00, 0x00, 0x00, 0x00, 0x00, 0x00, 0x00,
	0x00, 0x00, 0x00, 0x00, 0x00, 0x00, 0x00, 0x00, 0x00, 0x00, 0x00, 0x00,
	0x00, 0x00, 0x00, 0x00, 0x00, 0x00, 0x00, 0x00, 0x00, 0x00, 0x00, 0x00,
	0x00, 0x00, 0x00, 0x00, 0x00, 0x00, 0x00, 0x00, 0x00, 0x00, 0x00, 0x00,
	0x00, 0x00, 0x00, 0x00, 0x00, 0x00, 0x00, 0x00, 0x00, 0x00, 0x00, 0x00,
	0x00, 0x00, 0x00, 0x00, 0x00, 0x00, 0x00, 0x00, 0x00, 0x00, 0x00, 0x00,
	0x00, 0x00, 0x00, 0x00, 0x00, 0x00, 0x00, 0x00, 0x00, 0x00, 0x00, 0x00,
	0x00, 0x00, 0x00, 0x00, 0x00, 0x00, 0x00, 0x00, 0x00, 0x00, 0x00, 0x00,
	0x00, 0x00, 0x00, 0x00, 0x00, 0x00, 0x00, 0x00, 0x00, 0x00, 0x00, 0x00,
	0x0d, 0x00, 0x00, 0x00, 0x00, 0x00, 0x00, 0x00, 0x00, 0x00, 0x00, 0x00,
	0x00, 0x00, 0x00, 0x00,
};

/* command 19, inline-burst, lmp/motion_metering */
static const u8 ispfe_pdma_backend_payload_19[0x44] = {
	0x01, 0x0d, 0x00, 0x00, 0x78, 0x01, 0x08, 0x01, 0x80, 0x00, 0x60, 0x00,
	0x0e, 0x17, 0x17, 0x05, 0x4f, 0x49, 0x43, 0x3d, 0x37, 0x30, 0x2a, 0x24,
	0x1e, 0x18, 0x12, 0x0c, 0x06, 0x00, 0x00, 0x00, 0x00, 0x00, 0x00, 0x00,
	0x00, 0x00, 0x00, 0x00, 0x00, 0x00, 0x00, 0x00, 0x0a, 0x00, 0x00, 0x00,
	0x70, 0x10, 0x30, 0x0c, 0x00, 0x00, 0x88, 0x1c, 0x00, 0x00, 0x00, 0x00,
	0x0d, 0x00, 0x00, 0x00, 0x01, 0x00, 0x00, 0x00,
};

/* command 20, inline-burst, lmp/mm_wbg | lmp/wbg */
static const u8 ispfe_pdma_backend_payload_20[0x18] = {
	0x01, 0x00, 0x00, 0x00, 0x00, 0x21, 0x00, 0x00, 0x00, 0x10, 0x00, 0x00,
	0x00, 0x10, 0x00, 0x00, 0xc7, 0x1a, 0x00, 0x00, 0x01, 0x00, 0x00, 0x00,
};

/* command 21, inline-burst, lmp/alsc_wbg */
static const u8 ispfe_pdma_backend_payload_21[0x18] = {
	0x01, 0x00, 0x00, 0x00, 0x00, 0x21, 0x00, 0x00, 0x00, 0x10, 0x00, 0x00,
	0x00, 0x10, 0x00, 0x00, 0xc7, 0x1a, 0x00, 0x00, 0x00, 0x00, 0x00, 0x00,
};

/* command 22, inline-burst, lmp/demosaic */
static const u8 ispfe_pdma_backend_payload_22[0x10] = {
	0xc0, 0x41, 0x30, 0x0c, 0x03, 0x02, 0x00, 0x02, 0x00, 0x00, 0x00, 0x00,
	0x00, 0x00, 0x00, 0x00,
};

/* command 23, inline-burst, lmp/dds */
static const u8 ispfe_pdma_backend_payload_23[0x10] = {
	0x01, 0x01, 0x00, 0x80, 0x00, 0x00, 0x00, 0x00, 0x70, 0x10, 0x30, 0x0c,
	0x70, 0x10, 0x00, 0x00,
};

/* command 24, inline-burst, lmp/hlr_config */
static const u8 ispfe_pdma_backend_payload_24[0x44] = {
	0x03, 0x00, 0x00, 0x00, 0xff, 0xff, 0x03, 0x00, 0xff, 0xff, 0x03, 0x00,
	0xff, 0xff, 0x03, 0x00, 0xff, 0xff, 0x03, 0x00, 0x00, 0x80, 0xcd, 0x4c,
	0xab, 0x2a, 0x49, 0x12, 0x00, 0x00, 0x00, 0x00, 0x20, 0x00, 0x00, 0x00,
	0xe4, 0x00, 0x00, 0x00, 0xff, 0x7f, 0x1c, 0x00, 0x0a, 0x00, 0x00, 0x02,
	0xff, 0x7f, 0x00, 0x00, 0xff, 0x7f, 0x00, 0x00, 0xff, 0x7f, 0x00, 0x00,
	0xff, 0x7f, 0x00, 0x00, 0x08, 0x00, 0x00, 0x00,
};

/* command 25, inline-burst, lmp/ccm */
static const u8 ispfe_pdma_backend_payload_25[0x1c] = {
	0x01, 0x00, 0xa2, 0x0d, 0x92, 0xfa, 0xcc, 0xff, 0x12, 0xfd, 0x7b, 0x0c,
	0x72, 0xfe, 0xd7, 0xff, 0x6d, 0xf9, 0xbb, 0x0e, 0x00, 0x00, 0x00, 0x00,
	0x00, 0x00, 0x00, 0x00,
};

/* command 26, inline-burst, lmp/gtm */
static const u8 ispfe_pdma_backend_payload_26[0x8] = {
	0x01, 0x00, 0x00, 0x00, 0x00, 0x00, 0x00, 0x00,
};

/* command 28, inline-burst, lmp/gamma */
static const u8 ispfe_pdma_backend_payload_28[0x8] = {
	0x01, 0x00, 0x00, 0x00, 0x00, 0x00, 0x00, 0x00,
};

/* command 30, inline-burst, lmp/csc */
static const u8 ispfe_pdma_backend_payload_30[0x28] = {
	0xc9, 0x04, 0x4d, 0xfd, 0x00, 0x08, 0x64, 0x09, 0xb3, 0xfa, 0x4d, 0xf9,
	0xd3, 0x01, 0x00, 0x08, 0xb3, 0xfe, 0x00, 0x00, 0x00, 0x00, 0x00, 0x00,
	0x00, 0x00, 0x00, 0x00, 0x01, 0x03, 0x03, 0x01, 0x03, 0x00, 0x00, 0x00,
	0x00, 0x00, 0x00, 0x00,
};

/* command 31, inline-burst, lmp/rgb_dg */
static const u8 ispfe_pdma_backend_payload_31[0xc] = {
	0x01, 0x00, 0x00, 0x00, 0x00, 0x10, 0x00, 0x10, 0x00, 0x10, 0x00, 0x00,
};

/* command 32, inline-burst, lmp/rgb_scaler */
static const u8 ispfe_pdma_backend_payload_32[0x20] = {
	0x06, 0x00, 0x00, 0x00, 0x00, 0x01, 0xc0, 0x00, 0x00, 0x40, 0x41, 0x00,
	0x00, 0x00, 0x41, 0x00, 0x02, 0x00, 0x02, 0x00, 0x00, 0x00, 0x00, 0x00,
	0x0e, 0x02, 0x86, 0x01, 0x00, 0x00, 0x00, 0x00,
};

/* command 34, inline-burst, lmp/rgb_tapout */
static const u8 ispfe_pdma_backend_payload_34[0x20] = {
	0x02, 0x00, 0x00, 0x00, 0x00, 0x02, 0x00, 0x00, 0x00, 0x00, 0x00, 0x00,
	0x00, 0x00, 0x00, 0x00, 0x00, 0x00, 0x00, 0x00, 0x00, 0x00, 0x00, 0x00,
	0x00, 0x00, 0x00, 0x00, 0x00, 0x00, 0x00, 0x00,
};

/* command 35, inline-burst, lmp/scaler */
static const u8 ispfe_pdma_backend_payload_35[0x44] = {
	0x50, 0x00, 0x00, 0x00, 0x06, 0x00, 0x06, 0x00, 0x00, 0x00, 0x00, 0x00,
	0x00, 0x00, 0x00, 0x00, 0x00, 0x00, 0x00, 0x00, 0x06, 0x00, 0x06, 0x00,
	0x00, 0x00, 0x00, 0x00, 0x1c, 0x04, 0x0c, 0x03, 0x80, 0x02, 0xe0, 0x01,
	0x80, 0x02, 0xe0, 0x01, 0x40, 0x01, 0x40, 0x01, 0x00, 0x00, 0x34, 0x00,
	0x00, 0x00, 0x34, 0x00, 0x99, 0x99, 0x34, 0x00, 0x00, 0x00, 0x34, 0x00,
	0x00, 0x00, 0x68, 0x00, 0x00, 0x00, 0x4e, 0x00,
};

/* command 38, inline-burst, lmp/output_formatter */
static const u8 ispfe_pdma_backend_payload_38[0x40] = {
	0x02, 0x00, 0x00, 0x00, 0x00, 0x01, 0x00, 0x00, 0x00, 0x00, 0x00, 0x00,
	0x00, 0x01, 0x00, 0x00, 0x00, 0x00, 0x00, 0x00, 0x00, 0x01, 0x00, 0x00,
	0x00, 0x00, 0x00, 0x00, 0x02, 0x00, 0x00, 0x00, 0x80, 0x02, 0x00, 0x00,
	0x80, 0x02, 0x00, 0x00, 0x00, 0x00, 0x00, 0x00, 0x00, 0x00, 0x00, 0x00,
	0x00, 0x00, 0x00, 0x00, 0x00, 0x00, 0x00, 0x00, 0x00, 0x00, 0x00, 0x00,
	0x00, 0x00, 0x00, 0x00,
};

/* command 39, inline-burst, lmp/output_formatter */
static const u8 ispfe_pdma_backend_payload_39[0x40] = {
	0x02, 0x00, 0x00, 0x00, 0x00, 0x01, 0x00, 0x00, 0x00, 0x00, 0x00, 0x00,
	0x00, 0x01, 0x00, 0x00, 0x00, 0x00, 0x00, 0x00, 0x00, 0x01, 0x00, 0x00,
	0x00, 0x00, 0x00, 0x00, 0x02, 0x00, 0x00, 0x00, 0x80, 0x02, 0x00, 0x00,
	0x80, 0x02, 0x00, 0x00, 0x00, 0x00, 0x00, 0x00, 0x00, 0x00, 0x00, 0x00,
	0x00, 0x00, 0x00, 0x00, 0x00, 0x00, 0x00, 0x00, 0x00, 0x00, 0x00, 0x00,
	0x00, 0x00, 0x00, 0x00,
};

/* command 40, inline-burst, lmp/output_formatter */
static const u8 ispfe_pdma_backend_payload_40[0x40] = {
	0x04, 0x00, 0x00, 0x00, 0x2a, 0x01, 0x00, 0x00, 0x99, 0x01, 0x2a, 0x01,
	0x9c, 0x07, 0x30, 0x07, 0x2a, 0x01, 0x04, 0x02, 0x00, 0x00, 0x00, 0x00,
	0x00, 0x00, 0x00, 0x00, 0x00, 0x00, 0x00, 0x00, 0xc0, 0x03, 0x00, 0x00,
	0xc0, 0x03, 0x00, 0x00, 0x00, 0x00, 0x00, 0x00, 0x00, 0x00, 0x00, 0x00,
	0x00, 0x00, 0x00, 0x00, 0x00, 0x00, 0x00, 0x00, 0x00, 0x00, 0x00, 0x00,
	0x00, 0x00, 0x00, 0x00,
};

/* command 41, inline-burst, lmp/sparse_pd */
static const u8 ispfe_pdma_backend_payload_41[0x118] = {
	0x00, 0x00, 0x00, 0x00, 0x00, 0x00, 0x00, 0x00, 0x00, 0x00, 0x00, 0x00,
	0x00, 0x00, 0x00, 0x00, 0x00, 0x00, 0x00, 0x00, 0x00, 0x00, 0x00, 0x00,
	0x00, 0x00, 0x00, 0x00, 0x00, 0x00, 0x00, 0x00, 0x00, 0x00, 0x00, 0x00,
	0x00, 0x00, 0x00, 0x00, 0x00, 0x00, 0x00, 0x00, 0x00, 0x00, 0x00, 0x00,
	0x00, 0x00, 0x00, 0x00, 0x00, 0x00, 0x00, 0x00, 0x00, 0x00, 0x00, 0x00,
	0x00, 0x00, 0x00, 0x00, 0x00, 0x00, 0x00, 0x00, 0x00, 0x00, 0x00, 0x00,
	0x00, 0x00, 0x00, 0x00, 0x00, 0x00, 0x00, 0x00, 0x00, 0x00, 0x00, 0x00,
	0x00, 0x00, 0x00, 0x00, 0x00, 0x00, 0x00, 0x00, 0x00, 0x00, 0x00, 0x00,
	0x00, 0x00, 0x00, 0x00, 0x00, 0x00, 0x00, 0x00, 0x00, 0x00, 0x00, 0x00,
	0x00, 0x00, 0x00, 0x00, 0x00, 0x00, 0x00, 0x00, 0x00, 0x00, 0x00, 0x00,
	0x00, 0x00, 0x00, 0x00, 0x00, 0x00, 0x00, 0x00, 0x00, 0x00, 0x00, 0x00,
	0x00, 0x00, 0x00, 0x00, 0x00, 0x00, 0x00, 0x00, 0x00, 0x00, 0x00, 0x00,
	0x00, 0x00, 0x00, 0x00, 0x00, 0x00, 0x00, 0x00, 0x00, 0x00, 0x00, 0x00,
	0x00, 0x00, 0x00, 0x00, 0x00, 0x00, 0x00, 0x00, 0x00, 0x00, 0x00, 0x00,
	0x00, 0x00, 0x00, 0x00, 0x00, 0x00, 0x00, 0x00, 0x00, 0x00, 0x00, 0x00,
	0x00, 0x00, 0x00, 0x00, 0x00, 0x00, 0x00, 0x00, 0x00, 0x00, 0x00, 0x00,
	0x00, 0x00, 0x00, 0x00, 0x00, 0x00, 0x00, 0x00, 0x00, 0x00, 0x00, 0x00,
	0x00, 0x00, 0x00, 0x00, 0x00, 0x00, 0x00, 0x00, 0x00, 0x00, 0x00, 0x00,
	0x00, 0x00, 0x00, 0x00, 0x00, 0x00, 0x00, 0x00, 0x00, 0x00, 0x00, 0x00,
	0x00, 0x00, 0x00, 0x00, 0x00, 0x00, 0x00, 0x00, 0x00, 0x00, 0x00, 0x00,
	0x00, 0x00, 0x00, 0x00, 0x00, 0x00, 0x00, 0x00, 0x00, 0x00, 0x00, 0x00,
	0x00, 0x00, 0x00, 0x00, 0x00, 0x00, 0x00, 0x00, 0x00, 0x00, 0x00, 0x00,
	0x20, 0x00, 0x20, 0x00, 0x00, 0x00, 0x00, 0x00, 0x00, 0x00, 0x00, 0x00,
	0x70, 0x10, 0x30, 0x0c,
};

/* command 42, inline-burst, lmp/pre_lsc_ae_stats */
static const u8 ispfe_pdma_backend_payload_42[0x28] = {
	0x00, 0x00, 0x00, 0x00, 0x00, 0x00, 0x00, 0x00, 0x00, 0x00, 0x00, 0x00,
	0x00, 0x00, 0x00, 0x00, 0x00, 0x00, 0x00, 0x00, 0x00, 0x00, 0x00, 0x00,
	0x00, 0x00, 0x00, 0x00, 0x00, 0x00, 0x00, 0x00, 0x00, 0x00, 0x00, 0x00,
	0x00, 0x00, 0x00, 0x00,
};

/* command 43, inline-burst, lmp/lightness */
static const u8 ispfe_pdma_backend_payload_43[0x18] = {
	0x00, 0x00, 0x00, 0x00, 0xc0, 0x00, 0x00, 0x00, 0x00, 0x01, 0x00, 0x00,
	0xc9, 0x04, 0x64, 0x09, 0xd3, 0x01, 0x00, 0x00, 0x00, 0x00, 0x00, 0x00,
};

/* command 44, inline-burst, lmp/bilateral_grid_stat */
static const u8 ispfe_pdma_backend_payload_44[0x1c] = {
	0x00, 0x00, 0x00, 0x00, 0x08, 0x10, 0x0c, 0x00, 0x04, 0x00, 0x04, 0x00,
	0x00, 0x08, 0x00, 0x08, 0x00, 0x00, 0x00, 0x00, 0x00, 0x00, 0x00, 0x00,
	0x00, 0x00, 0x00, 0x00,
};

/* command 45, inline-burst, lmp/alignment_formatter */
static const u8 ispfe_pdma_backend_payload_45[0x88] = {
	0x70, 0x10, 0x30, 0x0c, 0xf1, 0x00, 0x00, 0x00, 0x80, 0x00, 0x80, 0x00,
	0x80, 0x00, 0x01, 0x02, 0x04, 0x04, 0x0c, 0x00, 0x00, 0x00, 0x20, 0x08,
	0x18, 0x06, 0x20, 0x08, 0x18, 0x06, 0x00, 0x00, 0x00, 0x00, 0x00, 0x80,
	0x00, 0x00, 0x00, 0x80, 0x00, 0x00, 0x20, 0x08, 0x18, 0x06, 0x00, 0x00,
	0x00, 0x00, 0x00, 0x00, 0x20, 0x02, 0x07, 0x00, 0x01, 0x00, 0x07, 0x00,
	0x0c, 0x00, 0x00, 0x00, 0x20, 0x08, 0x18, 0x06, 0x88, 0x00, 0x62, 0x00,
	0x66, 0xf6, 0x00, 0x00, 0x28, 0x01, 0x01, 0x00, 0x9c, 0xf6, 0x00, 0x00,
	0x00, 0x01, 0x01, 0x00, 0x00, 0x10, 0x00, 0x00, 0x89, 0x08, 0x00, 0x00,
	0x00, 0x10, 0x00, 0x00, 0x89, 0x08, 0x00, 0x00, 0x8d, 0x04, 0x00, 0x00,
	0x89, 0x08, 0x00, 0x00, 0x00, 0x10, 0x00, 0x00, 0x89, 0x08, 0x00, 0x00,
	0x00, 0x10, 0x00, 0x00, 0x00, 0x01, 0x00, 0x01, 0x00, 0x01, 0x00, 0x00,
	0x00, 0x00, 0x00, 0x00,
};

/* command 46, inline-burst, lmp/gaussian_layer */
static const u8 ispfe_pdma_backend_payload_46[0x54] = {
	0x20, 0x08, 0x18, 0x06, 0x0d, 0x11, 0x22, 0x34, 0x08, 0x54, 0x0c, 0x09,
	0x00, 0x00, 0x01, 0x00, 0x80, 0x00, 0x02, 0x00, 0x10, 0x00, 0x01, 0x00,
	0xfe, 0x0f, 0x00, 0x00, 0x00, 0x00, 0x00, 0x16, 0x00, 0x00, 0x40, 0xd0,
	0x00, 0x00, 0x40, 0x53, 0x32, 0x00, 0xc0, 0xe4, 0x3e, 0x00, 0x80, 0x21,
	0x42, 0x00, 0xe0, 0xfc, 0x42, 0x00, 0x40, 0x3a, 0x43, 0x00, 0x20, 0x3a,
	0x43, 0x00, 0x20, 0x08, 0x00, 0x00, 0x20, 0x04, 0x20, 0x02, 0x20, 0x01,
	0xa0, 0x00, 0x60, 0x00, 0x00, 0x00, 0x00, 0x00, 0x00, 0x00, 0x00, 0x00,
};

/* command 49, inline-burst, lmp/bayer_downscale */
static const u8 ispfe_pdma_backend_payload_49[0x20] = {
	0x00, 0x00, 0x00, 0x00, 0x70, 0x10, 0x30, 0x0c, 0x70, 0x10, 0x30, 0x0c,
	0x00, 0x00, 0x00, 0x00, 0x00, 0x00, 0x00, 0x00, 0x00, 0x80, 0x00, 0x00,
	0x00, 0x80, 0x00, 0x00, 0x03, 0x00, 0x00, 0x00,
};

/* command 50, inline-burst, lmp/bayer_gamma0 */
static const u8 ispfe_pdma_backend_payload_50[0x8] = {
	0x00, 0x00, 0x00, 0x00, 0x00, 0x00, 0x00, 0x00,
};

/* command 51, inline-burst, lmp/bayer_gamma1 */
static const u8 ispfe_pdma_backend_payload_51[0x8] = {
	0x00, 0x00, 0x00, 0x00, 0x00, 0x00, 0x00, 0x00,
};

/* command 52, inline-burst, lmp/bayer_output_formatter0 */
static const u8 ispfe_pdma_backend_payload_52[0xc] = {
	0x03, 0x00, 0x0d, 0x00, 0x00, 0x10, 0x00, 0x00, 0x03, 0x00, 0x00, 0x00,
};

/* command 53, inline-burst, lmp/bayer_output_formatter1 */
static const u8 ispfe_pdma_backend_payload_53[0xc] = {
	0x02, 0x00, 0x0d, 0x00, 0x00, 0x10, 0x00, 0x00, 0x00, 0x00, 0x00, 0x00,
};

/* command 54, inline-burst, lmp/bayer_output0_wdma_csrs */
static const u8 ispfe_pdma_backend_payload_54[0x3c] = {
	0x70, 0x10, 0x30, 0x0c, 0x51, 0x0b, 0x00, 0x00, 0x10, 0x01, 0x00, 0x00,
	0x00, 0x00, 0x00, 0x00, 0x00, 0x00, 0x00, 0x00, 0x02, 0x00, 0x00, 0x00,
	0x00, 0x00, 0x00, 0x00, 0x00, 0x00, 0x00, 0x00, 0x01, 0x00, 0x00, 0x00,
	0x00, 0x00, 0x00, 0x00, 0x00, 0x00, 0x00, 0x00, 0x00, 0x00, 0x00, 0x00,
	0x00, 0x00, 0x00, 0x00, 0x00, 0x00, 0x00, 0x00, 0x00, 0x00, 0x00, 0x00,
};

/* command 55, inline-burst, lmp/bayer_output1_wdma_csrs */
static const u8 ispfe_pdma_backend_payload_55[0x3c] = {
	0x70, 0x10, 0x30, 0x0c, 0x00, 0x04, 0x00, 0x00, 0x00, 0x00, 0x00, 0x00,
	0x00, 0x00, 0x00, 0x00, 0x00, 0x00, 0x00, 0x00, 0x00, 0x00, 0x00, 0x00,
	0x00, 0x00, 0x00, 0x00, 0x00, 0x00, 0x00, 0x00, 0x00, 0x00, 0x00, 0x00,
	0x00, 0x00, 0x00, 0x00, 0x00, 0x00, 0x00, 0x00, 0x00, 0x00, 0x00, 0x00,
	0x00, 0x00, 0x00, 0x00, 0x00, 0x00, 0x00, 0x00, 0x00, 0x00, 0x00, 0x00,
};

/* command 56, inline-burst, lmp/status_queue */
static const u8 ispfe_pdma_backend_payload_56[0xc] = {
	0x01, 0x00, 0x00, 0x00, 0x00, 0x40, 0x8c, 0x1c, 0x00, 0x00, 0x00, 0x00,
};

/* command 57, inline-burst, lmp/frame_config */
static const u8 ispfe_pdma_backend_payload_57[0x2c] = {
	0x70, 0x10, 0x30, 0x0c, 0x00, 0x00, 0x00, 0x00, 0x00, 0x00, 0x00, 0x00,
	0x14, 0x00, 0x00, 0x00, 0xdc, 0x90, 0x3e, 0x00, 0x20, 0x39, 0x00, 0x00,
	0x05, 0x00, 0x00, 0x00, 0x01, 0x00, 0x00, 0x00, 0x00, 0x00, 0x00, 0x00,
	0x00, 0x00, 0x00, 0x10, 0x00, 0x00, 0x00, 0x00,
};

/* command 58, inline-burst, lmp/batch_mode_bayer_size |
 * lmp/batch_mode_config
 */
static const u8 ispfe_pdma_backend_payload_58[0x8] = {
	0x00, 0x00, 0x00, 0x00, 0x00, 0x00, 0x00, 0x00,
};

/* command 59, inline-burst, lmp/batch_mode_bayer_config |
 * lmp/batch_mode_bayer_config_offset
 */
static const u8 ispfe_pdma_backend_payload_59[0xaa0] = {
	0x00, 0x80, 0x01, 0x00, 0x00, 0x00, 0x03, 0x00, 0x00, 0xb0, 0x04, 0x00,
	0x00, 0x60, 0x09, 0x00, 0x00, 0xb0, 0x04, 0x00, 0x00, 0x60, 0x09, 0x00,
	0x00, 0xb0, 0x04, 0x00, 0x00, 0x60, 0x09, 0x00, 0xf8, 0xb5, 0x01, 0x00,
	0x03, 0x00, 0x00, 0x00, 0x00, 0x00, 0x00, 0x00, 0x00, 0x00, 0x00, 0x00,
	0x00, 0x00, 0x00, 0x00, 0x00, 0x00, 0x00, 0x00, 0x00, 0x00, 0x90, 0x1c,
	0x00, 0x00, 0x00, 0x00, 0x00, 0x00, 0x30, 0x1d, 0x00, 0x00, 0x00, 0x00,
	0x00, 0x80, 0x25, 0x1d, 0x00, 0x00, 0x00, 0x00, 0x00, 0x00, 0x8c, 0x1c,
	0x00, 0x00, 0x00, 0x00, 0x00, 0x40, 0x25, 0x1d, 0x00, 0x00, 0x00, 0x00,
	0x00, 0x00, 0x25, 0x1d, 0x00, 0x00, 0x00, 0x00, 0x00, 0x00, 0x60, 0x1d,
	0x00, 0x00, 0x00, 0x00, 0x00, 0x00, 0x88, 0x1c, 0x00, 0x00, 0x00, 0x00,
	0x00, 0x00, 0x00, 0x00, 0x00, 0x00, 0x00, 0x00, 0x00, 0x0c, 0x53, 0x18,
	0x00, 0x00, 0x00, 0x00, 0x00, 0x00, 0x50, 0x18, 0x00, 0x00, 0x00, 0x00,
	0x00, 0x00, 0x00, 0x00, 0x00, 0x00, 0x00, 0x00, 0x00, 0x00, 0x00, 0x00,
	0x00, 0x00, 0x00, 0x00, 0x00, 0x00, 0x50, 0x1d, 0x00, 0x00, 0x00, 0x00,
	0x00, 0x00, 0x68, 0x1d, 0x00, 0x00, 0x00, 0x00, 0x00, 0x00, 0x00, 0x00,
	0x00, 0x00, 0x00, 0x00, 0x00, 0x00, 0x18, 0x1d, 0x00, 0x00, 0x00, 0x00,
	0x00, 0x00, 0x00, 0x16, 0x00, 0x00, 0x00, 0x00, 0x00, 0x00, 0x00, 0x00,
	0x00, 0x00, 0x00, 0x00, 0x00, 0x00, 0x00, 0x00, 0x00, 0x00, 0x00, 0x00,
	0x00, 0x00, 0x00, 0x00, 0x00, 0x00, 0x00, 0x00, 0x00, 0x00, 0x00, 0x00,
	0x00, 0x00, 0x00, 0x00, 0x00, 0x00, 0x00, 0x00, 0x00, 0x00, 0x00, 0x00,
	0x00, 0x00, 0x00, 0x00, 0x00, 0x00, 0x00, 0x00, 0x00, 0x00, 0x00, 0x00,
	0x00, 0x00, 0x00, 0x00, 0x00, 0x00, 0x00, 0x00, 0x00, 0x00, 0x00, 0x00,
	0x00, 0x00, 0x00, 0x00, 0x00, 0x00, 0x00, 0x00, 0x00, 0x00, 0x00, 0x00,
	0x00, 0x00, 0x00, 0x00, 0x00, 0x00, 0x00, 0x00, 0x00, 0x00, 0x00, 0x00,
	0x00, 0x00, 0x00, 0x00, 0x00, 0x00, 0x00, 0x00, 0x00, 0x00, 0x00, 0x00,
	0x00, 0x00, 0x00, 0x00, 0x00, 0x00, 0x00, 0x00, 0x00, 0x00, 0x00, 0x00,
	0x00, 0x00, 0x00, 0x00, 0x00, 0x00, 0x00, 0x00, 0x00, 0x00, 0x00, 0x00,
	0x00, 0x00, 0x00, 0x00, 0x00, 0x00, 0x00, 0x00, 0x00, 0x00, 0x00, 0x00,
	0x00, 0x00, 0x00, 0x00, 0x00, 0x00, 0x00, 0x00, 0x00, 0x00, 0x00, 0x00,
	0x00, 0x00, 0x00, 0x00, 0x00, 0x00, 0x00, 0x00, 0x00, 0x00, 0x00, 0x00,
	0x00, 0x00, 0x00, 0x00, 0x00, 0x00, 0x00, 0x00, 0x00, 0x00, 0x00, 0x00,
	0x00, 0x00, 0x00, 0x00, 0x00, 0x00, 0x00, 0x00, 0x00, 0x00, 0x00, 0x00,
	0x00, 0x00, 0x00, 0x00, 0x00, 0x00, 0x00, 0x00, 0x00, 0x00, 0x00, 0x00,
	0x00, 0x00, 0x00, 0x00, 0x00, 0x00, 0x00, 0x00, 0x00, 0x00, 0x00, 0x00,
	0x00, 0x00, 0x00, 0x00, 0x00, 0x00, 0x00, 0x00, 0x00, 0x00, 0x00, 0x00,
	0x00, 0x00, 0x00, 0x00, 0x00, 0x00, 0x00, 0x00, 0x00, 0x00, 0x00, 0x00,
	0x00, 0x00, 0x00, 0x00, 0x00, 0x00, 0x00, 0x00, 0x00, 0x00, 0x00, 0x00,
	0x00, 0x00, 0x00, 0x00, 0x00, 0x00, 0x00, 0x00, 0x00, 0x00, 0x00, 0x00,
	0x00, 0x00, 0x00, 0x00, 0x00, 0x00, 0x00, 0x00, 0x00, 0x00, 0x00, 0x00,
	0x00, 0x00, 0x00, 0x00, 0x00, 0x00, 0x00, 0x00, 0x00, 0x00, 0x00, 0x00,
	0x00, 0x00, 0x00, 0x00, 0x00, 0x00, 0x00, 0x00, 0x00, 0x00, 0x00, 0x00,
	0x00, 0x00, 0x00, 0x00, 0x00, 0x00, 0x00, 0x00, 0x00, 0x00, 0x00, 0x00,
	0x00, 0x00, 0x00, 0x00, 0x00, 0x00, 0x00, 0x00, 0x00, 0x00, 0x00, 0x00,
	0x00, 0x00, 0x00, 0x00, 0x00, 0x00, 0x00, 0x00, 0x00, 0x00, 0x00, 0x00,
	0x00, 0x00, 0x00, 0x00, 0x00, 0x00, 0x00, 0x00, 0x00, 0x00, 0x00, 0x00,
	0x00, 0x00, 0x00, 0x00, 0x00, 0x00, 0x00, 0x00, 0x00, 0x00, 0x00, 0x00,
	0x00, 0x00, 0x00, 0x00, 0x00, 0x00, 0x00, 0x00, 0x00, 0x00, 0x00, 0x00,
	0x00, 0x00, 0x00, 0x00, 0x00, 0x00, 0x00, 0x00, 0x00, 0x00, 0x00, 0x00,
	0x00, 0x00, 0x00, 0x00, 0x00, 0x00, 0x00, 0x00, 0x00, 0x00, 0x00, 0x00,
	0x00, 0x00, 0x00, 0x00, 0x00, 0x00, 0x00, 0x00, 0x00, 0x00, 0x00, 0x00,
	0x00, 0x00, 0x00, 0x00, 0x00, 0x00, 0x00, 0x00, 0x00, 0x00, 0x00, 0x00,
	0x00, 0x00, 0x00, 0x00, 0x00, 0x00, 0x00, 0x00, 0x00, 0x00, 0x00, 0x00,
	0x00, 0x00, 0x00, 0x00, 0x00, 0x00, 0x00, 0x00, 0x00, 0x00, 0x00, 0x00,
	0x00, 0x00, 0x00, 0x00, 0x00, 0x00, 0x00, 0x00, 0x00, 0x00, 0x00, 0x00,
	0x00, 0x00, 0x00, 0x00, 0x00, 0x00, 0x00, 0x00, 0x00, 0x00, 0x00, 0x00,
	0x00, 0x00, 0x00, 0x00, 0x00, 0x00, 0x00, 0x00, 0x00, 0x00, 0x00, 0x00,
	0x00, 0x00, 0x00, 0x00, 0x00, 0x00, 0x00, 0x00, 0x00, 0x00, 0x00, 0x00,
	0x00, 0x00, 0x00, 0x00, 0x00, 0x00, 0x00, 0x00, 0x00, 0x00, 0x00, 0x00,
	0x00, 0x00, 0x00, 0x00, 0x00, 0x00, 0x00, 0x00, 0x00, 0x00, 0x00, 0x00,
	0x00, 0x00, 0x00, 0x00, 0x00, 0x00, 0x00, 0x00, 0x00, 0x00, 0x00, 0x00,
	0x00, 0x00, 0x00, 0x00, 0x00, 0x00, 0x00, 0x00, 0x00, 0x00, 0x00, 0x00,
	0x00, 0x00, 0x00, 0x00, 0x00, 0x00, 0x00, 0x00, 0x00, 0x00, 0x00, 0x00,
	0x00, 0x00, 0x00, 0x00, 0x00, 0x00, 0x00, 0x00, 0x00, 0x00, 0x00, 0x00,
	0x00, 0x00, 0x00, 0x00, 0x00, 0x00, 0x00, 0x00, 0x00, 0x00, 0x00, 0x00,
	0x00, 0x00, 0x00, 0x00, 0x00, 0x00, 0x00, 0x00, 0x00, 0x00, 0x00, 0x00,
	0x00, 0x00, 0x00, 0x00, 0x00, 0x00, 0x00, 0x00, 0x00, 0x00, 0x00, 0x00,
	0x00, 0x00, 0x00, 0x00, 0x00, 0x00, 0x00, 0x00, 0x00, 0x00, 0x00, 0x00,
	0x00, 0x00, 0x00, 0x00, 0x00, 0x00, 0x00, 0x00, 0x00, 0x00, 0x00, 0x00,
	0x00, 0x00, 0x00, 0x00, 0x00, 0x00, 0x00, 0x00, 0x00, 0x00, 0x00, 0x00,
	0x00, 0x00, 0x00, 0x00, 0x00, 0x00, 0x00, 0x00, 0x00, 0x00, 0x00, 0x00,
	0x00, 0x00, 0x00, 0x00, 0x00, 0x00, 0x00, 0x00, 0x00, 0x00, 0x00, 0x00,
	0x00, 0x00, 0x00, 0x00, 0x00, 0x00, 0x00, 0x00, 0x00, 0x00, 0x00, 0x00,
	0x00, 0x00, 0x00, 0x00, 0x00, 0x00, 0x00, 0x00, 0x00, 0x00, 0x00, 0x00,
	0x00, 0x00, 0x00, 0x00, 0x00, 0x00, 0x00, 0x00, 0x00, 0x00, 0x00, 0x00,
	0x00, 0x00, 0x00, 0x00, 0x00, 0x00, 0x00, 0x00, 0x00, 0x00, 0x00, 0x00,
	0x00, 0x00, 0x00, 0x00, 0x00, 0x00, 0x00, 0x00, 0x00, 0x00, 0x00, 0x00,
	0x00, 0x00, 0x00, 0x00, 0x00, 0x00, 0x00, 0x00, 0x00, 0x00, 0x00, 0x00,
	0x00, 0x00, 0x00, 0x00, 0x00, 0x00, 0x00, 0x00, 0x00, 0x00, 0x00, 0x00,
	0x00, 0x00, 0x00, 0x00, 0x00, 0x00, 0x00, 0x00, 0x00, 0x00, 0x00, 0x00,
	0x00, 0x00, 0x00, 0x00, 0x00, 0x00, 0x00, 0x00, 0x00, 0x00, 0x00, 0x00,
	0x00, 0x00, 0x00, 0x00, 0x00, 0x00, 0x00, 0x00, 0x00, 0x00, 0x00, 0x00,
	0x00, 0x00, 0x00, 0x00, 0x00, 0x00, 0x00, 0x00, 0x00, 0x00, 0x00, 0x00,
	0x00, 0x00, 0x00, 0x00, 0x00, 0x00, 0x00, 0x00, 0x00, 0x00, 0x00, 0x00,
	0x00, 0x00, 0x00, 0x00, 0x00, 0x00, 0x00, 0x00, 0x00, 0x00, 0x00, 0x00,
	0x00, 0x00, 0x00, 0x00, 0x00, 0x00, 0x00, 0x00, 0x00, 0x00, 0x00, 0x00,
	0x00, 0x00, 0x00, 0x00, 0x00, 0x00, 0x00, 0x00, 0x00, 0x00, 0x00, 0x00,
	0x00, 0x00, 0x00, 0x00, 0x00, 0x00, 0x00, 0x00, 0x00, 0x00, 0x00, 0x00,
	0x00, 0x00, 0x00, 0x00, 0x00, 0x00, 0x00, 0x00, 0x00, 0x00, 0x00, 0x00,
	0x00, 0x00, 0x00, 0x00, 0x00, 0x00, 0x00, 0x00, 0x00, 0x00, 0x00, 0x00,
	0x00, 0x00, 0x00, 0x00, 0x00, 0x00, 0x00, 0x00, 0x00, 0x00, 0x00, 0x00,
	0x00, 0x00, 0x00, 0x00, 0x00, 0x00, 0x00, 0x00, 0x00, 0x00, 0x00, 0x00,
	0x00, 0x00, 0x00, 0x00, 0x00, 0x00, 0x00, 0x00, 0x00, 0x00, 0x00, 0x00,
	0x00, 0x00, 0x00, 0x00, 0x00, 0x00, 0x00, 0x00, 0x00, 0x00, 0x00, 0x00,
	0x00, 0x00, 0x00, 0x00, 0x00, 0x00, 0x00, 0x00, 0x00, 0x00, 0x00, 0x00,
	0x00, 0x00, 0x00, 0x00, 0x00, 0x00, 0x00, 0x00, 0x00, 0x00, 0x00, 0x00,
	0x00, 0x00, 0x00, 0x00, 0x00, 0x00, 0x00, 0x00, 0x00, 0x00, 0x00, 0x00,
	0x00, 0x00, 0x00, 0x00, 0x00, 0x00, 0x00, 0x00, 0x00, 0x00, 0x00, 0x00,
	0x00, 0x00, 0x00, 0x00, 0x00, 0x00, 0x00, 0x00, 0x00, 0x00, 0x00, 0x00,
	0x00, 0x00, 0x00, 0x00, 0x00, 0x00, 0x00, 0x00, 0x00, 0x00, 0x00, 0x00,
	0x00, 0x00, 0x00, 0x00, 0x00, 0x00, 0x00, 0x00, 0x00, 0x00, 0x00, 0x00,
	0x00, 0x00, 0x00, 0x00, 0x00, 0x00, 0x00, 0x00, 0x00, 0x00, 0x00, 0x00,
	0x00, 0x00, 0x00, 0x00, 0x00, 0x00, 0x00, 0x00, 0x00, 0x00, 0x00, 0x00,
	0x00, 0x00, 0x00, 0x00, 0x00, 0x00, 0x00, 0x00, 0x00, 0x00, 0x00, 0x00,
	0x00, 0x00, 0x00, 0x00, 0x00, 0x00, 0x00, 0x00, 0x00, 0x00, 0x00, 0x00,
	0x00, 0x00, 0x00, 0x00, 0x00, 0x00, 0x00, 0x00, 0x00, 0x00, 0x00, 0x00,
	0x00, 0x00, 0x00, 0x00, 0x00, 0x00, 0x00, 0x00, 0x00, 0x00, 0x00, 0x00,
	0x00, 0x00, 0x00, 0x00, 0x00, 0x00, 0x00, 0x00, 0x00, 0x00, 0x00, 0x00,
	0x00, 0x00, 0x00, 0x00, 0x00, 0x00, 0x00, 0x00, 0x00, 0x00, 0x00, 0x00,
	0x00, 0x00, 0x00, 0x00, 0x00, 0x00, 0x00, 0x00, 0x00, 0x00, 0x00, 0x00,
	0x00, 0x00, 0x00, 0x00, 0x00, 0x00, 0x00, 0x00, 0x00, 0x00, 0x00, 0x00,
	0x00, 0x00, 0x00, 0x00, 0x00, 0x00, 0x00, 0x00, 0x00, 0x00, 0x00, 0x00,
	0x00, 0x00, 0x00, 0x00, 0x00, 0x00, 0x00, 0x00, 0x00, 0x00, 0x00, 0x00,
	0x00, 0x00, 0x00, 0x00, 0x00, 0x00, 0x00, 0x00, 0x00, 0x00, 0x00, 0x00,
	0x00, 0x00, 0x00, 0x00, 0x00, 0x00, 0x00, 0x00, 0x00, 0x00, 0x00, 0x00,
	0x00, 0x00, 0x00, 0x00, 0x00, 0x00, 0x00, 0x00, 0x00, 0x00, 0x00, 0x00,
	0x00, 0x00, 0x00, 0x00, 0x00, 0x00, 0x00, 0x00, 0x00, 0x00, 0x00, 0x00,
	0x00, 0x00, 0x00, 0x00, 0x00, 0x00, 0x00, 0x00, 0x00, 0x00, 0x00, 0x00,
	0x00, 0x00, 0x00, 0x00, 0x00, 0x00, 0x00, 0x00, 0x00, 0x00, 0x00, 0x00,
	0x00, 0x00, 0x00, 0x00, 0x00, 0x00, 0x00, 0x00, 0x00, 0x00, 0x00, 0x00,
	0x00, 0x00, 0x00, 0x00, 0x00, 0x00, 0x00, 0x00, 0x00, 0x00, 0x00, 0x00,
	0x00, 0x00, 0x00, 0x00, 0x00, 0x00, 0x00, 0x00, 0x00, 0x00, 0x00, 0x00,
	0x00, 0x00, 0x00, 0x00, 0x00, 0x00, 0x00, 0x00, 0x00, 0x00, 0x00, 0x00,
	0x00, 0x00, 0x00, 0x00, 0x00, 0x00, 0x00, 0x00, 0x00, 0x00, 0x00, 0x00,
	0x00, 0x00, 0x00, 0x00, 0x00, 0x00, 0x00, 0x00, 0x00, 0x00, 0x00, 0x00,
	0x00, 0x00, 0x00, 0x00, 0x00, 0x00, 0x00, 0x00, 0x00, 0x00, 0x00, 0x00,
	0x00, 0x00, 0x00, 0x00, 0x00, 0x00, 0x00, 0x00, 0x00, 0x00, 0x00, 0x00,
	0x00, 0x00, 0x00, 0x00, 0x00, 0x00, 0x00, 0x00, 0x00, 0x00, 0x00, 0x00,
	0x00, 0x00, 0x00, 0x00, 0x00, 0x00, 0x00, 0x00, 0x00, 0x00, 0x00, 0x00,
	0x00, 0x00, 0x00, 0x00, 0x00, 0x00, 0x00, 0x00, 0x00, 0x00, 0x00, 0x00,
	0x00, 0x00, 0x00, 0x00, 0x00, 0x00, 0x00, 0x00, 0x00, 0x00, 0x00, 0x00,
	0x00, 0x00, 0x00, 0x00, 0x00, 0x00, 0x00, 0x00, 0x00, 0x00, 0x00, 0x00,
	0x00, 0x00, 0x00, 0x00, 0x00, 0x00, 0x00, 0x00, 0x00, 0x00, 0x00, 0x00,
	0x00, 0x00, 0x00, 0x00, 0x00, 0x00, 0x00, 0x00, 0x00, 0x00, 0x00, 0x00,
	0x00, 0x00, 0x00, 0x00, 0x00, 0x00, 0x00, 0x00, 0x00, 0x00, 0x00, 0x00,
	0x00, 0x00, 0x00, 0x00, 0x00, 0x00, 0x00, 0x00, 0x00, 0x00, 0x00, 0x00,
	0x00, 0x00, 0x00, 0x00, 0x00, 0x00, 0x00, 0x00, 0x00, 0x00, 0x00, 0x00,
	0x00, 0x00, 0x00, 0x00, 0x00, 0x00, 0x00, 0x00, 0x00, 0x00, 0x00, 0x00,
	0x00, 0x00, 0x00, 0x00, 0x00, 0x00, 0x00, 0x00, 0x00, 0x00, 0x00, 0x00,
	0x00, 0x00, 0x00, 0x00, 0x00, 0x00, 0x00, 0x00, 0x00, 0x00, 0x00, 0x00,
	0x00, 0x00, 0x00, 0x00, 0x00, 0x00, 0x00, 0x00, 0x00, 0x00, 0x00, 0x00,
	0x00, 0x00, 0x00, 0x00, 0x00, 0x00, 0x00, 0x00, 0x00, 0x00, 0x00, 0x00,
	0x00, 0x00, 0x00, 0x00, 0x00, 0x00, 0x00, 0x00, 0x00, 0x00, 0x00, 0x00,
	0x00, 0x00, 0x00, 0x00, 0x00, 0x00, 0x00, 0x00, 0x00, 0x00, 0x00, 0x00,
	0x00, 0x00, 0x00, 0x00, 0x00, 0x00, 0x00, 0x00, 0x00, 0x00, 0x00, 0x00,
	0x00, 0x00, 0x00, 0x00, 0x00, 0x00, 0x00, 0x00, 0x00, 0x00, 0x00, 0x00,
	0x00, 0x00, 0x00, 0x00, 0x00, 0x00, 0x00, 0x00, 0x00, 0x00, 0x00, 0x00,
	0x00, 0x00, 0x00, 0x00, 0x00, 0x00, 0x00, 0x00, 0x00, 0x00, 0x00, 0x00,
	0x00, 0x00, 0x00, 0x00, 0x00, 0x00, 0x00, 0x00, 0x00, 0x00, 0x00, 0x00,
	0x00, 0x00, 0x00, 0x00, 0x00, 0x00, 0x00, 0x00, 0x00, 0x00, 0x00, 0x00,
	0x00, 0x00, 0x00, 0x00, 0x00, 0x00, 0x00, 0x00, 0x00, 0x00, 0x00, 0x00,
	0x00, 0x00, 0x00, 0x00, 0x00, 0x00, 0x00, 0x00, 0x00, 0x00, 0x00, 0x00,
	0x00, 0x00, 0x00, 0x00, 0x00, 0x00, 0x00, 0x00, 0x00, 0x00, 0x00, 0x00,
	0x00, 0x00, 0x00, 0x00, 0x00, 0x00, 0x00, 0x00, 0x00, 0x00, 0x00, 0x00,
	0x00, 0x00, 0x00, 0x00, 0x00, 0x00, 0x00, 0x00, 0x00, 0x00, 0x00, 0x00,
	0x00, 0x00, 0x00, 0x00, 0x00, 0x00, 0x00, 0x00, 0x00, 0x00, 0x00, 0x00,
	0x00, 0x00, 0x00, 0x00, 0x00, 0x00, 0x00, 0x00, 0x00, 0x00, 0x00, 0x00,
	0x00, 0x00, 0x00, 0x00, 0x00, 0x00, 0x00, 0x00, 0x00, 0x00, 0x00, 0x00,
	0x00, 0x00, 0x00, 0x00, 0x00, 0x00, 0x00, 0x00, 0x00, 0x00, 0x00, 0x00,
	0x00, 0x00, 0x00, 0x00, 0x00, 0x00, 0x00, 0x00, 0x00, 0x00, 0x00, 0x00,
	0x00, 0x00, 0x00, 0x00, 0x00, 0x00, 0x00, 0x00, 0x00, 0x00, 0x00, 0x00,
	0x00, 0x00, 0x00, 0x00, 0x00, 0x00, 0x00, 0x00, 0x00, 0x00, 0x00, 0x00,
	0x00, 0x00, 0x00, 0x00, 0x00, 0x00, 0x00, 0x00, 0x00, 0x00, 0x00, 0x00,
	0x00, 0x00, 0x00, 0x00, 0x00, 0x00, 0x00, 0x00, 0x00, 0x00, 0x00, 0x00,
	0x00, 0x00, 0x00, 0x00, 0x00, 0x00, 0x00, 0x00, 0x00, 0x00, 0x00, 0x00,
	0x00, 0x00, 0x00, 0x00, 0x00, 0x00, 0x00, 0x00, 0x00, 0x00, 0x00, 0x00,
	0x00, 0x00, 0x00, 0x00, 0x00, 0x00, 0x00, 0x00, 0x00, 0x00, 0x00, 0x00,
	0x00, 0x00, 0x00, 0x00, 0x00, 0x00, 0x00, 0x00, 0x00, 0x00, 0x00, 0x00,
	0x00, 0x00, 0x00, 0x00, 0x00, 0x00, 0x00, 0x00, 0x00, 0x00, 0x00, 0x00,
	0x00, 0x00, 0x00, 0x00, 0x00, 0x00, 0x00, 0x00, 0x00, 0x00, 0x00, 0x00,
	0x00, 0x00, 0x00, 0x00, 0x00, 0x00, 0x00, 0x00, 0x00, 0x00, 0x00, 0x00,
	0x00, 0x00, 0x00, 0x00, 0x00, 0x00, 0x00, 0x00, 0x00, 0x00, 0x00, 0x00,
	0x00, 0x00, 0x00, 0x00, 0x00, 0x00, 0x00, 0x00, 0x00, 0x00, 0x00, 0x00,
	0x00, 0x00, 0x00, 0x00, 0x00, 0x00, 0x00, 0x00, 0x00, 0x00, 0x00, 0x00,
	0x00, 0x00, 0x00, 0x00, 0x00, 0x00, 0x00, 0x00, 0x00, 0x00, 0x00, 0x00,
	0x00, 0x00, 0x00, 0x00, 0x00, 0x00, 0x00, 0x00, 0x00, 0x00, 0x00, 0x00,
	0x00, 0x00, 0x00, 0x00, 0x00, 0x00, 0x00, 0x00, 0x00, 0x00, 0x00, 0x00,
	0x00, 0x00, 0x00, 0x00, 0x00, 0x00, 0x00, 0x00, 0x00, 0x00, 0x00, 0x00,
	0x00, 0x00, 0x00, 0x00, 0x00, 0x00, 0x00, 0x00, 0x00, 0x00, 0x00, 0x00,
	0x00, 0x00, 0x00, 0x00, 0x00, 0x00, 0x00, 0x00, 0x00, 0x00, 0x00, 0x00,
	0x00, 0x00, 0x00, 0x00, 0x00, 0x00, 0x00, 0x00, 0x00, 0x00, 0x00, 0x00,
	0x00, 0x00, 0x00, 0x00, 0x00, 0x00, 0x00, 0x00, 0x00, 0x00, 0x00, 0x00,
	0x00, 0x00, 0x00, 0x00, 0x00, 0x00, 0x00, 0x00, 0x00, 0x00, 0x00, 0x00,
	0x00, 0x00, 0x00, 0x00, 0x00, 0x00, 0x00, 0x00, 0x00, 0x00, 0x00, 0x00,
	0x00, 0x00, 0x00, 0x00, 0x00, 0x00, 0x00, 0x00, 0x00, 0x00, 0x00, 0x00,
	0x00, 0x00, 0x00, 0x00, 0x00, 0x00, 0x00, 0x00, 0x00, 0x00, 0x00, 0x00,
	0x00, 0x00, 0x00, 0x00, 0x00, 0x00, 0x00, 0x00, 0x00, 0x00, 0x00, 0x00,
	0x00, 0x00, 0x00, 0x00, 0x00, 0x00, 0x00, 0x00, 0x00, 0x00, 0x00, 0x00,
	0x00, 0x00, 0x00, 0x00, 0x00, 0x00, 0x00, 0x00, 0x00, 0x00, 0x00, 0x00,
	0x00, 0x00, 0x00, 0x00, 0x00, 0x00, 0x00, 0x00, 0x00, 0x00, 0x00, 0x00,
	0x00, 0x00, 0x00, 0x00, 0x00, 0x00, 0x00, 0x00, 0x00, 0x00, 0x00, 0x00,
	0x00, 0x00, 0x00, 0x00, 0x00, 0x00, 0x00, 0x00, 0x00, 0x00, 0x00, 0x00,
	0x00, 0x00, 0x00, 0x00, 0x00, 0x00, 0x00, 0x00, 0x00, 0x00, 0x00, 0x00,
	0x00, 0x00, 0x00, 0x00, 0x00, 0x00, 0x00, 0x00, 0x00, 0x00, 0x00, 0x00,
	0x00, 0x00, 0x00, 0x00, 0x00, 0x00, 0x00, 0x00, 0x00, 0x00, 0x00, 0x00,
	0x00, 0x00, 0x00, 0x00, 0x00, 0x00, 0x00, 0x00, 0x00, 0x00, 0x00, 0x00,
	0x00, 0x00, 0x00, 0x00, 0x00, 0x00, 0x00, 0x00, 0x00, 0x00, 0x00, 0x00,
	0x00, 0x00, 0x00, 0x00, 0x00, 0x00, 0x00, 0x00, 0x00, 0x00, 0x00, 0x00,
	0x00, 0x00, 0x00, 0x00, 0x00, 0x00, 0x00, 0x00, 0x00, 0x00, 0x00, 0x00,
	0x00, 0x00, 0x00, 0x00, 0x00, 0x00, 0x00, 0x00, 0x00, 0x00, 0x00, 0x00,
	0x00, 0x00, 0x00, 0x00, 0x00, 0x00, 0x00, 0x00, 0x00, 0x00, 0x00, 0x00,
	0x00, 0x00, 0x00, 0x00, 0x00, 0x00, 0x00, 0x00, 0x00, 0x00, 0x00, 0x00,
	0x00, 0x00, 0x00, 0x00, 0x00, 0x00, 0x00, 0x00, 0x00, 0x00, 0x00, 0x00,
	0x00, 0x00, 0x00, 0x00, 0x00, 0x00, 0x00, 0x00, 0x00, 0x00, 0x00, 0x00,
	0x00, 0x00, 0x00, 0x00, 0x00, 0x00, 0x00, 0x00, 0x00, 0x00, 0x00, 0x00,
	0x00, 0x00, 0x00, 0x00, 0x00, 0x00, 0x00, 0x00, 0x00, 0x00, 0x00, 0x00,
	0x00, 0x00, 0x00, 0x00, 0x00, 0x00, 0x00, 0x00, 0x00, 0x00, 0x00, 0x00,
	0x00, 0x00, 0x00, 0x00, 0x00, 0x00, 0x00, 0x00, 0x00, 0x00, 0x00, 0x00,
	0x00, 0x00, 0x00, 0x00, 0x00, 0x00, 0x00, 0x00, 0x00, 0x00, 0x00, 0x00,
	0x00, 0x00, 0x00, 0x00, 0x00, 0x00, 0x00, 0x00, 0x00, 0x00, 0x00, 0x00,
	0x00, 0x00, 0x00, 0x00, 0x00, 0x00, 0x00, 0x00, 0x00, 0x00, 0x00, 0x00,
	0x00, 0x00, 0x00, 0x00, 0x00, 0x00, 0x00, 0x00, 0x00, 0x00, 0x00, 0x00,
	0x00, 0x00, 0x00, 0x00, 0x00, 0x00, 0x00, 0x00, 0x00, 0x00, 0x00, 0x00,
	0x00, 0x00, 0x00, 0x00, 0x00, 0x00, 0x00, 0x00, 0x00, 0x00, 0x00, 0x00,
	0x00, 0x00, 0x00, 0x00, 0x00, 0x00, 0x00, 0x00, 0x00, 0x00, 0x00, 0x00,
	0x00, 0x00, 0x00, 0x00, 0x00, 0x00, 0x00, 0x00, 0x00, 0x00, 0x00, 0x00,
	0x00, 0x00, 0x00, 0x00, 0x00, 0x00, 0x00, 0x00, 0x00, 0x00, 0x00, 0x00,
	0x00, 0x00, 0x00, 0x00, 0x00, 0x00, 0x00, 0x00, 0x00, 0x00, 0x00, 0x00,
	0x00, 0x00, 0x00, 0x00, 0x00, 0x00, 0x00, 0x00, 0x00, 0x00, 0x00, 0x00,
	0x00, 0x00, 0x00, 0x00, 0x00, 0x00, 0x00, 0x00, 0x00, 0x00, 0x00, 0x00,
	0x00, 0x00, 0x00, 0x00, 0x00, 0x00, 0x00, 0x00, 0x00, 0x00, 0x00, 0x00,
	0x00, 0x00, 0x00, 0x00, 0x00, 0x00, 0x00, 0x00, 0x00, 0x00, 0x00, 0x00,
	0x00, 0x00, 0x00, 0x00, 0x00, 0x00, 0x00, 0x00, 0x00, 0x00, 0x00, 0x00,
	0x00, 0x00, 0x00, 0x00, 0x00, 0x00, 0x00, 0x00, 0x00, 0x00, 0x00, 0x00,
	0x00, 0x00, 0x00, 0x00, 0x00, 0x00, 0x00, 0x00, 0x00, 0x00, 0x00, 0x00,
	0x00, 0x00, 0x00, 0x00, 0x00, 0x00, 0x00, 0x00, 0x00, 0x00, 0x00, 0x00,
	0x00, 0x00, 0x00, 0x00, 0x00, 0x00, 0x00, 0x00, 0x00, 0x00, 0x00, 0x00,
	0x00, 0x00, 0x00, 0x00, 0x00, 0x00, 0x00, 0x00,
};

/* command 60, grouped-write */
static const u8 ispfe_pdma_backend_payload_60[0x10] = {
	0x78, 0x46, 0x05, 0x00, 0x01, 0x00, 0x00, 0x00, 0x20, 0x70, 0x03, 0x00,
	0x01, 0x00, 0x00, 0x00,
};

/* command 61, grouped-write */
static const u8 ispfe_pdma_backend_payload_61[0x10] = {
	0x78, 0x46, 0x05, 0x00, 0x01, 0x00, 0x00, 0x00, 0x20, 0x70, 0x03, 0x00,
	0x01, 0x00, 0x00, 0x00,
};

/*
 * The recipe.  Offsets in the comments are into the captured program, so
 * a decode of a live buffer lines up with this table command for command.
 */
static const struct ispfe_pdma_cmd ispfe_pdma_backend_recipe[] = {
	/* 0x00000  select-block */
	{ .op = ISPFE_PDMA_SELECT_BLOCK, .reg = 0x00000000 },
	/* 0x00008  grouped-write */
	{ .op = ISPFE_PDMA_GROUPED_WRITE, .payload = ispfe_pdma_backend_payload_01,
	  .len = sizeof(ispfe_pdma_backend_payload_01) },
	/* 0x00024  inline-burst, fc/bin_ctx | fc/control */
	{ .op = ISPFE_PDMA_INLINE_BURST, .reg = 0x00037500,
	  .payload = ispfe_pdma_backend_payload_02, .len = sizeof(ispfe_pdma_backend_payload_02) },
	/* 0x0013c  grouped-write */
	{ .op = ISPFE_PDMA_GROUPED_WRITE, .payload = ispfe_pdma_backend_payload_03,
	  .len = sizeof(ispfe_pdma_backend_payload_03) },
	/* 0x00188  inline-burst, lmp/linearization */
	{ .op = ISPFE_PDMA_INLINE_BURST, .reg = 0x000546a8,
	  .payload = ispfe_pdma_backend_payload_04, .len = sizeof(ispfe_pdma_backend_payload_04) },
	/* 0x00194  indirect-burst, lmp/linearization_lut */
	{ .op = ISPFE_PDMA_INDIRECT_BURST, .reg = 0x000695fc,
	  .buffer = ISPFE_BUF_INPUT(0), .len = 0x0410 },
	/* 0x001a8  inline-burst, lmp/blc_config */
	{ .op = ISPFE_PDMA_INLINE_BURST, .reg = 0x000546ac,
	  .payload = ispfe_pdma_backend_payload_06, .len = sizeof(ispfe_pdma_backend_payload_06) },
	/* 0x001bc  inline-burst, lmp/dg_config */
	{ .op = ISPFE_PDMA_INLINE_BURST, .reg = 0x000546b8,
	  .payload = ispfe_pdma_backend_payload_07, .len = sizeof(ispfe_pdma_backend_payload_07) },
	/* 0x001d8  inline-burst, lmp/greenimbalance */
	{ .op = ISPFE_PDMA_INLINE_BURST, .reg = 0x000546cc,
	  .payload = ispfe_pdma_backend_payload_08, .len = sizeof(ispfe_pdma_backend_payload_08) },
	/* 0x00238  inline-burst, lmp/dpc_config */
	{ .op = ISPFE_PDMA_INLINE_BURST, .reg = 0x00054724,
	  .payload = ispfe_pdma_backend_payload_09, .len = sizeof(ispfe_pdma_backend_payload_09) },
	/* 0x0029c  inline-burst, lmp/lsc_config */
	{ .op = ISPFE_PDMA_INLINE_BURST, .reg = 0x00054780,
	  .payload = ispfe_pdma_backend_payload_10, .len = sizeof(ispfe_pdma_backend_payload_10) },
	/* 0x002d8  indirect-burst, lmp/lsc_lut */
	{ .op = ISPFE_PDMA_INDIRECT_BURST, .reg = 0x0006a02c,
	  .buffer = ISPFE_BUF_INPUT(1), .len = 0x1ce0 },
	/* 0x002ec  inline-burst, lmp/lsc_stats */
	{ .op = ISPFE_PDMA_INLINE_BURST, .reg = 0x000547b4,
	  .payload = ispfe_pdma_backend_payload_12, .len = sizeof(ispfe_pdma_backend_payload_12) },
	/* 0x00328  inline-burst, lmp/awb_stats */
	{ .op = ISPFE_PDMA_INLINE_BURST, .reg = 0x000547e8,
	  .payload = ispfe_pdma_backend_payload_13, .len = sizeof(ispfe_pdma_backend_payload_13) },
	/* 0x00364  inline-burst, lmp/histogram */
	{ .op = ISPFE_PDMA_INLINE_BURST, .reg = 0x0005481c,
	  .payload = ispfe_pdma_backend_payload_14, .len = sizeof(ispfe_pdma_backend_payload_14) },
	/* 0x003c0  indirect-burst, lmp/histogram_lut */
	{ .op = ISPFE_PDMA_INDIRECT_BURST, .reg = 0x0006c8b8,
	  .buffer = ISPFE_BUF_INPUT(2), .len = 0x0400 },
	/* 0x003d4  inline-burst, lmp/post_lsc_ae_stats */
	{ .op = ISPFE_PDMA_INLINE_BURST, .reg = 0x00054870,
	  .payload = ispfe_pdma_backend_payload_16, .len = sizeof(ispfe_pdma_backend_payload_16) },
	/* 0x00404  inline-burst, lmp/flicker_stats */
	{ .op = ISPFE_PDMA_INLINE_BURST, .reg = 0x00054898,
	  .payload = ispfe_pdma_backend_payload_17, .len = sizeof(ispfe_pdma_backend_payload_17) },
	/* 0x0041c  inline-burst, lmp/cdaf_stats */
	{ .op = ISPFE_PDMA_INLINE_BURST, .reg = 0x000548a8,
	  .payload = ispfe_pdma_backend_payload_18, .len = sizeof(ispfe_pdma_backend_payload_18) },
	/* 0x005b4  inline-burst, lmp/motion_metering */
	{ .op = ISPFE_PDMA_INLINE_BURST, .reg = 0x00054a50,
	  .payload = ispfe_pdma_backend_payload_19, .len = sizeof(ispfe_pdma_backend_payload_19) },
	/* 0x00600  inline-burst, lmp/mm_wbg | lmp/wbg */
	{ .op = ISPFE_PDMA_INLINE_BURST, .reg = 0x00054a38,
	  .payload = ispfe_pdma_backend_payload_20, .len = sizeof(ispfe_pdma_backend_payload_20) },
	/* 0x00620  inline-burst, lmp/alsc_wbg */
	{ .op = ISPFE_PDMA_INLINE_BURST, .reg = 0x00054a94,
	  .payload = ispfe_pdma_backend_payload_21, .len = sizeof(ispfe_pdma_backend_payload_21) },
	/* 0x00640  inline-burst, lmp/demosaic */
	{ .op = ISPFE_PDMA_INLINE_BURST, .reg = 0x00054aac,
	  .payload = ispfe_pdma_backend_payload_22, .len = sizeof(ispfe_pdma_backend_payload_22) },
	/* 0x00658  inline-burst, lmp/dds */
	{ .op = ISPFE_PDMA_INLINE_BURST, .reg = 0x00054abc,
	  .payload = ispfe_pdma_backend_payload_23, .len = sizeof(ispfe_pdma_backend_payload_23) },
	/* 0x00670  inline-burst, lmp/hlr_config */
	{ .op = ISPFE_PDMA_INLINE_BURST, .reg = 0x00054acc,
	  .payload = ispfe_pdma_backend_payload_24, .len = sizeof(ispfe_pdma_backend_payload_24) },
	/* 0x006bc  inline-burst, lmp/ccm */
	{ .op = ISPFE_PDMA_INLINE_BURST, .reg = 0x00054b10,
	  .payload = ispfe_pdma_backend_payload_25, .len = sizeof(ispfe_pdma_backend_payload_25) },
	/* 0x006e0  inline-burst, lmp/gtm */
	{ .op = ISPFE_PDMA_INLINE_BURST, .reg = 0x00054b2c,
	  .payload = ispfe_pdma_backend_payload_26, .len = sizeof(ispfe_pdma_backend_payload_26) },
	/* 0x006f0  indirect-burst, lmp/gtm_lut */
	{ .op = ISPFE_PDMA_INDIRECT_BURST, .reg = 0x00069e0c,
	  .buffer = ISPFE_BUF_INPUT(3), .len = 0x0220 },
	/* 0x00704  inline-burst, lmp/gamma */
	{ .op = ISPFE_PDMA_INLINE_BURST, .reg = 0x00054b34,
	  .payload = ispfe_pdma_backend_payload_28, .len = sizeof(ispfe_pdma_backend_payload_28) },
	/* 0x00714  indirect-burst, lmp/gamma_lut | lmp/lut */
	{ .op = ISPFE_PDMA_INDIRECT_BURST, .reg = 0x00069558,
	  .buffer = ISPFE_BUF_INPUT(4), .len = 0x00a4 },
	/* 0x00728  inline-burst, lmp/csc */
	{ .op = ISPFE_PDMA_INLINE_BURST, .reg = 0x00054b3c,
	  .payload = ispfe_pdma_backend_payload_30, .len = sizeof(ispfe_pdma_backend_payload_30) },
	/* 0x00758  inline-burst, lmp/rgb_dg */
	{ .op = ISPFE_PDMA_INLINE_BURST, .reg = 0x00054b64,
	  .payload = ispfe_pdma_backend_payload_31, .len = sizeof(ispfe_pdma_backend_payload_31) },
	/* 0x0076c  inline-burst, lmp/rgb_scaler */
	{ .op = ISPFE_PDMA_INLINE_BURST, .reg = 0x00054b70,
	  .payload = ispfe_pdma_backend_payload_32, .len = sizeof(ispfe_pdma_backend_payload_32) },
	/* 0x00794  indirect-burst, lmp/rgb_scaler_lut */
	{ .op = ISPFE_PDMA_INDIRECT_BURST, .reg = 0x00069d0c,
	  .buffer = ISPFE_BUF_INPUT(5), .len = 0x0100 },
	/* 0x007a8  inline-burst, lmp/rgb_tapout */
	{ .op = ISPFE_PDMA_INLINE_BURST, .reg = 0x00054c94,
	  .payload = ispfe_pdma_backend_payload_34, .len = sizeof(ispfe_pdma_backend_payload_34) },
	/* 0x007d0  inline-burst, lmp/scaler */
	{ .op = ISPFE_PDMA_INLINE_BURST, .reg = 0x00054b90,
	  .payload = ispfe_pdma_backend_payload_35, .len = sizeof(ispfe_pdma_backend_payload_35) },
	/* 0x0081c  indirect-burst, lmp/scaler_lut */
	{ .op = ISPFE_PDMA_INDIRECT_BURST, .reg = 0x00069a0c,
	  .buffer = ISPFE_BUF_INPUT(6), .len = 0x0100 },
	/* 0x00830  indirect-burst, lmp/scaler_lut */
	{ .op = ISPFE_PDMA_INDIRECT_BURST, .reg = 0x00069c0c,
	  .buffer = ISPFE_BUF_INPUT(7), .len = 0x0100 },
	/* 0x00844  inline-burst, lmp/output_formatter */
	{ .op = ISPFE_PDMA_INLINE_BURST, .reg = 0x00054bd4,
	  .payload = ispfe_pdma_backend_payload_38, .len = sizeof(ispfe_pdma_backend_payload_38) },
	/* 0x0088c  inline-burst, lmp/output_formatter */
	{ .op = ISPFE_PDMA_INLINE_BURST, .reg = 0x00054c14,
	  .payload = ispfe_pdma_backend_payload_39, .len = sizeof(ispfe_pdma_backend_payload_39) },
	/* 0x008d4  inline-burst, lmp/output_formatter */
	{ .op = ISPFE_PDMA_INLINE_BURST, .reg = 0x00054c54,
	  .payload = ispfe_pdma_backend_payload_40, .len = sizeof(ispfe_pdma_backend_payload_40) },
	/* 0x0091c  inline-burst, lmp/sparse_pd */
	{ .op = ISPFE_PDMA_INLINE_BURST, .reg = 0x00054cb4,
	  .payload = ispfe_pdma_backend_payload_41, .len = sizeof(ispfe_pdma_backend_payload_41) },
	/* 0x00a3c  inline-burst, lmp/pre_lsc_ae_stats */
	{ .op = ISPFE_PDMA_INLINE_BURST, .reg = 0x00054dcc,
	  .payload = ispfe_pdma_backend_payload_42, .len = sizeof(ispfe_pdma_backend_payload_42) },
	/* 0x00a6c  inline-burst, lmp/lightness */
	{ .op = ISPFE_PDMA_INLINE_BURST, .reg = 0x00054df4,
	  .payload = ispfe_pdma_backend_payload_43, .len = sizeof(ispfe_pdma_backend_payload_43) },
	/* 0x00a8c  inline-burst, lmp/bilateral_grid_stat */
	{ .op = ISPFE_PDMA_INLINE_BURST, .reg = 0x00054e0c,
	  .payload = ispfe_pdma_backend_payload_44, .len = sizeof(ispfe_pdma_backend_payload_44) },
	/* 0x00ab0  inline-burst, lmp/alignment_formatter */
	{ .op = ISPFE_PDMA_INLINE_BURST, .reg = 0x00054e28,
	  .payload = ispfe_pdma_backend_payload_45, .len = sizeof(ispfe_pdma_backend_payload_45) },
	/* 0x00b40  inline-burst, lmp/gaussian_layer */
	{ .op = ISPFE_PDMA_INLINE_BURST, .reg = 0x00054eb0,
	  .payload = ispfe_pdma_backend_payload_46, .len = sizeof(ispfe_pdma_backend_payload_46) },
	/* 0x00b9c  indirect-burst, lmp/alignment_formatter_lut */
	{ .op = ISPFE_PDMA_INDIRECT_BURST, .reg = 0x0006beb0,
	  .buffer = ISPFE_BUF_INPUT(8), .len = 0x0104 },
	/* 0x00bb0  indirect-burst, lmp/alignment_formatter_drc_lut */
	{ .op = ISPFE_PDMA_INDIRECT_BURST, .reg = 0x0006bfb4,
	  .buffer = ISPFE_BUF_INPUT(9), .len = 0x0104 },
	/* 0x00bc4  inline-burst, lmp/bayer_downscale */
	{ .op = ISPFE_PDMA_INLINE_BURST, .reg = 0x00054f04,
	  .payload = ispfe_pdma_backend_payload_49, .len = sizeof(ispfe_pdma_backend_payload_49) },
	/* 0x00bec  inline-burst, lmp/bayer_gamma0 */
	{ .op = ISPFE_PDMA_INLINE_BURST, .reg = 0x00054f24,
	  .payload = ispfe_pdma_backend_payload_50, .len = sizeof(ispfe_pdma_backend_payload_50) },
	/* 0x00bfc  inline-burst, lmp/bayer_gamma1 */
	{ .op = ISPFE_PDMA_INLINE_BURST, .reg = 0x00054f2c,
	  .payload = ispfe_pdma_backend_payload_51, .len = sizeof(ispfe_pdma_backend_payload_51) },
	/* 0x00c0c  inline-burst, lmp/bayer_output_formatter0 */
	{ .op = ISPFE_PDMA_INLINE_BURST, .reg = 0x00054f34,
	  .payload = ispfe_pdma_backend_payload_52, .len = sizeof(ispfe_pdma_backend_payload_52) },
	/* 0x00c20  inline-burst, lmp/bayer_output_formatter1 */
	{ .op = ISPFE_PDMA_INLINE_BURST, .reg = 0x00054f7c,
	  .payload = ispfe_pdma_backend_payload_53, .len = sizeof(ispfe_pdma_backend_payload_53) },
	/* 0x00c34  inline-burst, lmp/bayer_output0_wdma_csrs */
	{ .op = ISPFE_PDMA_INLINE_BURST, .reg = 0x00054f40,
	  .payload = ispfe_pdma_backend_payload_54, .len = sizeof(ispfe_pdma_backend_payload_54) },
	/* 0x00c78  inline-burst, lmp/bayer_output1_wdma_csrs */
	{ .op = ISPFE_PDMA_INLINE_BURST, .reg = 0x00054f88,
	  .payload = ispfe_pdma_backend_payload_55, .len = sizeof(ispfe_pdma_backend_payload_55) },
	/* 0x00cbc  inline-burst, lmp/status_queue */
	{ .op = ISPFE_PDMA_INLINE_BURST, .reg = 0x00054fc4,
	  .payload = ispfe_pdma_backend_payload_56, .len = sizeof(ispfe_pdma_backend_payload_56) },
	/* 0x00cd0  inline-burst, lmp/frame_config */
	{ .op = ISPFE_PDMA_INLINE_BURST, .reg = 0x0005467c,
	  .payload = ispfe_pdma_backend_payload_57, .len = sizeof(ispfe_pdma_backend_payload_57) },
	/* 0x00d04  inline-burst, lmp/batch_mode_bayer_size |
	 * lmp/batch_mode_config
	 */
	{ .op = ISPFE_PDMA_INLINE_BURST, .reg = 0x00055130,
	  .payload = ispfe_pdma_backend_payload_58, .len = sizeof(ispfe_pdma_backend_payload_58) },
	/* 0x00d14  inline-burst, lmp/batch_mode_bayer_config |
	 * lmp/batch_mode_bayer_config_offset
	 */
	{ .op = ISPFE_PDMA_INLINE_BURST, .reg = 0x00055140,
	  .payload = ispfe_pdma_backend_payload_59, .len = sizeof(ispfe_pdma_backend_payload_59) },
	/* 0x017bc  grouped-write */
	{ .op = ISPFE_PDMA_GROUPED_WRITE, .payload = ispfe_pdma_backend_payload_60,
	  .len = sizeof(ispfe_pdma_backend_payload_60) },
	/* 0x017d0  grouped-write */
	{ .op = ISPFE_PDMA_GROUPED_WRITE, .payload = ispfe_pdma_backend_payload_61,
	  .len = sizeof(ispfe_pdma_backend_payload_61) },
};

/*
 * Where a device address goes.  The encoder writes the low 32 bits at
 * .lo and the high bits at .hi, both relative to the command's payload,
 * so nothing in the program has to be found by matching a captured value.
 * The comment names the front-end register each one is written to.
 */
static const struct ispfe_pdma_reloc ispfe_pdma_backend_relocs[] = {
	/* 0x000548a0 */
	{ .cmd = 17, .lo = 0x0008, .hi = 0x000c,
	  .buffer = ISPFE_BUF_OUTPUT(1) },
	/* 0x00054a84 */
	{ .cmd = 19, .lo = 0x0034, .hi = 0x0038,
	  .buffer = ISPFE_BUF_OUTPUT(2) },
	/* 0x00054ecc */
	{ .cmd = 46, .lo = 0x001c, .hi = ISPFE_PDMA_RELOC_NO_HIGH,
	  .buffer = ISPFE_BUF_TNR_PYRAMID },
	/* 0x00054fc8 */
	{ .cmd = 56, .lo = 0x0004, .hi = 0x0008,
	  .buffer = ISPFE_BUF_OUTPUT(3) },
	/* 0x00055178  lmp/sw_awb_stats_base_address */
	{ .cmd = 59, .lo = 0x0038, .hi = 0x003c,
	  .buffer = ISPFE_BUF_OUTPUT(4) },
	/* 0x00055180  lmp/sw_lsc_stats_base_address */
	{ .cmd = 59, .lo = 0x0040, .hi = 0x0044,
	  .buffer = ISPFE_BUF_OUTPUT(5) },
	/* 0x00055188  lmp/sw_flicker_stats_base_address */
	{ .cmd = 59, .lo = 0x0048, .hi = 0x004c,
	  .buffer = ISPFE_BUF_OUTPUT(1) },
	/* 0x00055190  lmp/sw_histogram_roi_base_address */
	{ .cmd = 59, .lo = 0x0050, .hi = 0x0054,
	  .buffer = ISPFE_BUF_OUTPUT(6) },
	/* 0x00055198  lmp/sw_histogram_roi_base_address */
	{ .cmd = 59, .lo = 0x0058, .hi = 0x005c,
	  .buffer = ISPFE_BUF_OUTPUT(7) },
	/* 0x000551a0  lmp/sw_histogram_roi_base_address */
	{ .cmd = 59, .lo = 0x0060, .hi = 0x0064,
	  .buffer = ISPFE_BUF_OUTPUT(8) },
	/* 0x000551a8  lmp/sw_post_lsc_ae_stats_base_address */
	{ .cmd = 59, .lo = 0x0068, .hi = 0x006c,
	  .buffer = ISPFE_BUF_OUTPUT(9) },
	/* 0x000551b0  lmp/sw_motion_metering_base_address */
	{ .cmd = 59, .lo = 0x0070, .hi = 0x0074,
	  .buffer = ISPFE_BUF_OUTPUT(2) },
	/* 0x000551c0  lmp/sw_main_output_base_address */
	{ .cmd = 59, .lo = 0x0080, .hi = 0x0084,
	  .buffer = ISPFE_BUF_BACKEND_IMAGE },
	/* 0x000551c8  lmp/sw_main_output_header_base_address */
	{ .cmd = 59, .lo = 0x0088, .hi = 0x008c,
	  .buffer = ISPFE_BUF_BACKEND_HEADER },
	/* 0x000551e0  lmp/sw_rgb_output_base_address */
	{ .cmd = 59, .lo = 0x00a0, .hi = 0x00a4,
	  .buffer = ISPFE_BUF_OUTPUT(10) },
	/* 0x000551e8  lmp/sw_ml_output_base_address */
	{ .cmd = 59, .lo = 0x00a8, .hi = 0x00ac,
	  .buffer = ISPFE_BUF_OUTPUT(11) },
	/* 0x000551f8  lmp/sw_ml_output_base_address */
	{ .cmd = 59, .lo = 0x00b8, .hi = 0x00bc,
	  .buffer = ISPFE_BUF_OUTPUT(12) },
	/* 0x00055200  lmp/sw_tnr_output_base_address */
	{ .cmd = 59, .lo = 0x00c0, .hi = 0x00c4,
	  .buffer = ISPFE_BUF_TNR_PYRAMID },
};

#endif /* __EXYNOS_ISPFE_PDMA_PROGRAM_BACKEND_H__ */
