/* SPDX-License-Identifier: GPL-2.0-only */
/*
 * zumapro ISPFE physical-ultrawide RAW PDMA recipe, 2104x1560 2x2-binned.
 *
 * Generated by camera-pdma-emit.py, from a capture of the vendor stack
 * programming the same sensor at the same size; do not edit.  The
 * generator re-encodes these tables and refuses to write the file unless
 * the result is byte-for-byte the captured program.
 *
 * Source: enrol-iova1d484000-fd269.txt
 * SHA-256: fdc384d92ce096f4f4f60751b09df57bd002fd3e0987f5b968ba854bda76c203
 * Program: 0x1800 bytes in 59 commands, 16 relocations
 *
 * The values are a bring-up oracle, not a programming interface: most of
 * the payload is line-memory-processor tuning that a minimal RAW path may
 * not need.  Every device address is a relocation, so no captured IOVA
 * survives into the program the hardware runs.
 */
#ifndef __EXYNOS_ISPFE_PDMA_PROGRAM_BINNED_H__
#define __EXYNOS_ISPFE_PDMA_PROGRAM_BINNED_H__

#include "exynos-ispfe-pdma.h"

#define ISPFE_PDMA_BINNED_RECIPE_BYTES		0x1800
#define ISPFE_PDMA_BINNED_BLOCKS_BYTES		0x9000

/*
 * The blocks the program's indirect-burst records stream into the front
 * end: lookup tables for linearisation, lens shading, the histogram, the
 * global tone map, gamma and the scalers.  They do not change between
 * frames, so one shared area holds them all, each on its own page as the
 * vendor session had them.
 *
 * A table the driver states rather than replays has no bytes here at all:
 * its entry carries a NULL and the SHA-256 the capture had, and the driver
 * fills the area itself.
 */

/* enrol-iova1d482000-fd273.txt: first 0x1ce0 bytes consumed
 * SHA-256: f2f2f11fe5ee3f5643c1aeaa0af6b7d0172993467170a8eb545b3233e925b807
 */
static const u8 ispfe_pdma_binned_input_1d482000[0x1ce0] = {
	0x4d, 0x4d, 0xf8, 0x43, 0x2a, 0x44, 0x91, 0x3f, 0xa9, 0x48, 0x06, 0x40,
	0x93, 0x3f, 0xd6, 0x3b, 0x8f, 0x44, 0x06, 0x3d, 0xea, 0x3c, 0xfd, 0x38,
	0xa9, 0x41, 0x7b, 0x3a, 0x51, 0x3a, 0xf5, 0x36, 0xdf, 0x46, 0xa0, 0x3e,
	0x42, 0x3e, 0x46, 0x3a, 0x57, 0x41, 0x38, 0x3a, 0x01, 0x3a, 0xa3, 0x36,
	0x44, 0x3e, 0xe4, 0x37, 0xa7, 0x37, 0x68, 0x34, 0xf9, 0x3b, 0x8c, 0x35,
	0x56, 0x35, 0x4b, 0x32, 0x12, 0x41, 0x13, 0x3a, 0x7d, 0x39, 0xed, 0x35,
	0xd9, 0x3c, 0x61, 0x36, 0x03, 0x36, 0xba, 0x32, 0x99, 0x3a, 0x56, 0x34,
	0x0b, 0x34, 0xdd, 0x30, 0x32, 0x38, 0x18, 0x32, 0xff, 0x31, 0x10, 0x2f,
	0x63, 0x3d, 0x28, 0x36, 0xcf, 0x35, 0x84, 0x32, 0x39, 0x39, 0x52, 0x33,
	0xe3, 0x32, 0xee, 0x2f, 0xd0, 0x36, 0x6b, 0x31, 0x26, 0x31, 0x2c, 0x2e,
	0x14, 0x35, 0xad, 0x2f, 0x7b, 0x2f, 0xad, 0x2c, 0xad, 0x39, 0x76, 0x33,
	0xd5, 0x32, 0xf2, 0x2f, 0x5e, 0x36, 0x7f, 0x30, 0x6e, 0x30, 0xa6, 0x2d,
	0x33, 0x34, 0x12, 0x2f, 0xb6, 0x2e, 0x23, 0x2c, 0xe4, 0x31, 0x4b, 0x2d,
	0x11, 0x2d, 0xa2, 0x2a, 0x43, 0x37, 0x43, 0x31, 0xd9, 0x30, 0xc9, 0x2d,
	0x37, 0x34, 0xc0, 0x2e, 0x33, 0x2e, 0x0e, 0x2c, 0x58, 0x31, 0xd7, 0x2c,
	0x7c, 0x2c, 0xfc, 0x29, 0xac, 0x2e, 0x41, 0x2a, 0x17, 0x2a, 0xe9, 0x27,
	0xd3, 0x34, 0x65, 0x2f, 0xc4, 0x2e, 0x49, 0x2c, 0x3d, 0x31, 0xac, 0x2c,
	0x6d, 0x2c, 0x2d, 0x2a, 0x39, 0x2e, 0x1d, 0x2a, 0x8f, 0x29, 0x87, 0x27,
	0x03, 0x2b, 0x6b, 0x27, 0x2f, 0x27, 0x17, 0x25, 0x9a, 0x32, 0x90, 0x2d,
	0x22, 0x2d, 0xab, 0x2a, 0x56, 0x2e, 0x66, 0x2a, 0xc8, 0x29, 0xe8, 0x27,
	0xd3, 0x2a, 0x54, 0x27, 0x16, 0x27, 0x2f, 0x25, 0x97, 0x27, 0xc3, 0x24,
	0x68, 0x24, 0x9e, 0x22, 0xf4, 0x2f, 0xa5, 0x2b, 0x08, 0x2b, 0xae, 0x28,
	0xa5, 0x2b, 0xe0, 0x27, 0x7e, 0x27, 0xd4, 0x25, 0xff, 0x27, 0x0f, 0x25,
	0xc8, 0x24, 0xfb, 0x22, 0x9a, 0x24, 0x41, 0x22, 0x1e, 0x22, 0x7a, 0x20,
	0x50, 0x2d, 0x72, 0x29, 0xfa, 0x28, 0xf7, 0x26, 0xcd, 0x28, 0xbe, 0x25,
	0x72, 0x25, 0xd1, 0x23, 0x69, 0x25, 0xff, 0x22, 0x8e, 0x22, 0xf8, 0x20,
	0x3e, 0x22, 0x56, 0x20, 0x26, 0x20, 0x79, 0x1e, 0x44, 0x2b, 0xa5, 0x27,
	0x43, 0x27, 0x5f, 0x25, 0x74, 0x26, 0xff, 0x23, 0x9c, 0x23, 0x28, 0x22,
	0xe5, 0x22, 0x1d, 0x21, 0xdc, 0x20, 0x49, 0x1f, 0xf3, 0x1f, 0x51, 0x1e,
	0x28, 0x1e, 0xb2, 0x1c, 0xee, 0x28, 0x0c, 0x26, 0x90, 0x25, 0xe8, 0x23,
	0xac, 0x24, 0x7e, 0x22, 0x31, 0x22, 0xbf, 0x20, 0x46, 0x21, 0x9c, 0x1f,
	0x6f, 0x1f, 0xe5, 0x1d, 0xfc, 0x1d, 0xad, 0x1c, 0x87, 0x1c, 0x2e, 0x1b,
	0x3b, 0x27, 0xc6, 0x24, 0x6e, 0x24, 0xe1, 0x22, 0x21, 0x23, 0x2c, 0x21,
	0xe8, 0x20, 0xa4, 0x1f, 0xac, 0x1f, 0x4c, 0x1e, 0xf7, 0x1d, 0xa5, 0x1c,
	0xb8, 0x1c, 0x7f, 0x1b, 0x5d, 0x1b, 0x07, 0x1a, 0xe8, 0x25, 0xa8, 0x23,
	0x73, 0x23, 0x16, 0x22, 0xd6, 0x21, 0x33, 0x20, 0xf7, 0x1f, 0xb0, 0x1e,
	0x74, 0x1e, 0x2a, 0x1d, 0xfe, 0x1c, 0xbe, 0x1b, 0xc2, 0x1b, 0x91, 0x1a,
	0x7c, 0x1a, 0x3e, 0x19, 0x21, 0x25, 0xec, 0x22, 0xbf, 0x22, 0x80, 0x21,
	0x05, 0x21, 0x56, 0x1f, 0x31, 0x1f, 0xeb, 0x1d, 0xda, 0x1d, 0x87, 0x1c,
	0x5e, 0x1c, 0xfe, 0x1a, 0x26, 0x1b, 0xf5, 0x19, 0xdf, 0x19, 0x92, 0x18,
	0x4b, 0x24, 0x79, 0x22, 0x34, 0x22, 0x0d, 0x21, 0x71, 0x20, 0xd4, 0x1e,
	0xc5, 0x1e, 0x5d, 0x1d, 0x44, 0x1d, 0xee, 0x1b, 0xc3, 0x1b, 0x54, 0x1a,
	0xa4, 0x1a, 0x90, 0x19, 0x7e, 0x19, 0x38, 0x18, 0x36, 0x24, 0x5c, 0x22,
	0x04, 0x22, 0xf7, 0x20, 0x4a, 0x20, 0xa8, 0x1e, 0x85, 0x1e, 0x1d, 0x1d,
	0x23, 0x1d, 0xc4, 0x1b, 0xab, 0x1b, 0x24, 0x1a, 0x9f, 0x1a, 0x51, 0x19,
	0x50, 0x19, 0xf1, 0x17, 0x5d, 0x24, 0x8d, 0x22, 0x3c, 0x22, 0xf1, 0x20,
	0x6f, 0x20, 0xcc, 0x1e, 0xb9, 0x1e, 0x50, 0x1d, 0x5b, 0x1d, 0xdf, 0x1b,
	0xc7, 0x1b, 0x4d, 0x1a, 0xaf, 0x1a, 0x70, 0x19, 0x6c, 0x19, 0x10, 0x18,
	0xd8, 0x24, 0xec, 0x22, 0xc9, 0x22, 0x5a, 0x21, 0xf2, 0x20, 0x42, 0x1f,
	0x20, 0x1f, 0xb7, 0x1d, 0xa0, 0x1d, 0x3c, 0x1c, 0x33, 0x1c, 0xbb, 0x1a,
	0x22, 0x1b, 0xda, 0x19, 0xcb, 0x19, 0x66, 0x18, 0x35, 0x25, 0x8e, 0x23,
	0x42, 0x23, 0xfb, 0x21, 0xb4, 0x21, 0xfc, 0x1f, 0xc9, 0x1f, 0x5f, 0x1e,
	0x89, 0x1e, 0x1c, 0x1d, 0x00, 0x1d, 0x54, 0x1b, 0xba, 0x1b, 0x6e, 0x1a,
	0x63, 0x1a, 0xea, 0x18, 0x88, 0x26, 0x7e, 0x24, 0x25, 0x24, 0xdf, 0x22,
	0xb4, 0x22, 0x03, 0x21, 0xca, 0x20, 0x19, 0x1f, 0xc0, 0x1f, 0xf7, 0x1d,
	0xdb, 0x1d, 0x1d, 0x1c, 0xdc, 0x1c, 0x6a, 0x1b, 0x54, 0x1b, 0xa9, 0x19,
	0x10, 0x28, 0xc4, 0x25, 0x89, 0x25, 0x0e, 0x24, 0x65, 0x24, 0x1e, 0x22,
	0xf8, 0x21, 0x2a, 0x20, 0x47, 0x21, 0x4e, 0x1f, 0x24, 0x1f, 0xf4, 0x1c,
	0x44, 0x1e, 0x91, 0x1c, 0x84, 0x1c, 0xa1, 0x1a, 0xfe, 0x29, 0x4f, 0x27,
	0x16, 0x27, 0x51, 0x25, 0x48, 0x26, 0xd8, 0x23, 0x86, 0x23, 0x80, 0x21,
	0x1f, 0x23, 0xc9, 0x20, 0xb2, 0x20, 0x49, 0x1e, 0x1e, 0x20, 0x39, 0x1e,
	0x16, 0x1e, 0xf8, 0x1b, 0x88, 0x2c, 0x44, 0x29, 0x08, 0x29, 0x30, 0x27,
	0x82, 0x28, 0x73, 0x25, 0x39, 0x25, 0x34, 0x23, 0x2f, 0x25, 0xac, 0x22,
	0x7e, 0x22, 0x3a, 0x20, 0x42, 0x22, 0x0f, 0x20, 0xfb, 0x1f, 0xd0, 0x1d,
	0x2f, 0x2f, 0x60, 0x2b, 0x04, 0x2b, 0x08, 0x29, 0xba, 0x2a, 0xa0, 0x27,
	0x4a, 0x27, 0xa6, 0x25, 0xaa, 0x27, 0xdf, 0x24, 0x90, 0x24, 0x80, 0x22,
	0xd9, 0x24, 0x3d, 0x22, 0x28, 0x22, 0x1a, 0x20, 0x8b, 0x31, 0xa2, 0x2d,
	0x5a, 0x2d, 0x71, 0x2b, 0x9a, 0x2d, 0x11, 0x2a, 0xb7, 0x29, 0x15, 0x28,
	0x23, 0x2a, 0x1f, 0x27, 0xe2, 0x26, 0xc4, 0x24, 0x18, 0x27, 0x6b, 0x24,
	0x6c, 0x24, 0x54, 0x22, 0xfd, 0x33, 0xcc, 0x2f, 0x57, 0x2f, 0x61, 0x2d,
	0x0c, 0x30, 0xa9, 0x2c, 0x60, 0x2c, 0x64, 0x2a, 0x38, 0x2d, 0xce, 0x29,
	0x9d, 0x29, 0x58, 0x27, 0x2c, 0x2a, 0x2b, 0x27, 0xec, 0x26, 0xf2, 0x24,
	0x37, 0x36, 0xd3, 0x31, 0x5d, 0x31, 0x97, 0x2e, 0xaf, 0x32, 0xc5, 0x2e,
	0x8a, 0x2e, 0x5a, 0x2c, 0x2d, 0x30, 0xbc, 0x2c, 0x92, 0x2c, 0xff, 0x29,
	0x1d, 0x2d, 0x2d, 0x2a, 0x07, 0x2a, 0xa2, 0x27, 0x3f, 0x39, 0x24, 0x34,
	0xd7, 0x33, 0x81, 0x30, 0x70, 0x35, 0x0b, 0x31, 0xf6, 0x30, 0x1b, 0x2e,
	0x5d, 0x33, 0x48, 0x2f, 0xfe, 0x2e, 0xf5, 0x2b, 0xed, 0x30, 0x42, 0x2d,
	0x27, 0x2d, 0x52, 0x2a, 0xe1, 0x3b, 0xe9, 0x36, 0x64, 0x36, 0x02, 0x33,
	0x15, 0x39, 0x64, 0x33, 0x37, 0x33, 0xe6, 0x2f, 0xe5, 0x36, 0x7a, 0x31,
	0x5e, 0x31, 0x9c, 0x2d, 0xe1, 0x34, 0xc0, 0x2f, 0x96, 0x2f, 0x21, 0x2c,
	0x32, 0x40, 0x55, 0x3a, 0xe4, 0x39, 0x1b, 0x36, 0x94, 0x3c, 0xa0, 0x36,
	0xa8, 0x36, 0xb1, 0x32, 0xb8, 0x3a, 0x6d, 0x34, 0x6b, 0x34, 0x4c, 0x30,
	0x3b, 0x38, 0x30, 0x32, 0x4e, 0x32, 0x01, 0x2e, 0x70, 0x45, 0x5b, 0x3e,
	0x20, 0x3e, 0x38, 0x3a, 0x07, 0x41, 0x53, 0x3a, 0x77, 0x3a, 0x9f, 0x36,
	0xee, 0x3e, 0xe5, 0x37, 0xe6, 0x37, 0x89, 0x33, 0x65, 0x3c, 0x3a, 0x35,
	0x58, 0x35, 0x0b, 0x31, 0x08, 0x4c, 0x0c, 0x44, 0x5a, 0x44, 0xb7, 0x3f,
	0x07, 0x48, 0xdc, 0x3f, 0xf5, 0x3f, 0x87, 0x3b, 0xa7, 0x44, 0x21, 0x3d,
	0x12, 0x3d, 0xe8, 0x38, 0x8c, 0x41, 0x80, 0x3a, 0xb5, 0x3a, 0xa7, 0x35,
	0x7b, 0x3f, 0xdd, 0x38, 0x82, 0x38, 0xc5, 0x34, 0x7f, 0x3d, 0x93, 0x36,
	0x6b, 0x36, 0x09, 0x33, 0x16, 0x3b, 0xbf, 0x34, 0x05, 0x35, 0x6e, 0x31,
	0x84, 0x39, 0xbd, 0x33, 0x85, 0x33, 0x52, 0x30, 0x78, 0x39, 0xb1, 0x33,
	0xa2, 0x33, 0x98, 0x30, 0xb8, 0x37, 0x10, 0x32, 0xee, 0x31, 0xed, 0x2e,
	0x43, 0x36, 0xe8, 0x30, 0xd0, 0x30, 0xdd, 0x2d, 0x32, 0x35, 0x02, 0x30,
	0xfb, 0x2f, 0x5c, 0x2d, 0x00, 0x36, 0x69, 0x30, 0x72, 0x30, 0x6f, 0x2d,
	0x75, 0x34, 0x64, 0x2f, 0x27, 0x2f, 0x36, 0x2c, 0x29, 0x33, 0xf8, 0x2d,
	0xe9, 0x2d, 0x57, 0x2b, 0x98, 0x31, 0x20, 0x2d, 0x10, 0x2d, 0x76, 0x2a,
	0x12, 0x33, 0xfc, 0x2d, 0xfe, 0x2d, 0x25, 0x2b, 0x72, 0x31, 0x96, 0x2c,
	0x79, 0x2c, 0xd0, 0x29, 0x48, 0x2f, 0xfd, 0x2a, 0xf2, 0x2a, 0x6f, 0x28,
	0xbb, 0x2d, 0xc4, 0x29, 0x82, 0x29, 0x3c, 0x27, 0xc9, 0x2f, 0x6a, 0x2b,
	0x29, 0x2b, 0x98, 0x28, 0x70, 0x2d, 0x40, 0x29, 0x0e, 0x29, 0xa4, 0x26,
	0x58, 0x2b, 0x6c, 0x27, 0x48, 0x27, 0x1d, 0x25, 0x67, 0x29, 0x26, 0x26,
	0xee, 0x25, 0xf1, 0x23, 0x9a, 0x2b, 0xe8, 0x27, 0xb2, 0x27, 0x7d, 0x25,
	0x46, 0x29, 0xe9, 0x25, 0xad, 0x25, 0xa5, 0x23, 0xf3, 0x26, 0x2c, 0x24,
	0xfb, 0x23, 0x16, 0x22, 0x69, 0x25, 0xca, 0x22, 0x9d, 0x22, 0xdc, 0x20,
	0x35, 0x28, 0xf5, 0x24, 0xb8, 0x24, 0xe1, 0x22, 0xa5, 0x25, 0xf9, 0x22,
	0xd1, 0x22, 0x05, 0x21, 0x76, 0x23, 0x2f, 0x21, 0x06, 0x21, 0x82, 0x1f,
	0xd4, 0x21, 0xcc, 0x1f, 0x9c, 0x1f, 0x16, 0x1e, 0xa9, 0x24, 0x4b, 0x22,
	0x14, 0x22, 0x61, 0x20, 0x44, 0x22, 0x4b, 0x20, 0x19, 0x20, 0x80, 0x1e,
	0x3e, 0x20, 0x8a, 0x1e, 0x5a, 0x1e, 0xde, 0x1c, 0x6e, 0x1e, 0xf1, 0x1c,
	0xd6, 0x1c, 0x77, 0x1b, 0xc6, 0x21, 0xe4, 0x1f, 0xba, 0x1f, 0x33, 0x1e,
	0x43, 0x1f, 0xad, 0x1d, 0x8b, 0x1d, 0x2b, 0x1c, 0x2f, 0x1d, 0xe3, 0x1b,
	0xc3, 0x1b, 0x81, 0x1a, 0xbd, 0x1b, 0x94, 0x1a, 0x74, 0x1a, 0x55, 0x19,
	0x26, 0x1f, 0xa7, 0x1d, 0x8a, 0x1d, 0x32, 0x1c, 0xe1, 0x1c, 0x95, 0x1b,
	0x7e, 0x1b, 0x31, 0x1a, 0x06, 0x1b, 0x06, 0x1a, 0xdc, 0x19, 0xbf, 0x18,
	0x8e, 0x19, 0xad, 0x18, 0x84, 0x18, 0x8e, 0x17, 0x3d, 0x1d, 0xf4, 0x1b,
	0xd1, 0x1b, 0x7b, 0x1a, 0xf9, 0x1a, 0xfd, 0x19, 0xcc, 0x19, 0xb9, 0x18,
	0x2c, 0x19, 0x56, 0x18, 0x2f, 0x18, 0x3f, 0x17, 0xf1, 0x17, 0x3a, 0x17,
	0x12, 0x17, 0x3f, 0x16, 0x99, 0x1b, 0x78, 0x1a, 0x53, 0x1a, 0x28, 0x19,
	0x82, 0x19, 0xa9, 0x18, 0x8f, 0x18, 0x95, 0x17, 0xee, 0x17, 0x27, 0x17,
	0x11, 0x17, 0x26, 0x16, 0x77, 0x16, 0xee, 0x15, 0xce, 0x15, 0x05, 0x15,
	0x32, 0x1a, 0x53, 0x19, 0x3a, 0x19, 0x32, 0x18, 0x5b, 0x18, 0xaa, 0x17,
	0x91, 0x17, 0xa7, 0x16, 0xab, 0x16, 0x2d, 0x16, 0x17, 0x16, 0x4c, 0x15,
	0x60, 0x15, 0xd7, 0x14, 0xc0, 0x14, 0x2b, 0x14, 0x62, 0x19, 0x91, 0x18,
	0x71, 0x18, 0x68, 0x17, 0x7c, 0x17, 0xdf, 0x16, 0xcf, 0x16, 0x06, 0x16,
	0xd7, 0x15, 0x53, 0x15, 0x3f, 0x15, 0x91, 0x14, 0x4d, 0x14, 0xf7, 0x13,
	0xeb, 0x13, 0x4a, 0x13, 0xe3, 0x18, 0x06, 0x18, 0x05, 0x18, 0xef, 0x16,
	0xfa, 0x16, 0x54, 0x16, 0x40, 0x16, 0x8a, 0x15, 0x2f, 0x15, 0xb5, 0x14,
	0xac, 0x14, 0x13, 0x14, 0xc4, 0x13, 0x6a, 0x13, 0x68, 0x13, 0xdb, 0x12,
	0x93, 0x18, 0x9f, 0x17, 0x94, 0x17, 0x8f, 0x16, 0x80, 0x16, 0xe3, 0x15,
	0xd7, 0x15, 0x21, 0x15, 0xbe, 0x14, 0x52, 0x14, 0x4d, 0x14, 0xac, 0x13,
	0x61, 0x13, 0x0c, 0x13, 0x0a, 0x13, 0x92, 0x12, 0x57, 0x18, 0x79, 0x17,
	0x65, 0x17, 0x69, 0x16, 0x83, 0x16, 0xcd, 0x15, 0xd0, 0x15, 0x01, 0x15,
	0x96, 0x14, 0x36, 0x14, 0x30, 0x14, 0x95, 0x13, 0x2b, 0x13, 0xec, 0x12,
	0xe7, 0x12, 0x7c, 0x12, 0x8a, 0x18, 0x90, 0x17, 0x92, 0x17, 0x6c, 0x16,
	0x94, 0x16, 0xe1, 0x15, 0xe5, 0x15, 0x0b, 0x15, 0xc8, 0x14, 0x54, 0x14,
	0x51, 0x14, 0xae, 0x13, 0x5b, 0x13, 0x09, 0x13, 0x0d, 0x13, 0x96, 0x12,
	0xdc, 0x18, 0xf0, 0x17, 0xe6, 0x17, 0xb4, 0x16, 0xfb, 0x16, 0x34, 0x16,
	0x37, 0x16, 0x32, 0x15, 0x30, 0x15, 0xbc, 0x14, 0xb6, 0x14, 0xee, 0x13,
	0xb0, 0x13, 0x59, 0x13, 0x5f, 0x13, 0xde, 0x12, 0x94, 0x19, 0x73, 0x18,
	0x73, 0x18, 0x27, 0x17, 0xac, 0x17, 0xd6, 0x16, 0xd0, 0x16, 0xb2, 0x15,
	0xe6, 0x15, 0x45, 0x15, 0x51, 0x15, 0x5c, 0x14, 0x6a, 0x14, 0x0c, 0x14,
	0x08, 0x14, 0x54, 0x13, 0x80, 0x1a, 0x44, 0x19, 0x43, 0x19, 0xd7, 0x17,
	0xa8, 0x18, 0x9f, 0x17, 0x94, 0x17, 0x50, 0x16, 0xe0, 0x16, 0x25, 0x16,
	0x1b, 0x16, 0xfe, 0x14, 0x6a, 0x15, 0xd7, 0x14, 0xd8, 0x14, 0xea, 0x13,
	0xb5, 0x1b, 0x5c, 0x1a, 0x52, 0x1a, 0xbe, 0x18, 0xb2, 0x19, 0x90, 0x18,
	0x8b, 0x18, 0x25, 0x17, 0x33, 0x18, 0x2a, 0x17, 0x2d, 0x17, 0xae, 0x15,
	0xbb, 0x16, 0xf8, 0x15, 0xf1, 0x15, 0xa7, 0x14, 0x74, 0x1d, 0xc4, 0x1b,
	0xb7, 0x1b, 0xff, 0x19, 0x2c, 0x1b, 0xda, 0x19, 0xcb, 0x19, 0x3a, 0x18,
	0x7b, 0x19, 0x58, 0x18, 0x4a, 0x18, 0xb9, 0x16, 0x2b, 0x18, 0x32, 0x17,
	0x31, 0x17, 0xa1, 0x15, 0x71, 0x1f, 0xc2, 0x1d, 0x98, 0x1d, 0xeb, 0x1b,
	0x12, 0x1d, 0x8f, 0x1b, 0x86, 0x1b, 0xe6, 0x19, 0x0f, 0x1b, 0xd2, 0x19,
	0xc4, 0x19, 0x30, 0x18, 0xa8, 0x19, 0x9f, 0x18, 0xa0, 0x18, 0x0a, 0x17,
	0xfb, 0x21, 0xde, 0x1f, 0xd0, 0x1f, 0x16, 0x1e, 0x30, 0x1f, 0xa5, 0x1d,
	0x8b, 0x1d, 0x13, 0x1c, 0xff, 0x1c, 0xc8, 0x1b, 0xbe, 0x1b, 0x47, 0x1a,
	0x6a, 0x1b, 0x5b, 0x1a, 0x51, 0x1a, 0xb5, 0x18, 0x97, 0x24, 0x55, 0x22,
	0x21, 0x22, 0x88, 0x20, 0xd8, 0x21, 0x29, 0x20, 0x11, 0x20, 0x84, 0x1e,
	0xa2, 0x1f, 0x3b, 0x1e, 0x1b, 0x1e, 0xa8, 0x1c, 0xe2, 0x1d, 0xb9, 0x1c,
	0xa0, 0x1c, 0xfe, 0x1a, 0x3a, 0x27, 0xcb, 0x24, 0xb1, 0x24, 0xe6, 0x22,
	0xbc, 0x24, 0xb3, 0x22, 0xa6, 0x22, 0x1a, 0x21, 0x9e, 0x22, 0x0a, 0x21,
	0xd4, 0x20, 0x4c, 0x1f, 0x98, 0x20, 0x51, 0x1f, 0x49, 0x1f, 0xae, 0x1d,
	0x70, 0x2a, 0xc6, 0x27, 0x9b, 0x27, 0xa0, 0x25, 0xcb, 0x27, 0x9a, 0x25,
	0x85, 0x25, 0xb9, 0x23, 0x98, 0x25, 0xbc, 0x23, 0xb0, 0x23, 0x13, 0x22,
	0x22, 0x24, 0x91, 0x22, 0x6f, 0x22, 0xb3, 0x20, 0x22, 0x2e, 0x2c, 0x2b,
	0x18, 0x2b, 0x7c, 0x28, 0xa7, 0x2b, 0xd5, 0x28, 0xcb, 0x28, 0x90, 0x26,
	0x6f, 0x29, 0xf2, 0x26, 0xe5, 0x26, 0xff, 0x24, 0xf1, 0x27, 0x8f, 0x25,
	0xba, 0x25, 0x9c, 0x23, 0x63, 0x32, 0xf5, 0x2d, 0x1e, 0x2e, 0xce, 0x2a,
	0x05, 0x30, 0x53, 0x2c, 0x5a, 0x2c, 0x5f, 0x29, 0x0b, 0x2e, 0x6d, 0x2a,
	0x8e, 0x2a, 0xc8, 0x27, 0x4e, 0x2c, 0x21, 0x29, 0x2d, 0x29, 0x5c, 0x26,
	0x39, 0x36, 0x7e, 0x30, 0x7a, 0x30, 0xb3, 0x2c, 0x40, 0x34, 0x02, 0x2f,
	0x3c, 0x2f, 0xb6, 0x2b, 0x42, 0x32, 0xb8, 0x2d, 0xe8, 0x2d, 0x92, 0x2a,
	0xd4, 0x30, 0x93, 0x2c, 0xa8, 0x2c, 0x03, 0x29, 0xcd, 0x39, 0x1f, 0x33,
	0x8f, 0x33, 0x38, 0x2f, 0xb3, 0x37, 0xd0, 0x31, 0xc1, 0x31, 0xfc, 0x2d,
	0x13, 0x36, 0x70, 0x30, 0x97, 0x30, 0x94, 0x2c, 0x9d, 0x34, 0x5a, 0x2f,
	0xa4, 0x2f, 0x78, 0x2b, 0x50, 0x3f, 0xe9, 0x37, 0x2b, 0x38, 0x9c, 0x33,
	0xd5, 0x3c, 0xd8, 0x35, 0x51, 0x36, 0xb2, 0x31, 0xc0, 0x3a, 0x57, 0x34,
	0x7e, 0x34, 0x23, 0x30, 0xf9, 0x38, 0x61, 0x33, 0x79, 0x33, 0xd4, 0x2e,
	0x74, 0x38, 0xb8, 0x32, 0x98, 0x32, 0x87, 0x2f, 0xf1, 0x37, 0x2e, 0x32,
	0x31, 0x32, 0x37, 0x2f, 0xf8, 0x36, 0x15, 0x32, 0xf1, 0x31, 0xb0, 0x2e,
	0x80, 0x36, 0x8c, 0x31, 0xaa, 0x31, 0x7b, 0x2e, 0x44, 0x34, 0x6c, 0x2f,
	0x3f, 0x2f, 0xa0, 0x2c, 0x46, 0x33, 0xd1, 0x2e, 0xbe, 0x2e, 0x19, 0x2c,
	0xc7, 0x32, 0x4a, 0x2e, 0x5c, 0x2e, 0x9c, 0x2b, 0x7e, 0x32, 0x26, 0x2e,
	0x17, 0x2e, 0x48, 0x2b, 0x99, 0x30, 0x64, 0x2c, 0x3e, 0x2c, 0x9a, 0x29,
	0x71, 0x2f, 0x60, 0x2b, 0x49, 0x2b, 0xf1, 0x28, 0x9f, 0x2e, 0xa5, 0x2a,
	0xa2, 0x2a, 0x33, 0x28, 0xf7, 0x2d, 0x3e, 0x2a, 0x48, 0x2a, 0xe7, 0x27,
	0x1b, 0x2c, 0x67, 0x28, 0x6b, 0x28, 0x26, 0x26, 0x16, 0x2b, 0x94, 0x27,
	0x6e, 0x27, 0x61, 0x25, 0xf3, 0x29, 0xd9, 0x26, 0xc4, 0x26, 0xbf, 0x24,
	0xb4, 0x29, 0xab, 0x26, 0x75, 0x26, 0x77, 0x24, 0x1d, 0x28, 0x17, 0x25,
	0xf5, 0x24, 0xfc, 0x22, 0x0d, 0x27, 0x18, 0x24, 0x06, 0x24, 0x43, 0x22,
	0x1a, 0x26, 0x6a, 0x23, 0x51, 0x23, 0x99, 0x21, 0x8c, 0x25, 0xef, 0x22,
	0xdf, 0x22, 0x4b, 0x21, 0x1d, 0x24, 0xab, 0x21, 0x81, 0x21, 0xd9, 0x1f,
	0xea, 0x22, 0xbc, 0x20, 0x9d, 0x20, 0x12, 0x1f, 0x2a, 0x22, 0x22, 0x20,
	0x07, 0x20, 0x90, 0x1e, 0xbc, 0x21, 0xcc, 0x1f, 0xaf, 0x1f, 0x3b, 0x1e,
	0x3f, 0x20, 0x8a, 0x1e, 0x6a, 0x1e, 0xe6, 0x1c, 0x47, 0x1f, 0x9b, 0x1d,
	0x83, 0x1d, 0x2d, 0x1c, 0xa8, 0x1e, 0x14, 0x1d, 0xe2, 0x1c, 0x95, 0x1b,
	0x36, 0x1e, 0xb4, 0x1c, 0x9b, 0x1c, 0x4f, 0x1b, 0x14, 0x1d, 0xaa, 0x1b,
	0x8e, 0x1b, 0x4a, 0x1a, 0x1c, 0x1c, 0xf8, 0x1a, 0xca, 0x1a, 0xa3, 0x19,
	0xa6, 0x1b, 0x79, 0x1a, 0x49, 0x1a, 0x26, 0x19, 0x3f, 0x1b, 0x1e, 0x1a,
	0xf3, 0x19, 0xf0, 0x18, 0x78, 0x1a, 0x70, 0x19, 0x52, 0x19, 0x52, 0x18,
	0xb5, 0x19, 0xbd, 0x18, 0x9d, 0x18, 0xb3, 0x17, 0x3a, 0x19, 0x65, 0x18,
	0x41, 0x18, 0x71, 0x17, 0x04, 0x19, 0x0d, 0x18, 0xe1, 0x17, 0x29, 0x17,
	0x8b, 0x18, 0xc3, 0x17, 0xae, 0x17, 0xd6, 0x16, 0xbb, 0x17, 0x02, 0x17,
	0xdd, 0x16, 0x3b, 0x16, 0x29, 0x17, 0x89, 0x16, 0x63, 0x16, 0xd4, 0x15,
	0xe6, 0x16, 0x33, 0x16, 0x1b, 0x16, 0xb1, 0x15, 0xc4, 0x16, 0x30, 0x16,
	0x19, 0x16, 0x75, 0x15, 0xe2, 0x15, 0x6c, 0x15, 0x4b, 0x15, 0xdc, 0x14,
	0x3e, 0x15, 0xd2, 0x14, 0xb0, 0x14, 0x55, 0x14, 0xdf, 0x14, 0x75, 0x14,
	0x5f, 0x14, 0x2b, 0x14, 0x64, 0x15, 0xe6, 0x14, 0xce, 0x14, 0x44, 0x14,
	0x81, 0x14, 0x04, 0x14, 0xed, 0x13, 0x95, 0x13, 0xcb, 0x13, 0x74, 0x13,
	0x5f, 0x13, 0x21, 0x13, 0x75, 0x13, 0x2b, 0x13, 0x13, 0x13, 0xf3, 0x12,
	0x18, 0x14, 0xb5, 0x13, 0x9f, 0x13, 0x25, 0x13, 0x42, 0x13, 0xef, 0x12,
	0xd6, 0x12, 0x88, 0x12, 0xce, 0x12, 0x73, 0x12, 0x62, 0x12, 0x1d, 0x12,
	0x5f, 0x12, 0x22, 0x12, 0x08, 0x12, 0xeb, 0x11, 0x48, 0x13, 0xe2, 0x12,
	0xdc, 0x12, 0x71, 0x12, 0x7b, 0x12, 0x34, 0x12, 0x24, 0x12, 0xd8, 0x11,
	0xeb, 0x11, 0xa0, 0x11, 0x91, 0x11, 0x62, 0x11, 0x9c, 0x11, 0x63, 0x11,
	0x52, 0x11, 0x3e, 0x11, 0xaf, 0x12, 0x6a, 0x12, 0x5f, 0x12, 0xfc, 0x11,
	0xe0, 0x11, 0xa2, 0x11, 0xa0, 0x11, 0x60, 0x11, 0x50, 0x11, 0x1b, 0x11,
	0x12, 0x11, 0xf8, 0x10, 0xd1, 0x10, 0xb3, 0x10, 0xaf, 0x10, 0xaa, 0x10,
	0x4c, 0x12, 0x15, 0x12, 0x0f, 0x12, 0xb2, 0x11, 0x89, 0x11, 0x53, 0x11,
	0x4e, 0x11, 0x1b, 0x11, 0xc9, 0x10, 0xb3, 0x10, 0xa2, 0x10, 0x93, 0x10,
	0x6c, 0x10, 0x58, 0x10, 0x56, 0x10, 0x57, 0x10, 0x43, 0x12, 0x01, 0x12,
	0x01, 0x12, 0xaa, 0x11, 0x53, 0x11, 0x37, 0x11, 0x33, 0x11, 0xef, 0x10,
	0xa7, 0x10, 0x95, 0x10, 0x98, 0x10, 0x71, 0x10, 0x30, 0x10, 0x2b, 0x10,
	0x21, 0x10, 0x22, 0x10, 0x48, 0x12, 0x25, 0x12, 0x21, 0x12, 0xc3, 0x11,
	0x73, 0x11, 0x4b, 0x11, 0x4a, 0x11, 0x03, 0x11, 0xca, 0x10, 0xb9, 0x10,
	0xc2, 0x10, 0x88, 0x10, 0x6b, 0x10, 0x5d, 0x10, 0x61, 0x10, 0x45, 0x10,
	0x97, 0x12, 0x68, 0x12, 0x71, 0x12, 0x0d, 0x12, 0xd8, 0x11, 0xbc, 0x11,
	0xc3, 0x11, 0x5c, 0x11, 0x3c, 0x11, 0x19, 0x11, 0x1b, 0x11, 0xbf, 0x10,
	0xc8, 0x10, 0xc1, 0x10, 0xbf, 0x10, 0x90, 0x10, 0x2d, 0x13, 0xec, 0x12,
	0xf2, 0x12, 0x71, 0x12, 0x70, 0x12, 0x38, 0x12, 0x34, 0x12, 0xb4, 0x11,
	0xf8, 0x11, 0xc6, 0x11, 0xbb, 0x11, 0x45, 0x11, 0x8a, 0x11, 0x64, 0x11,
	0x61, 0x11, 0xfe, 0x10, 0x2a, 0x14, 0xc1, 0x13, 0xbf, 0x13, 0xf8, 0x12,
	0x4e, 0x13, 0xfd, 0x12, 0xff, 0x12, 0x42, 0x12, 0xc8, 0x12, 0x6f, 0x12,
	0x71, 0x12, 0xaf, 0x11, 0x8d, 0x12, 0x3f, 0x12, 0x37, 0x12, 0x8b, 0x11,
	0x8a, 0x15, 0xe3, 0x14, 0xda, 0x14, 0xb7, 0x13, 0x9b, 0x14, 0x0a, 0x14,
	0x09, 0x14, 0xfb, 0x12, 0xf4, 0x13, 0x7a, 0x13, 0x7a, 0x13, 0x6d, 0x12,
	0xbc, 0x13, 0x2f, 0x13, 0x2f, 0x13, 0x24, 0x12, 0x07, 0x17, 0x3b, 0x16,
	0x3a, 0x16, 0xce, 0x14, 0x18, 0x16, 0x6b, 0x15, 0x66, 0x15, 0x0c, 0x14,
	0x6c, 0x15, 0xcd, 0x14, 0xc5, 0x14, 0x78, 0x13, 0x1c, 0x15, 0x85, 0x14,
	0x84, 0x14, 0x2d, 0x13, 0x9a, 0x18, 0xb3, 0x17, 0xab, 0x17, 0x09, 0x16,
	0xc6, 0x17, 0x01, 0x17, 0xf4, 0x16, 0x6d, 0x15, 0xfa, 0x16, 0x59, 0x16,
	0x55, 0x16, 0xe4, 0x14, 0xab, 0x16, 0x1f, 0x16, 0x0f, 0x16, 0xac, 0x14,
	0x64, 0x1a, 0x5d, 0x19, 0x4f, 0x19, 0x94, 0x17, 0x66, 0x19, 0x9c, 0x18,
	0x89, 0x18, 0xdc, 0x16, 0xd4, 0x18, 0x32, 0x18, 0x1b, 0x18, 0x86, 0x16,
	0x76, 0x18, 0xe4, 0x17, 0xd6, 0x17, 0x52, 0x16, 0x8d, 0x1c, 0x81, 0x1b,
	0x71, 0x1b, 0xa2, 0x19, 0x82, 0x1b, 0x9c, 0x1a, 0x89, 0x1a, 0xa7, 0x18,
	0xe5, 0x1a, 0x03, 0x1a, 0xf8, 0x19, 0x39, 0x18, 0x9d, 0x1a, 0xc2, 0x19,
	0xb7, 0x19, 0x2b, 0x18, 0x6e, 0x1f, 0x20, 0x1e, 0x16, 0x1e, 0x34, 0x1c,
	0x4d, 0x1e, 0x2c, 0x1d, 0x15, 0x1d, 0x2a, 0x1b, 0x8e, 0x1d, 0x8b, 0x1c,
	0x7d, 0x1c, 0x92, 0x1a, 0x18, 0x1d, 0x38, 0x1c, 0x1d, 0x1c, 0x42, 0x1a,
	0xa9, 0x22, 0x3c, 0x21, 0x3b, 0x21, 0x48, 0x1f, 0xb2, 0x21, 0x4e, 0x20,
	0x51, 0x20, 0x22, 0x1e, 0xf6, 0x20, 0x89, 0x1f, 0x8c, 0x1f, 0x5e, 0x1d,
	0x9a, 0x20, 0x33, 0x1f, 0x35, 0x1f, 0x0d, 0x1d, 0x78, 0x26, 0x77, 0x24,
	0x58, 0x24, 0x2d, 0x22, 0xb0, 0x25, 0x98, 0x23, 0xa1, 0x23, 0x0f, 0x21,
	0xd6, 0x24, 0xc7, 0x22, 0xd3, 0x22, 0x46, 0x20, 0x5c, 0x24, 0x72, 0x22,
	0x8f, 0x22, 0xdd, 0x1f, 0x23, 0x2b, 0xd3, 0x27, 0xf1, 0x27, 0x05, 0x25,
	0x0a, 0x2a, 0xee, 0x26, 0x08, 0x27, 0xd7, 0x23, 0x29, 0x29, 0x3f, 0x26,
	0x6b, 0x26, 0x20, 0x23, 0x85, 0x28, 0xb3, 0x25, 0xfa, 0x25, 0xc6, 0x22,
	0xb8, 0x2f, 0x9a, 0x2b, 0xe0, 0x2b, 0xda, 0x27, 0x89, 0x2e, 0x7c, 0x2a,
	0xb9, 0x2a, 0xd8, 0x26, 0x96, 0x2d, 0xca, 0x29, 0xfc, 0x29, 0x17, 0x26,
	0x4d, 0x2d, 0x95, 0x29, 0xd8, 0x29, 0xe9, 0x25, 0x90, 0x33, 0xa4, 0x2e,
	0xf4, 0x2e, 0x64, 0x2a, 0xaf, 0x32, 0x02, 0x2e, 0x26, 0x2e, 0x85, 0x29,
	0xe6, 0x31, 0x62, 0x2d, 0xc8, 0x2d, 0x4d, 0x29, 0xbb, 0x31, 0x23, 0x2d,
	0x99, 0x2d, 0x33, 0x29, 0x4b, 0x38, 0x51, 0x32, 0x7f, 0x32, 0x42, 0x2d,
	0xf7, 0x36, 0x9a, 0x31, 0xd6, 0x31, 0xa8, 0x2c, 0xbb, 0x36, 0x1f, 0x31,
	0x7a, 0x31, 0x3b, 0x2c, 0x8e, 0x36, 0xce, 0x30, 0x50, 0x31, 0x6c, 0x2c,
	0x82, 0x36, 0x3f, 0x31, 0x36, 0x31, 0xb5, 0x2d, 0x73, 0x36, 0x79, 0x31,
	0xc5, 0x31, 0x00, 0x2e, 0x9f, 0x36, 0xcd, 0x31, 0xc4, 0x31, 0x17, 0x2e,
	0x6f, 0x37, 0x25, 0x32, 0x40, 0x32, 0x50, 0x2e, 0x50, 0x32, 0xea, 0x2d,
	0xed, 0x2d, 0x44, 0x2b, 0xa7, 0x32, 0xf8, 0x2d, 0x09, 0x2e, 0x0a, 0x2b,
	0xe9, 0x32, 0x28, 0x2e, 0x5a, 0x2e, 0x5a, 0x2b, 0x6b, 0x33, 0xb5, 0x2e,
	0xdc, 0x2e, 0xb1, 0x2b, 0x6b, 0x2e, 0x65, 0x2a, 0x47, 0x2a, 0xd9, 0x27,
	0x23, 0x2e, 0x48, 0x2a, 0x58, 0x2a, 0xdc, 0x27, 0xa3, 0x2e, 0x9f, 0x2a,
	0xa2, 0x2a, 0xfd, 0x27, 0xac, 0x2f, 0x63, 0x2b, 0x89, 0x2b, 0xbb, 0x28,
	0x82, 0x29, 0x61, 0x26, 0x6e, 0x26, 0x4a, 0x24, 0xd3, 0x29, 0x97, 0x26,
	0x80, 0x26, 0x55, 0x24, 0x39, 0x2a, 0xdd, 0x26, 0xe3, 0x26, 0xb4, 0x24,
	0x41, 0x2b, 0xaa, 0x27, 0xcd, 0x27, 0x62, 0x25, 0x61, 0x25, 0xfb, 0x22,
	0xd4, 0x22, 0x17, 0x21, 0x89, 0x25, 0x06, 0x23, 0x13, 0x23, 0x3d, 0x21,
	0x1f, 0x26, 0x87, 0x23, 0x73, 0x23, 0x8e, 0x21, 0x1b, 0x27, 0x35, 0x24,
	0x2a, 0x24, 0x1d, 0x22, 0x91, 0x21, 0xa8, 0x1f, 0x8f, 0x1f, 0x35, 0x1e,
	0xc1, 0x21, 0xc5, 0x1f, 0xa6, 0x1f, 0x1e, 0x1e, 0x5a, 0x22, 0x40, 0x20,
	0x22, 0x20, 0x89, 0x1e, 0x40, 0x23, 0x01, 0x21, 0x03, 0x21, 0x34, 0x1f,
	0xde, 0x1d, 0x81, 0x1c, 0x52, 0x1c, 0x2f, 0x1b, 0x46, 0x1e, 0xc6, 0x1c,
	0xb2, 0x1c, 0x5b, 0x1b, 0xcf, 0x1e, 0x23, 0x1d, 0x14, 0x1d, 0xb1, 0x1b,
	0xb4, 0x1f, 0x02, 0x1e, 0xdf, 0x1d, 0x5b, 0x1c, 0x2e, 0x1b, 0x04, 0x1a,
	0xde, 0x19, 0xfa, 0x18, 0x4f, 0x1b, 0x1e, 0x1a, 0x06, 0x1a, 0x1f, 0x19,
	0xe5, 0x1b, 0x9d, 0x1a, 0x7a, 0x1a, 0x6f, 0x19, 0xa2, 0x1c, 0x29, 0x1b,
	0x1b, 0x1b, 0xe6, 0x19, 0xd5, 0x18, 0xff, 0x17, 0xe6, 0x17, 0x35, 0x17,
	0xe5, 0x18, 0x1a, 0x18, 0xfc, 0x17, 0x72, 0x17, 0x3f, 0x19, 0x70, 0x18,
	0x63, 0x18, 0xdd, 0x17, 0x07, 0x1a, 0x02, 0x19, 0xf6, 0x18, 0x58, 0x18,
	0xb6, 0x16, 0x22, 0x16, 0xfe, 0x15, 0x9e, 0x15, 0xe6, 0x16, 0x3b, 0x16,
	0x24, 0x16, 0xe2, 0x15, 0x2e, 0x17, 0x9c, 0x16, 0x8b, 0x16, 0x46, 0x16,
	0xd6, 0x17, 0x3c, 0x17, 0x36, 0x17, 0xdb, 0x16, 0xe5, 0x14, 0x72, 0x14,
	0x57, 0x14, 0x1a, 0x14, 0x02, 0x15, 0x91, 0x14, 0x73, 0x14, 0x2e, 0x14,
	0x50, 0x15, 0xf0, 0x14, 0xd9, 0x14, 0xc1, 0x14, 0xed, 0x15, 0x7f, 0x15,
	0x6d, 0x15, 0x5e, 0x15, 0x5f, 0x13, 0x13, 0x13, 0xf8, 0x12, 0xcf, 0x12,
	0x8a, 0x13, 0x31, 0x13, 0x1a, 0x13, 0xf4, 0x12, 0xd4, 0x13, 0x7b, 0x13,
	0x71, 0x13, 0x52, 0x13, 0x6c, 0x14, 0x24, 0x14, 0x18, 0x14, 0x0a, 0x14,
	0x4c, 0x12, 0x12, 0x12, 0xff, 0x11, 0xe7, 0x11, 0x6b, 0x12, 0x27, 0x12,
	0x0e, 0x12, 0xf8, 0x11, 0xba, 0x12, 0x78, 0x12, 0x6b, 0x12, 0x67, 0x12,
	0x3f, 0x13, 0xff, 0x12, 0xf7, 0x12, 0x00, 0x13, 0x4f, 0x11, 0x35, 0x11,
	0x28, 0x11, 0x24, 0x11, 0x94, 0x11, 0x67, 0x11, 0x5c, 0x11, 0x66, 0x11,
	0xd0, 0x11, 0xb0, 0x11, 0xa9, 0x11, 0xaa, 0x11, 0x4e, 0x12, 0x36, 0x12,
	0x33, 0x12, 0x40, 0x12, 0xa8, 0x10, 0x9d, 0x10, 0x90, 0x10, 0xb0, 0x10,
	0xcf, 0x10, 0xcb, 0x10, 0xc2, 0x10, 0xe1, 0x10, 0x2f, 0x11, 0x22, 0x11,
	0x26, 0x11, 0x3f, 0x11, 0xc6, 0x11, 0xb3, 0x11, 0xb3, 0x11, 0xca, 0x11,
	0x27, 0x10, 0x36, 0x10, 0x30, 0x10, 0x4d, 0x10, 0x56, 0x10, 0x51, 0x10,
	0x4e, 0x10, 0x6e, 0x10, 0xb1, 0x10, 0xb9, 0x10, 0xc3, 0x10, 0xdf, 0x10,
	0x5a, 0x11, 0x57, 0x11, 0x5e, 0x11, 0x72, 0x11, 0x00, 0x10, 0x08, 0x10,
	0x08, 0x10, 0x0c, 0x10, 0x2b, 0x10, 0x34, 0x10, 0x2e, 0x10, 0x4c, 0x10,
	0x85, 0x10, 0x96, 0x10, 0x9f, 0x10, 0xba, 0x10, 0x44, 0x11, 0x36, 0x11,
	0x3b, 0x11, 0x51, 0x11, 0x1b, 0x10, 0x30, 0x10, 0x28, 0x10, 0x3b, 0x10,
	0x42, 0x10, 0x51, 0x10, 0x58, 0x10, 0x6f, 0x10, 0xae, 0x10, 0xb7, 0x10,
	0xc1, 0x10, 0xd5, 0x10, 0x75, 0x11, 0x5d, 0x11, 0x6a, 0x11, 0x5e, 0x11,
	0x9d, 0x10, 0xa6, 0x10, 0xa5, 0x10, 0x93, 0x10, 0xc6, 0x10, 0xc4, 0x10,
	0xc5, 0x10, 0xba, 0x10, 0x2d, 0x11, 0x20, 0x11, 0x2c, 0x11, 0x13, 0x11,
	0xd8, 0x11, 0xa3, 0x11, 0xb1, 0x11, 0x70, 0x11, 0x67, 0x11, 0x47, 0x11,
	0x49, 0x11, 0x02, 0x11, 0x8c, 0x11, 0x6b, 0x11, 0x68, 0x11, 0x27, 0x11,
	0xee, 0x11, 0xb5, 0x11, 0xc0, 0x11, 0x64, 0x11, 0x90, 0x12, 0x3f, 0x12,
	0x4f, 0x12, 0xc6, 0x11, 0x62, 0x12, 0x22, 0x12, 0x1e, 0x12, 0x78, 0x11,
	0x7d, 0x12, 0x40, 0x12, 0x3d, 0x12, 0x94, 0x11, 0xe0, 0x12, 0x8b, 0x12,
	0x98, 0x12, 0xda, 0x11, 0x80, 0x13, 0x04, 0x13, 0x11, 0x13, 0x3a, 0x12,
	0x8b, 0x13, 0x1d, 0x13, 0x1c, 0x13, 0x0b, 0x12, 0xb3, 0x13, 0x3e, 0x13,
	0x38, 0x13, 0x3a, 0x12, 0x28, 0x14, 0x9d, 0x13, 0x9e, 0x13, 0x87, 0x12,
	0xca, 0x14, 0x33, 0x14, 0x3f, 0x14, 0xfc, 0x12, 0xf7, 0x14, 0x65, 0x14,
	0x5f, 0x14, 0x09, 0x13, 0x3d, 0x15, 0x9d, 0x14, 0x99, 0x14, 0x38, 0x13,
	0xb0, 0x15, 0xee, 0x14, 0xfa, 0x14, 0x81, 0x13, 0x55, 0x16, 0x93, 0x15,
	0xa9, 0x15, 0x11, 0x14, 0xa5, 0x16, 0x0f, 0x16, 0x09, 0x16, 0x82, 0x14,
	0xb8, 0x16, 0x28, 0x16, 0x29, 0x16, 0x9e, 0x14, 0x3d, 0x17, 0x97, 0x16,
	0x99, 0x16, 0x11, 0x15, 0xd7, 0x17, 0x23, 0x17, 0x28, 0x17, 0x9d, 0x15,
	0x47, 0x18, 0xbc, 0x17, 0xbe, 0x17, 0x49, 0x16, 0x62, 0x18, 0xe7, 0x17,
	0xe6, 0x17, 0x6c, 0x16, 0xcd, 0x18, 0x34, 0x18, 0x44, 0x18, 0xcf, 0x16,
	0x85, 0x19, 0xd5, 0x18, 0xd5, 0x18, 0x49, 0x17, 0x5f, 0x1a, 0xbe, 0x19,
	0xa4, 0x19, 0x09, 0x18, 0x85, 0x1a, 0xcc, 0x19, 0xbd, 0x19, 0x43, 0x18,
	0xf4, 0x1a, 0x3d, 0x1a, 0x48, 0x1a, 0xab, 0x18, 0xd3, 0x1b, 0xeb, 0x1a,
	0xf0, 0x1a, 0x2b, 0x19, 0x0c, 0x1d, 0x0d, 0x1c, 0x0b, 0x1c, 0x3b, 0x1a,
	0x4f, 0x1d, 0x48, 0x1c, 0x42, 0x1c, 0x77, 0x1a, 0xde, 0x1d, 0xd8, 0x1c,
	0xe2, 0x1c, 0xfb, 0x1a, 0xee, 0x1e, 0x90, 0x1d, 0x8c, 0x1d, 0x90, 0x1b,
	0x6a, 0x20, 0x2b, 0x1f, 0x27, 0x1f, 0x00, 0x1d, 0xbc, 0x20, 0x55, 0x1f,
	0x51, 0x1f, 0x28, 0x1d, 0x3f, 0x21, 0xce, 0x1f, 0xd6, 0x1f, 0xaf, 0x1d,
	0x3d, 0x22, 0x74, 0x20, 0x8f, 0x20, 0x4f, 0x1e, 0x10, 0x24, 0x2d, 0x22,
	0x53, 0x22, 0xbf, 0x1f, 0x5c, 0x24, 0x57, 0x22, 0x88, 0x22, 0xef, 0x1f,
	0x07, 0x25, 0xed, 0x22, 0x2e, 0x23, 0x65, 0x20, 0xce, 0x25, 0xad, 0x23,
	0xcc, 0x23, 0xf4, 0x20, 0x96, 0x28, 0xbf, 0x25, 0xf4, 0x25, 0x9b, 0x22,
	0xde, 0x28, 0xd3, 0x25, 0x08, 0x26, 0xac, 0x22, 0x62, 0x29, 0x4b, 0x26,
	0x9e, 0x26, 0x28, 0x23, 0x58, 0x2a, 0xed, 0x26, 0x42, 0x27, 0xbd, 0x23,
	0x09, 0x2d, 0x75, 0x29, 0xda, 0x29, 0xd7, 0x25, 0x76, 0x2d, 0x9f, 0x29,
	0xeb, 0x29, 0xfd, 0x25, 0x1b, 0x2e, 0xfc, 0x29, 0x7e, 0x2a, 0x68, 0x26,
	0x38, 0x2f, 0xb7, 0x2a, 0x1b, 0x2b, 0x05, 0x27, 0x89, 0x31, 0x13, 0x2d,
	0x87, 0x2d, 0x11, 0x29, 0xd3, 0x31, 0x56, 0x2d, 0xc9, 0x2d, 0x3d, 0x29,
	0x33, 0x32, 0x9c, 0x2d, 0x22, 0x2e, 0xa9, 0x29, 0x15, 0x33, 0x25, 0x2e,
	0xb5, 0x2e, 0x51, 0x2a, 0x58, 0x36, 0xe5, 0x30, 0x7e, 0x31, 0x41, 0x2c,
	0x1a, 0x36, 0xe1, 0x30, 0x7c, 0x31, 0x6e, 0x2c, 0x8e, 0x36, 0x6f, 0x31,
	0x0b, 0x32, 0xe5, 0x2c, 0x3b, 0x37, 0xc1, 0x31, 0x66, 0x32, 0x71, 0x2d,
	0x1f, 0x38, 0xbe, 0x32, 0xb1, 0x32, 0xfe, 0x2e, 0x43, 0x39, 0x95, 0x33,
	0xae, 0x33, 0x99, 0x2f, 0x96, 0x3a, 0x66, 0x34, 0xe7, 0x34, 0xd7, 0x30,
	0x3f, 0x3c, 0x0b, 0x36, 0x47, 0x36, 0xf8, 0x31, 0x36, 0x34, 0x41, 0x2f,
	0x93, 0x2f, 0x41, 0x2c, 0x14, 0x35, 0xd8, 0x2f, 0xfd, 0x2f, 0x91, 0x2c,
	0x0b, 0x36, 0xb9, 0x30, 0xfc, 0x30, 0x8f, 0x2d, 0xae, 0x37, 0xf8, 0x31,
	0x2f, 0x32, 0x66, 0x2e, 0xd4, 0x30, 0x62, 0x2c, 0x64, 0x2c, 0x59, 0x29,
	0xf5, 0x31, 0x30, 0x2d, 0x5a, 0x2d, 0x11, 0x2a, 0x17, 0x33, 0x31, 0x2e,
	0x6c, 0x2e, 0xe8, 0x2a, 0x62, 0x34, 0x51, 0x2f, 0x89, 0x2f, 0xe9, 0x2b,
	0x7e, 0x2c, 0xa4, 0x28, 0xc3, 0x28, 0x30, 0x26, 0xfc, 0x2d, 0xe9, 0x29,
	0x00, 0x2a, 0xfd, 0x26, 0x6c, 0x2f, 0x0f, 0x2b, 0x37, 0x2b, 0x0b, 0x28,
	0x6a, 0x31, 0xdf, 0x2c, 0x16, 0x2d, 0xc3, 0x29, 0x90, 0x28, 0x36, 0x25,
	0x3c, 0x25, 0x0e, 0x23, 0xe1, 0x29, 0x5b, 0x26, 0x61, 0x26, 0xe7, 0x23,
	0x87, 0x2b, 0xd8, 0x27, 0xe9, 0x27, 0x24, 0x25, 0xa9, 0x2d, 0x88, 0x29,
	0xc6, 0x29, 0xc5, 0x26, 0x7f, 0x24, 0x11, 0x22, 0x22, 0x22, 0x20, 0x20,
	0x09, 0x26, 0x39, 0x23, 0x45, 0x23, 0x26, 0x21, 0x82, 0x27, 0x95, 0x24,
	0x80, 0x24, 0x42, 0x22, 0xf3, 0x29, 0x6c, 0x26, 0x7a, 0x26, 0xe5, 0x23,
	0x0b, 0x21, 0xfa, 0x1e, 0xf3, 0x1e, 0x46, 0x1d, 0xb3, 0x22, 0x62, 0x20,
	0x5f, 0x20, 0x65, 0x1e, 0x39, 0x24, 0xd9, 0x21, 0xdb, 0x21, 0xd2, 0x1f,
	0x45, 0x26, 0xa5, 0x23, 0xc6, 0x23, 0x64, 0x21, 0xd1, 0x1d, 0x28, 0x1c,
	0x24, 0x1c, 0xc0, 0x1a, 0x17, 0x1f, 0x70, 0x1d, 0x7b, 0x1d, 0xeb, 0x1b,
	0x0a, 0x21, 0x13, 0x1f, 0xfd, 0x1e, 0x47, 0x1d, 0x25, 0x23, 0xf9, 0x20,
	0x20, 0x21, 0x1d, 0x1f, 0x02, 0x1b, 0xdb, 0x19, 0xc3, 0x19, 0xfb, 0x18,
	0x65, 0x1c, 0x07, 0x1b, 0x03, 0x1b, 0x05, 0x1a, 0x2b, 0x1e, 0x97, 0x1c,
	0x96, 0x1c, 0x5c, 0x1b, 0x14, 0x20, 0x5d, 0x1e, 0x70, 0x1e, 0xd6, 0x1c,
	0xcc, 0x18, 0xef, 0x17, 0xe2, 0x17, 0x85, 0x17, 0xfe, 0x19, 0x0b, 0x19,
	0xff, 0x18, 0x85, 0x18, 0x7c, 0x1b, 0x4f, 0x1a, 0x64, 0x1a, 0x93, 0x19,
	0x69, 0x1d, 0x14, 0x1c, 0x09, 0x1c, 0xf5, 0x1a, 0xf2, 0x16, 0x67, 0x16,
	0x61, 0x16, 0x33, 0x16, 0x06, 0x18, 0x54, 0x17, 0x4f, 0x17, 0xfd, 0x16,
	0x88, 0x19, 0x9a, 0x18, 0x95, 0x18, 0x23, 0x18, 0x49, 0x1b, 0x3f, 0x1a,
	0x42, 0x1a, 0x78, 0x19, 0x5b, 0x15, 0xfa, 0x14, 0xf4, 0x14, 0xda, 0x14,
	0x9a, 0x16, 0x14, 0x16, 0x13, 0x16, 0xd6, 0x15, 0x05, 0x18, 0x55, 0x17,
	0x5c, 0x17, 0xe3, 0x16, 0xb9, 0x19, 0xce, 0x18, 0xe1, 0x18, 0x2d, 0x18,
	0x09, 0x14, 0xd0, 0x13, 0xcb, 0x13, 0xc8, 0x13, 0x5c, 0x15, 0x01, 0x15,
	0xf9, 0x14, 0xb8, 0x14, 0xd4, 0x16, 0x4e, 0x16, 0x54, 0x16, 0xf6, 0x15,
	0x8e, 0x18, 0xe0, 0x17, 0xdb, 0x17, 0x34, 0x17, 0x34, 0x13, 0xff, 0x12,
	0x07, 0x13, 0xfd, 0x12, 0x5b, 0x14, 0x04, 0x14, 0x15, 0x14, 0xd3, 0x13,
	0xea, 0x15, 0x7b, 0x15, 0x88, 0x15, 0x10, 0x15, 0xa1, 0x17, 0xfd, 0x16,
	0x18, 0x17, 0x63, 0x16, 0x97, 0x12, 0x70, 0x12, 0x78, 0x12, 0x6b, 0x12,
	0xbb, 0x13, 0x7b, 0x13, 0x8d, 0x13, 0x4e, 0x13, 0x2e, 0x15, 0xc9, 0x14,
	0xe5, 0x14, 0x70, 0x14, 0x27, 0x17, 0x91, 0x16, 0xa1, 0x16, 0xf0, 0x15,
	0x37, 0x12, 0x21, 0x12, 0x28, 0x12, 0x10, 0x12, 0x6f, 0x13, 0x22, 0x13,
	0x34, 0x13, 0xea, 0x12, 0xc5, 0x14, 0x6a, 0x14, 0x7b, 0x14, 0x04, 0x14,
	0xad, 0x16, 0x32, 0x16, 0x4e, 0x16, 0xaf, 0x15, 0x3a, 0x12, 0x06, 0x12,
	0x1c, 0x12, 0xf5, 0x11, 0x4b, 0x13, 0x05, 0x13, 0x19, 0x13, 0xa5, 0x12,
	0xa5, 0x14, 0x49, 0x14, 0x6f, 0x14, 0xe0, 0x13, 0x9e, 0x16, 0x2d, 0x16,
	0x54, 0x16, 0xa8, 0x15, 0x55, 0x12, 0x27, 0x12, 0x2b, 0x12, 0xec, 0x11,
	0x84, 0x13, 0x1e, 0x13, 0x30, 0x13, 0xc5, 0x12, 0xc3, 0x14, 0x63, 0x14,
	0x89, 0x14, 0xf5, 0x13, 0x9f, 0x16, 0x3a, 0x16, 0x64, 0x16, 0xaa, 0x15,
	0xc0, 0x12, 0x73, 0x12, 0x7d, 0x12, 0x15, 0x12, 0xc7, 0x13, 0x69, 0x13,
	0x82, 0x13, 0xe1, 0x12, 0x4a, 0x15, 0xda, 0x14, 0xf8, 0x14, 0x42, 0x14,
	0x18, 0x17, 0x98, 0x16, 0xb9, 0x16, 0xe5, 0x15, 0x66, 0x13, 0xf3, 0x12,
	0x06, 0x13, 0x4a, 0x12, 0xb2, 0x14, 0x1b, 0x14, 0x30, 0x14, 0x54, 0x13,
	0x03, 0x16, 0x76, 0x15, 0x92, 0x15, 0xa5, 0x14, 0xc5, 0x17, 0x08, 0x17,
	0x3b, 0x17, 0x31, 0x16, 0x6d, 0x14, 0xcb, 0x13, 0xe1, 0x13, 0xe1, 0x12,
	0x97, 0x15, 0xf1, 0x14, 0x07, 0x15, 0xe2, 0x13, 0x0a, 0x17, 0x41, 0x16,
	0x66, 0x16, 0x16, 0x15, 0xad, 0x18, 0xd8, 0x17, 0xe6, 0x17, 0x90, 0x16,
	0xb9, 0x15, 0xeb, 0x14, 0x0e, 0x15, 0xb5, 0x13, 0xf1, 0x16, 0x10, 0x16,
	0x2a, 0x16, 0xa6, 0x14, 0x67, 0x18, 0x5d, 0x17, 0x79, 0x17, 0xcf, 0x15,
	0x0d, 0x1a, 0xd1, 0x18, 0xf8, 0x18, 0x13, 0x17, 0x50, 0x17, 0x64, 0x16,
	0x78, 0x16, 0xe2, 0x14, 0x6a, 0x18, 0x66, 0x17, 0x69, 0x17, 0xb9, 0x15,
	0xb2, 0x19, 0x93, 0x18, 0xac, 0x18, 0xb7, 0x16, 0x55, 0x1b, 0x19, 0x1a,
	0x41, 0x1a, 0x02, 0x18, 0xd3, 0x18, 0xeb, 0x17, 0x06, 0x18, 0x68, 0x16,
	0xf1, 0x19, 0xf4, 0x18, 0x0e, 0x19, 0x36, 0x17, 0x66, 0x1b, 0x23, 0x1a,
	0x42, 0x1a, 0x21, 0x18, 0x33, 0x1d, 0xeb, 0x1b, 0x17, 0x1c, 0xbc, 0x19,
	0x98, 0x1a, 0xa9, 0x19, 0xb6, 0x19, 0xf9, 0x17, 0x17, 0x1c, 0xbb, 0x1a,
	0xca, 0x1a, 0xc9, 0x18, 0xe3, 0x1d, 0x3d, 0x1c, 0x6a, 0x1c, 0x11, 0x1a,
	0xcd, 0x1f, 0x10, 0x1e, 0x3c, 0x1e, 0xa1, 0x1b, 0x26, 0x1d, 0xce, 0x1b,
	0xe4, 0x1b, 0xcd, 0x19, 0xd2, 0x1e, 0x17, 0x1d, 0x35, 0x1d, 0xb1, 0x1a,
	0xcc, 0x20, 0xb6, 0x1e, 0xdc, 0x1e, 0x1f, 0x1c, 0xd6, 0x22, 0x9e, 0x20,
	0xbd, 0x20, 0x08, 0x1e, 0x5f, 0x20, 0x90, 0x1e, 0xa2, 0x1e, 0x55, 0x1c,
	0x28, 0x22, 0xea, 0x1f, 0x15, 0x20, 0x56, 0x1d, 0xf9, 0x23, 0x72, 0x21,
	0xb1, 0x21, 0xa0, 0x1e, 0xfc, 0x25, 0x4a, 0x23, 0xa7, 0x23, 0xa6, 0x20,
	0x92, 0x23, 0x82, 0x21, 0xb0, 0x21, 0x1b, 0x1f, 0x40, 0x25, 0xbe, 0x22,
	0xd6, 0x22, 0xfe, 0x1f, 0x28, 0x27, 0x37, 0x24, 0x83, 0x24, 0x3f, 0x21,
	0x4c, 0x29, 0x29, 0x26, 0x8a, 0x26, 0x29, 0x23, 0x15, 0x27, 0x72, 0x24,
	0xd2, 0x24, 0xd7, 0x21, 0xc8, 0x28, 0x94, 0x25, 0xe3, 0x25, 0x81, 0x22,
	0xf2, 0x2a, 0x14, 0x27, 0x71, 0x27, 0xa5, 0x23, 0xc7, 0x2d, 0x58, 0x29,
	0xda, 0x29, 0xcc, 0x25, 0x8a, 0x2b, 0x0b, 0x28, 0x4b, 0x28, 0xac, 0x24,
	0x7c, 0x2d, 0x1b, 0x29, 0x90, 0x29, 0x8e, 0x25, 0x83, 0x2f, 0x7e, 0x2a,
	0x12, 0x2b, 0x79, 0x26, 0xdc, 0x31, 0xb1, 0x2c, 0x2f, 0x2d, 0x58, 0x28,
	0x37, 0x30, 0x88, 0x2b, 0x39, 0x2c, 0x0e, 0x28, 0xc2, 0x31, 0x91, 0x2c,
	0x59, 0x2d, 0xe0, 0x28, 0x68, 0x33, 0x71, 0x2d, 0x1a, 0x2e, 0x7f, 0x29,
	0x2d, 0x35, 0x36, 0x2f, 0xec, 0x2f, 0xc2, 0x2a, 0x30, 0x34, 0xad, 0x2e,
	0x6c, 0x2f, 0xf1, 0x2a, 0x53, 0x35, 0x9e, 0x2f, 0x43, 0x30, 0xc5, 0x2b,
	0x9a, 0x36, 0x8e, 0x30, 0x0a, 0x31, 0x2d, 0x2c, 0x20, 0x38, 0x18, 0x32,
	0xc7, 0x32, 0x62, 0x2d, 0xc1, 0x38, 0xd4, 0x32, 0x69, 0x33, 0x69, 0x2e,
	0xef, 0x39, 0x87, 0x33, 0x3d, 0x34, 0x11, 0x2f, 0x6a, 0x3b, 0x03, 0x35,
	0xdc, 0x35, 0x04, 0x30, 0x55, 0x3d, 0x94, 0x36, 0x43, 0x37, 0x60, 0x31,
	0xff, 0x3d, 0x85, 0x37, 0x15, 0x38, 0x88, 0x33, 0x46, 0x41, 0x24, 0x3a,
	0x63, 0x3a, 0x11, 0x36, 0x30, 0x44, 0xe1, 0x3c, 0x75, 0x3d, 0x6f, 0x38,
	0xd5, 0x47, 0xec, 0x3f, 0xa1, 0x40, 0x29, 0x3b, 0xbd, 0x39, 0x97, 0x33,
	0xc8, 0x33, 0xe5, 0x2f, 0x5f, 0x3b, 0x7e, 0x35, 0xc4, 0x35, 0x6b, 0x31,
	0x4b, 0x3e, 0x09, 0x38, 0x4e, 0x38, 0xf7, 0x33, 0x9e, 0x41, 0xd4, 0x3a,
	0xfb, 0x3a, 0x4b, 0x36, 0x54, 0x36, 0xae, 0x30, 0x13, 0x31, 0x14, 0x2d,
	0x0b, 0x38, 0x47, 0x32, 0xab, 0x32, 0xac, 0x2e, 0x4f, 0x3a, 0x41, 0x34,
	0x79, 0x34, 0x3c, 0x30, 0x2f, 0x3d, 0xed, 0x36, 0x47, 0x37, 0xa7, 0x32,
	0x2d, 0x33, 0x7a, 0x2e, 0xa5, 0x2e, 0x05, 0x2b, 0x00, 0x35, 0xd0, 0x2f,
	0xf4, 0x2f, 0x3b, 0x2c, 0xe9, 0x36, 0x53, 0x31, 0xaa, 0x31, 0xbb, 0x2d,
	0xa0, 0x39, 0x9f, 0x33, 0xc2, 0x33, 0x6d, 0x2f, 0x1b, 0x30, 0xa4, 0x2b,
	0xcf, 0x2b, 0x7b, 0x28, 0x32, 0x32, 0xb9, 0x2d, 0xb9, 0x2d, 0x56, 0x2a,
	0x80, 0x34, 0x75, 0x2f, 0xb1, 0x2f, 0xc1, 0x2b, 0xae, 0x36, 0x1a, 0x31,
	0x67, 0x31, 0x67, 0x2d, 0xdb, 0x2b, 0x6b, 0x28, 0x93, 0x28, 0xc3, 0x25,
	0x0e, 0x2f, 0xba, 0x2a, 0xd3, 0x2a, 0xb7, 0x27, 0xc6, 0x31, 0x20, 0x2d,
	0x46, 0x2d, 0xc9, 0x29, 0x6d, 0x34, 0x2c, 0x2f, 0x4e, 0x2f, 0xb5, 0x2b,
	0xd6, 0x28, 0xa6, 0x25, 0xc2, 0x25, 0x34, 0x23, 0x70, 0x2b, 0xd1, 0x27,
	0xfe, 0x27, 0x2c, 0x25, 0x76, 0x2e, 0x70, 0x2a, 0x65, 0x2a, 0x4a, 0x27,
	0x06, 0x32, 0x3d, 0x2d, 0x5b, 0x2d, 0xc7, 0x29, 0x70, 0x25, 0xf6, 0x22,
	0x1f, 0x23, 0xd8, 0x20, 0x2b, 0x28, 0x23, 0x25, 0x3e, 0x25, 0xa8, 0x22,
	0x20, 0x2b, 0xaa, 0x27, 0xcb, 0x27, 0xce, 0x24, 0x01, 0x2f, 0x95, 0x2a,
	0xb2, 0x2a, 0x6d, 0x27, 0xa1, 0x22, 0xb5, 0x20, 0xa5, 0x20, 0xc8, 0x1e,
	0x15, 0x25, 0xd0, 0x22, 0xe7, 0x22, 0xa1, 0x20, 0x3c, 0x28, 0x27, 0x25,
	0x3b, 0x25, 0xab, 0x22, 0xf1, 0x2b, 0x3e, 0x28, 0x54, 0x28, 0x3a, 0x25,
	0x8d, 0x1f, 0x3f, 0x1e, 0x3b, 0x1e, 0xbc, 0x1c, 0xa4, 0x22, 0xa6, 0x20,
	0xc3, 0x20, 0xc3, 0x1e, 0xdb, 0x25, 0x48, 0x23, 0x55, 0x23, 0xf3, 0x20,
	0x8e, 0x29, 0x24, 0x26, 0x28, 0x26, 0x7a, 0x23, 0x7e, 0x1d, 0x3f, 0x1c,
	0x45, 0x1c, 0x18, 0x1b, 0x29, 0x20, 0xb4, 0x1e, 0xbb, 0x1e, 0xf5, 0x1c,
	0x9c, 0x23, 0x77, 0x21, 0x9b, 0x21, 0x5e, 0x1f, 0x78, 0x27, 0x62, 0x24,
	0x6e, 0x24, 0xc8, 0x21, 0xbb, 0x1b, 0xab, 0x1a, 0xb7, 0x1a, 0xb4, 0x19,
	0x83, 0x1e, 0x29, 0x1d, 0x41, 0x1d, 0x9d, 0x1b, 0xe0, 0x21, 0xf8, 0x1f,
	0x0e, 0x20, 0x01, 0x1e, 0x76, 0x25, 0xd3, 0x22, 0xf1, 0x22, 0x6f, 0x20,
	0x84, 0x1a, 0x95, 0x19, 0xa8, 0x19, 0xa4, 0x18, 0x0f, 0x1d, 0xcb, 0x1b,
	0xd8, 0x1b, 0x52, 0x1a, 0x41, 0x20, 0x8f, 0x1e, 0x9e, 0x1e, 0xa7, 0x1c,
	0x15, 0x24, 0x96, 0x21, 0xc9, 0x21, 0x36, 0x1f, 0xbf, 0x19, 0xd7, 0x18,
	0xee, 0x18, 0xee, 0x17, 0x0c, 0x1c, 0xdb, 0x1a, 0x00, 0x1b, 0x9e, 0x19,
	0x40, 0x1f, 0x8d, 0x1d, 0xa3, 0x1d, 0xb4, 0x1b, 0xf0, 0x22, 0xbf, 0x20,
	0xf2, 0x20, 0x71, 0x1e, 0x1d, 0x19, 0x63, 0x18, 0x7b, 0x18, 0x93, 0x17,
	0x7d, 0x1b, 0x53, 0x1a, 0x86, 0x1a, 0x1a, 0x19, 0x69, 0x1e, 0xed, 0x1c,
	0x13, 0x1d, 0x32, 0x1b, 0x53, 0x22, 0x34, 0x20, 0x6b, 0x20, 0xd1, 0x1d,
	0xf0, 0x18, 0x2a, 0x18, 0x57, 0x18, 0x64, 0x17, 0x10, 0x1b, 0x24, 0x1a,
	0x35, 0x1a, 0xcb, 0x18, 0xdc, 0x1d, 0x72, 0x1c, 0xa5, 0x1c, 0xa1, 0x1a,
	0xd1, 0x21, 0xb9, 0x1f, 0xdb, 0x1f, 0x54, 0x1d, 0xf0, 0x18, 0x3e, 0x18,
	0x66, 0x18, 0x77, 0x17, 0x1f, 0x1b, 0x10, 0x1a, 0x49, 0x1a, 0xc9, 0x18,
	0xba, 0x1d, 0x58, 0x1c, 0x78, 0x1c, 0x70, 0x1a, 0x75, 0x21, 0x7b, 0x1f,
	0xbf, 0x1f, 0x07, 0x1d, 0xf3, 0x18, 0x51, 0x18, 0x7e, 0x18, 0x70, 0x17,
	0x21, 0x1b, 0x0e, 0x1a, 0x3f, 0x1a, 0xa9, 0x18, 0xe8, 0x1d, 0x7b, 0x1c,
	0xa0, 0x1c, 0x77, 0x1a, 0xc9, 0x21, 0xc5, 0x1f, 0xf2, 0x1f, 0x34, 0x1d,
	0x35, 0x19, 0x78, 0x18, 0xad, 0x18, 0x7b, 0x17, 0x8a, 0x1b, 0x71, 0x1a,
	0xa4, 0x1a, 0xdb, 0x18, 0x5a, 0x1e, 0xca, 0x1c, 0xff, 0x1c, 0xb3, 0x1a,
	0x1b, 0x22, 0x1c, 0x20, 0x43, 0x20, 0x5e, 0x1d, 0xbf, 0x19, 0xe5, 0x18,
	0x14, 0x19, 0xb5, 0x17, 0x04, 0x1c, 0xf5, 0x1a, 0x10, 0x1b, 0x31, 0x19,
	0x0f, 0x1f, 0x7c, 0x1d, 0xa7, 0x1d, 0x35, 0x1b, 0xcc, 0x22, 0xbb, 0x20,
	0x05, 0x21, 0xee, 0x1d, 0x9f, 0x1a, 0x8f, 0x19, 0xb1, 0x19, 0xf5, 0x17,
	0xf9, 0x1c, 0xb9, 0x1b, 0xf4, 0x1b, 0xc1, 0x19, 0x1d, 0x20, 0x8a, 0x1e,
	0xb2, 0x1e, 0x13, 0x1c, 0xc0, 0x23, 0xa2, 0x21, 0xcd, 0x21, 0xbb, 0x1e,
	0xe6, 0x1b, 0x9f, 0x1a, 0xb8, 0x1a, 0xa4, 0x18, 0x67, 0x1e, 0xf4, 0x1c,
	0x37, 0x1d, 0xbd, 0x1a, 0x75, 0x21, 0xc9, 0x1f, 0xf9, 0x1f, 0x30, 0x1d,
	0x28, 0x25, 0xd1, 0x22, 0x05, 0x23, 0xba, 0x1f, 0x8e, 0x1d, 0x16, 0x1c,
	0x4a, 0x1c, 0x03, 0x1a, 0x2d, 0x20, 0x88, 0x1e, 0xb6, 0x1e, 0x48, 0x1c,
	0x9d, 0x23, 0x73, 0x21, 0xc0, 0x21, 0xde, 0x1e, 0xdf, 0x26, 0x49, 0x24,
	0x80, 0x24, 0x25, 0x21, 0xce, 0x1f, 0x06, 0x1e, 0x31, 0x1e, 0xc1, 0x1b,
	0x74, 0x22, 0x98, 0x20, 0xd7, 0x20, 0x31, 0x1e, 0x8c, 0x25, 0x00, 0x23,
	0x4b, 0x23, 0x94, 0x20, 0x80, 0x29, 0x08, 0x26, 0x41, 0x26, 0xf6, 0x22,
	0x13, 0x22, 0x3c, 0x20, 0x71, 0x20, 0xf0, 0x1d, 0xe1, 0x24, 0x8d, 0x22,
	0xd6, 0x22, 0x4c, 0x20, 0x2b, 0x28, 0x17, 0x25, 0x52, 0x25, 0x96, 0x22,
	0xcd, 0x2b, 0x0e, 0x28, 0x51, 0x28, 0xf4, 0x24, 0x1c, 0x25, 0xd6, 0x22,
	0xf8, 0x22, 0x4e, 0x20, 0x93, 0x27, 0xed, 0x24, 0x42, 0x25, 0x99, 0x22,
	0xa6, 0x2a, 0x6c, 0x27, 0xc2, 0x27, 0xd3, 0x24, 0x80, 0x2e, 0x85, 0x2a,
	0xd4, 0x2a, 0x41, 0x27, 0x2a, 0x28, 0x62, 0x25, 0xae, 0x25, 0xef, 0x22,
	0x9e, 0x2a, 0x85, 0x27, 0xf2, 0x27, 0x22, 0x25, 0x97, 0x2d, 0x46, 0x2a,
	0x85, 0x2a, 0x58, 0x27, 0x34, 0x31, 0xb7, 0x2c, 0x39, 0x2d, 0x59, 0x29,
	0xdc, 0x2b, 0x6e, 0x28, 0xc8, 0x28, 0x9f, 0x25, 0x68, 0x2e, 0xcd, 0x2a,
	0x3d, 0x2b, 0xfc, 0x27, 0x2e, 0x31, 0xf7, 0x2c, 0x95, 0x2d, 0xd1, 0x29,
	0xd5, 0x33, 0xf0, 0x2e, 0x55, 0x2f, 0x86, 0x2b, 0x58, 0x30, 0xfd, 0x2b,
	0x72, 0x2c, 0x6d, 0x28, 0x7c, 0x32, 0xb4, 0x2d, 0x42, 0x2e, 0x4e, 0x2a,
	0x94, 0x34, 0x28, 0x2f, 0x99, 0x2f, 0xa8, 0x2b, 0x90, 0x36, 0xf9, 0x30,
	0x8d, 0x31, 0x43, 0x2d, 0x77, 0x34, 0xcd, 0x2e, 0x67, 0x2f, 0xa5, 0x2a,
	0xa7, 0x35, 0x10, 0x30, 0xc9, 0x30, 0x36, 0x2c, 0x76, 0x37, 0x88, 0x31,
	0x32, 0x32, 0xab, 0x2d, 0xde, 0x39, 0xaa, 0x33, 0x2e, 0x34, 0x79, 0x2f,
	0x49, 0x37, 0x38, 0x31, 0x08, 0x32, 0x98, 0x2c, 0xa1, 0x38, 0x81, 0x32,
	0x51, 0x33, 0x33, 0x2e, 0x66, 0x3a, 0x85, 0x34, 0x3f, 0x35, 0x50, 0x30,
	0x23, 0x3d, 0xe7, 0x36, 0xc9, 0x37, 0xe1, 0x32, 0xf3, 0x39, 0xa8, 0x33,
	0x65, 0x34, 0x0b, 0x2f, 0x33, 0x3c, 0xe9, 0x35, 0xaa, 0x36, 0x3a, 0x31,
	0x06, 0x3f, 0xb5, 0x38, 0x4e, 0x39, 0xff, 0x33, 0x64, 0x42, 0xac, 0x3b,
	0x73, 0x3c, 0xfc, 0x36, 0xd3, 0x3e, 0x27, 0x38, 0xd0, 0x38, 0xfc, 0x32,
	0x7d, 0x42, 0x39, 0x3b, 0xf4, 0x3b, 0x41, 0x36, 0x16, 0x46, 0xaf, 0x3e,
	0xc0, 0x3f, 0xe2, 0x38, 0xc6, 0x49, 0x4b, 0x42, 0x01, 0x43, 0xac, 0x3c,
	0x8c, 0x4d, 0x80, 0x44, 0x3e, 0x45, 0x6b, 0x3f, 0x00, 0x00, 0x00, 0x00,
	0x00, 0x00, 0x00, 0x00, 0x00, 0x00, 0x00, 0x00, 0x00, 0x00, 0x00, 0x00,
	0x00, 0x00, 0x00, 0x00, 0x00, 0x00, 0x00, 0x00, 0x87, 0x46, 0x9e, 0x3e,
	0xa0, 0x3e, 0xef, 0x39, 0x00, 0x00, 0x00, 0x00, 0x00, 0x00, 0x00, 0x00,
	0x00, 0x00, 0x00, 0x00, 0x00, 0x00, 0x00, 0x00, 0x00, 0x00, 0x00, 0x00,
	0x00, 0x00, 0x00, 0x00, 0x8a, 0x41, 0xc6, 0x3a, 0x05, 0x3b, 0xc7, 0x35,
	0x00, 0x00, 0x00, 0x00, 0x00, 0x00, 0x00, 0x00, 0x00, 0x00, 0x00, 0x00,
	0x00, 0x00, 0x00, 0x00, 0x00, 0x00, 0x00, 0x00, 0x00, 0x00, 0x00, 0x00,
	0xad, 0x3d, 0x27, 0x37, 0x19, 0x37, 0x5a, 0x32, 0x00, 0x00, 0x00, 0x00,
	0x00, 0x00, 0x00, 0x00, 0x00, 0x00, 0x00, 0x00, 0x00, 0x00, 0x00, 0x00,
	0x00, 0x00, 0x00, 0x00, 0x00, 0x00, 0x00, 0x00, 0x3b, 0x3a, 0xed, 0x33,
	0x5b, 0x34, 0xa7, 0x2f, 0x00, 0x00, 0x00, 0x00, 0x00, 0x00, 0x00, 0x00,
	0x00, 0x00, 0x00, 0x00, 0x00, 0x00, 0x00, 0x00, 0x00, 0x00, 0x00, 0x00,
	0x00, 0x00, 0x00, 0x00, 0x68, 0x37, 0xd7, 0x31, 0x1c, 0x32, 0xab, 0x2d,
	0x00, 0x00, 0x00, 0x00, 0x00, 0x00, 0x00, 0x00, 0x00, 0x00, 0x00, 0x00,
	0x00, 0x00, 0x00, 0x00, 0x00, 0x00, 0x00, 0x00, 0x00, 0x00, 0x00, 0x00,
	0xae, 0x35, 0x2b, 0x30, 0x66, 0x30, 0xff, 0x2b, 0x00, 0x00, 0x00, 0x00,
	0x00, 0x00, 0x00, 0x00, 0x00, 0x00, 0x00, 0x00, 0x00, 0x00, 0x00, 0x00,
	0x00, 0x00, 0x00, 0x00, 0x00, 0x00, 0x00, 0x00, 0x5b, 0x33, 0x6c, 0x2e,
	0x78, 0x2e, 0x79, 0x2a, 0x00, 0x00, 0x00, 0x00, 0x00, 0x00, 0x00, 0x00,
	0x00, 0x00, 0x00, 0x00, 0x00, 0x00, 0x00, 0x00, 0x00, 0x00, 0x00, 0x00,
	0x00, 0x00, 0x00, 0x00, 0x85, 0x30, 0xdf, 0x2b, 0xf5, 0x2b, 0x73, 0x28,
	0x00, 0x00, 0x00, 0x00, 0x00, 0x00, 0x00, 0x00, 0x00, 0x00, 0x00, 0x00,
	0x00, 0x00, 0x00, 0x00, 0x00, 0x00, 0x00, 0x00, 0x00, 0x00, 0x00, 0x00,
	0x41, 0x2e, 0xe3, 0x29, 0x2e, 0x2a, 0x60, 0x26, 0x00, 0x00, 0x00, 0x00,
	0x00, 0x00, 0x00, 0x00, 0x00, 0x00, 0x00, 0x00, 0x00, 0x00, 0x00, 0x00,
	0x00, 0x00, 0x00, 0x00, 0x00, 0x00, 0x00, 0x00, 0xd2, 0x2b, 0xfa, 0x27,
	0x14, 0x28, 0xce, 0x24, 0x00, 0x00, 0x00, 0x00, 0x00, 0x00, 0x00, 0x00,
	0x00, 0x00, 0x00, 0x00, 0x00, 0x00, 0x00, 0x00, 0x00, 0x00, 0x00, 0x00,
	0x00, 0x00, 0x00, 0x00, 0x50, 0x2a, 0x72, 0x26, 0x8c, 0x26, 0x41, 0x23,
	0x00, 0x00, 0x00, 0x00, 0x00, 0x00, 0x00, 0x00, 0x00, 0x00, 0x00, 0x00,
	0x00, 0x00, 0x00, 0x00, 0x00, 0x00, 0x00, 0x00, 0x00, 0x00, 0x00, 0x00,
	0x38, 0x28, 0x0a, 0x25, 0x25, 0x25, 0xfa, 0x21, 0x00, 0x00, 0x00, 0x00,
	0x00, 0x00, 0x00, 0x00, 0x00, 0x00, 0x00, 0x00, 0x00, 0x00, 0x00, 0x00,
	0x00, 0x00, 0x00, 0x00, 0x00, 0x00, 0x00, 0x00, 0xcb, 0x27, 0xc0, 0x24,
	0xf3, 0x24, 0x78, 0x21, 0x00, 0x00, 0x00, 0x00, 0x00, 0x00, 0x00, 0x00,
	0x00, 0x00, 0x00, 0x00, 0x00, 0x00, 0x00, 0x00, 0x00, 0x00, 0x00, 0x00,
	0x00, 0x00, 0x00, 0x00, 0xcd, 0x26, 0x1d, 0x24, 0x38, 0x24, 0x1f, 0x21,
	0x00, 0x00, 0x00, 0x00, 0x00, 0x00, 0x00, 0x00, 0x00, 0x00, 0x00, 0x00,
	0x00, 0x00, 0x00, 0x00, 0x00, 0x00, 0x00, 0x00, 0x00, 0x00, 0x00, 0x00,
	0x8c, 0x26, 0xc0, 0x23, 0x28, 0x24, 0xc2, 0x20, 0x00, 0x00, 0x00, 0x00,
	0x00, 0x00, 0x00, 0x00, 0x00, 0x00, 0x00, 0x00, 0x00, 0x00, 0x00, 0x00,
	0x00, 0x00, 0x00, 0x00, 0x00, 0x00, 0x00, 0x00, 0x42, 0x26, 0x9b, 0x23,
	0xb2, 0x23, 0x7a, 0x20, 0x00, 0x00, 0x00, 0x00, 0x00, 0x00, 0x00, 0x00,
	0x00, 0x00, 0x00, 0x00, 0x00, 0x00, 0x00, 0x00, 0x00, 0x00, 0x00, 0x00,
	0x00, 0x00, 0x00, 0x00, 0x45, 0x26, 0xbb, 0x23, 0x18, 0x24, 0x68, 0x20,
	0x00, 0x00, 0x00, 0x00, 0x00, 0x00, 0x00, 0x00, 0x00, 0x00, 0x00, 0x00,
	0x00, 0x00, 0x00, 0x00, 0x00, 0x00, 0x00, 0x00, 0x00, 0x00, 0x00, 0x00,
	0xd8, 0x26, 0x4f, 0x24, 0x7f, 0x24, 0xf3, 0x20, 0x00, 0x00, 0x00, 0x00,
	0x00, 0x00, 0x00, 0x00, 0x00, 0x00, 0x00, 0x00, 0x00, 0x00, 0x00, 0x00,
	0x00, 0x00, 0x00, 0x00, 0x00, 0x00, 0x00, 0x00, 0x75, 0x27, 0xa2, 0x24,
	0xd8, 0x24, 0x13, 0x21, 0x00, 0x00, 0x00, 0x00, 0x00, 0x00, 0x00, 0x00,
	0x00, 0x00, 0x00, 0x00, 0x00, 0x00, 0x00, 0x00, 0x00, 0x00, 0x00, 0x00,
	0x00, 0x00, 0x00, 0x00, 0x1b, 0x28, 0x22, 0x25, 0x6f, 0x25, 0x7b, 0x21,
	0x00, 0x00, 0x00, 0x00, 0x00, 0x00, 0x00, 0x00, 0x00, 0x00, 0x00, 0x00,
	0x00, 0x00, 0x00, 0x00, 0x00, 0x00, 0x00, 0x00, 0x00, 0x00, 0x00, 0x00,
	0x9e, 0x29, 0x81, 0x26, 0xa9, 0x26, 0x9a, 0x22, 0x00, 0x00, 0x00, 0x00,
	0x00, 0x00, 0x00, 0x00, 0x00, 0x00, 0x00, 0x00, 0x00, 0x00, 0x00, 0x00,
	0x00, 0x00, 0x00, 0x00, 0x00, 0x00, 0x00, 0x00, 0xed, 0x2b, 0x24, 0x28,
	0x55, 0x28, 0x3e, 0x24, 0x00, 0x00, 0x00, 0x00, 0x00, 0x00, 0x00, 0x00,
	0x00, 0x00, 0x00, 0x00, 0x00, 0x00, 0x00, 0x00, 0x00, 0x00, 0x00, 0x00,
	0x00, 0x00, 0x00, 0x00, 0xf0, 0x2d, 0x04, 0x2a, 0x33, 0x2a, 0xd9, 0x25,
	0x00, 0x00, 0x00, 0x00, 0x00, 0x00, 0x00, 0x00, 0x00, 0x00, 0x00, 0x00,
	0x00, 0x00, 0x00, 0x00, 0x00, 0x00, 0x00, 0x00, 0x00, 0x00, 0x00, 0x00,
	0xba, 0x30, 0xf5, 0x2b, 0x75, 0x2c, 0xf2, 0x27, 0x00, 0x00, 0x00, 0x00,
	0x00, 0x00, 0x00, 0x00, 0x00, 0x00, 0x00, 0x00, 0x00, 0x00, 0x00, 0x00,
	0x00, 0x00, 0x00, 0x00, 0x00, 0x00, 0x00, 0x00, 0x0b, 0x33, 0xcf, 0x2d,
	0x1c, 0x2e, 0x88, 0x29, 0x00, 0x00, 0x00, 0x00, 0x00, 0x00, 0x00, 0x00,
	0x00, 0x00, 0x00, 0x00, 0x00, 0x00, 0x00, 0x00, 0x00, 0x00, 0x00, 0x00,
	0x00, 0x00, 0x00, 0x00, 0x0c, 0x35, 0xe3, 0x2f, 0x27, 0x30, 0x76, 0x2b,
	0x00, 0x00, 0x00, 0x00, 0x00, 0x00, 0x00, 0x00, 0x00, 0x00, 0x00, 0x00,
	0x00, 0x00, 0x00, 0x00, 0x00, 0x00, 0x00, 0x00, 0x00, 0x00, 0x00, 0x00,
	0x74, 0x37, 0x8b, 0x31, 0x38, 0x32, 0x42, 0x2d, 0x00, 0x00, 0x00, 0x00,
	0x00, 0x00, 0x00, 0x00, 0x00, 0x00, 0x00, 0x00, 0x00, 0x00, 0x00, 0x00,
	0x00, 0x00, 0x00, 0x00, 0x00, 0x00, 0x00, 0x00, 0xb6, 0x39, 0xe1, 0x33,
	0x4d, 0x34, 0x27, 0x2f, 0x00, 0x00, 0x00, 0x00, 0x00, 0x00, 0x00, 0x00,
	0x00, 0x00, 0x00, 0x00, 0x00, 0x00, 0x00, 0x00, 0x00, 0x00, 0x00, 0x00,
	0x00, 0x00, 0x00, 0x00, 0x47, 0x3d, 0x0a, 0x37, 0xc7, 0x37, 0xe6, 0x32,
	0x00, 0x00, 0x00, 0x00, 0x00, 0x00, 0x00, 0x00, 0x00, 0x00, 0x00, 0x00,
	0x00, 0x00, 0x00, 0x00, 0x00, 0x00, 0x00, 0x00, 0x00, 0x00, 0x00, 0x00,
	0xe2, 0x41, 0x1c, 0x3b, 0x6e, 0x3b, 0x62, 0x36, 0x00, 0x00, 0x00, 0x00,
	0x00, 0x00, 0x00, 0x00, 0x00, 0x00, 0x00, 0x00, 0x00, 0x00, 0x00, 0x00,
	0x00, 0x00, 0x00, 0x00, 0x00, 0x00, 0x00, 0x00, 0x55, 0x47, 0xf4, 0x3f,
	0xf5, 0x40, 0xff, 0x3a, 0x00, 0x00, 0x00, 0x00, 0x00, 0x00, 0x00, 0x00,
	0x00, 0x00, 0x00, 0x00, 0x00, 0x00, 0x00, 0x00, 0x00, 0x00, 0x00, 0x00,
	0x00, 0x00, 0x00, 0x00, 0x9a, 0x4f, 0x18, 0x47, 0xb0, 0x48, 0xd7, 0x41,
	0x00, 0x00, 0x00, 0x00, 0x00, 0x00, 0x00, 0x00, 0x00, 0x00, 0x00, 0x00,
	0x00, 0x00, 0x00, 0x00, 0x00, 0x00, 0x00, 0x00, 0x00, 0x00, 0x00, 0x00,
};

/* enrol-iova1d481000-fd275.txt: first 0x220 bytes consumed
 * SHA-256: 8f475437b524e84471ee11431a581d71a47121a3822a3e48e0ec2de880433274
 */
static const u8 ispfe_pdma_binned_input_1d481000[0x220] = {
	0x00, 0x08, 0x34, 0x12, 0x52, 0x26, 0x73, 0x33, 0xd2, 0x39, 0x1c, 0x3e,
	0x0c, 0x3f, 0xe3, 0x3e, 0xf6, 0x3d, 0xa1, 0x3c, 0x0e, 0x3b, 0x54, 0x39,
	0x7d, 0x37, 0xbc, 0x35, 0x01, 0x34, 0x51, 0x32, 0xb5, 0x30, 0x38, 0x2f,
	0xc0, 0x2d, 0x60, 0x2c, 0x07, 0x2b, 0xc7, 0x29, 0xb9, 0x28, 0xb2, 0x27,
	0xb3, 0x26, 0xbd, 0x25, 0xd7, 0x24, 0xf1, 0x23, 0x1c, 0x23, 0x47, 0x22,
	0x7e, 0x21, 0xb6, 0x20, 0xfa, 0x1f, 0x46, 0x1f, 0x93, 0x1e, 0xe5, 0x1d,
	0x36, 0x1d, 0x98, 0x1c, 0xfb, 0x1b, 0x76, 0x1b, 0xfa, 0x1a, 0x82, 0x1a,
	0x06, 0x1a, 0x93, 0x19, 0x28, 0x19, 0xbd, 0x18, 0x5a, 0x18, 0xf8, 0x17,
	0x99, 0x17, 0x3f, 0x17, 0xe1, 0x16, 0x8c, 0x16, 0x3a, 0x16, 0xe9, 0x15,
	0x98, 0x15, 0x47, 0x15, 0x02, 0x15, 0xb5, 0x14, 0x6d, 0x14, 0x2c, 0x14,
	0xe8, 0x13, 0xa8, 0x13, 0x68, 0x13, 0x28, 0x13, 0xec, 0x12, 0xb0, 0x12,
	0x75, 0x12, 0x45, 0x12, 0x1a, 0x12, 0xee, 0x11, 0xc3, 0x11, 0x9c, 0x11,
	0x75, 0x11, 0x4a, 0x11, 0x27, 0x11, 0x00, 0x11, 0xd9, 0x10, 0xb4, 0x10,
	0x8d, 0x10, 0x6b, 0x10, 0x4a, 0x10, 0x29, 0x10, 0x03, 0x10, 0xe0, 0x0f,
	0xc0, 0x0f, 0x9f, 0x0f, 0x7f, 0x0f, 0x5d, 0x0f, 0x3c, 0x0f, 0x1e, 0x0f,
	0x02, 0x0f, 0xe2, 0x0e, 0xc8, 0x0e, 0xa6, 0x0e, 0x89, 0x0e, 0x6f, 0x0e,
	0x50, 0x0e, 0x36, 0x0e, 0x1a, 0x0e, 0xfe, 0x0d, 0xe6, 0x0d, 0xca, 0x0d,
	0xaf, 0x0d, 0x97, 0x0d, 0x7f, 0x0d, 0x62, 0x0d, 0x4a, 0x0d, 0x30, 0x0d,
	0x1b, 0x0d, 0xff, 0x0c, 0xe6, 0x0c, 0xce, 0x0c, 0xb9, 0x0c, 0xa2, 0x0c,
	0x8c, 0x0c, 0x75, 0x0c, 0x6b, 0x0c, 0x5d, 0x0c, 0x52, 0x0c, 0x44, 0x0c,
	0x3a, 0x0c, 0x2d, 0x0c, 0x21, 0x0c, 0x16, 0x0c, 0x08, 0x0c, 0xff, 0x0b,
	0xf1, 0x0b, 0xe6, 0x0b, 0xda, 0x0b, 0xd1, 0x0b, 0xc3, 0x0b, 0xb8, 0x0b,
	0xac, 0x0b, 0x9f, 0x0b, 0x94, 0x0b, 0x88, 0x0b, 0x7d, 0x0b, 0x73, 0x0b,
	0x66, 0x0b, 0x59, 0x0b, 0x50, 0x0b, 0x44, 0x0b, 0x39, 0x0b, 0x2e, 0x0b,
	0x21, 0x0b, 0x17, 0x0b, 0x0c, 0x0b, 0x03, 0x0b, 0xf8, 0x0a, 0xeb, 0x0a,
	0xe1, 0x0a, 0xd5, 0x0a, 0xcd, 0x0a, 0xc0, 0x0a, 0xb5, 0x0a, 0xaa, 0x0a,
	0x9d, 0x0a, 0x96, 0x0a, 0x8b, 0x0a, 0x82, 0x0a, 0x75, 0x0a, 0x6a, 0x0a,
	0x5f, 0x0a, 0x56, 0x0a, 0x4b, 0x0a, 0x40, 0x0a, 0x36, 0x0a, 0x2d, 0x0a,
	0x24, 0x0a, 0x19, 0x0a, 0x0e, 0x0a, 0x05, 0x0a, 0xfc, 0x09, 0xf0, 0x09,
	0xe7, 0x09, 0xde, 0x09, 0xd1, 0x09, 0xc8, 0x09, 0xc0, 0x09, 0xb5, 0x09,
	0xac, 0x09, 0xa1, 0x09, 0x99, 0x09, 0x90, 0x09, 0x87, 0x09, 0x7d, 0x09,
	0x72, 0x09, 0x69, 0x09, 0x5d, 0x09, 0x56, 0x09, 0x4d, 0x09, 0x45, 0x09,
	0x3a, 0x09, 0x32, 0x09, 0x29, 0x09, 0x1f, 0x09, 0x16, 0x09, 0x11, 0x09,
	0x0c, 0x09, 0x05, 0x09, 0x00, 0x09, 0xfb, 0x08, 0xf7, 0x08, 0xf2, 0x08,
	0xed, 0x08, 0xe8, 0x08, 0xe3, 0x08, 0xde, 0x08, 0xd9, 0x08, 0xd4, 0x08,
	0xcf, 0x08, 0xca, 0x08, 0xc6, 0x08, 0xc2, 0x08, 0xbc, 0x08, 0xb7, 0x08,
	0xb4, 0x08, 0xaf, 0x08, 0xaa, 0x08, 0xa5, 0x08, 0xa1, 0x08, 0x9d, 0x08,
	0x99, 0x08, 0x94, 0x08, 0x91, 0x08, 0x8c, 0x08, 0x87, 0x08, 0x82, 0x08,
	0x7f, 0x08, 0x7c, 0x08, 0x78, 0x08, 0x73, 0x08, 0x6e, 0x08, 0x6b, 0x08,
	0x66, 0x08, 0x62, 0x08, 0x5f, 0x08, 0x5c, 0x08, 0x57, 0x08, 0x52, 0x08,
	0x4f, 0x08, 0x4c, 0x08, 0x48, 0x08, 0x45, 0x08, 0x40, 0x08, 0x3d, 0x08,
	0x3a, 0x08, 0x36, 0x08, 0x33, 0x08, 0x30, 0x08, 0x2b, 0x08, 0x26, 0x08,
	0x23, 0x08, 0x21, 0x08, 0x1e, 0x08, 0x19, 0x08, 0x16, 0x08, 0x00, 0x00,
	0x00, 0x00, 0x00, 0x00, 0x00, 0x00, 0x00, 0x00, 0x00, 0x00, 0x00, 0x00,
	0x00, 0x00, 0x00, 0x00, 0x00, 0x00, 0x00, 0x00, 0x00, 0x00, 0x00, 0x00,
	0x00, 0x00, 0x00, 0x00,
};

/* enrol-iova1d480000-fd276.txt: first 0xa4 bytes consumed
 * SHA-256: db2b6bd43f84aeb4e69d228df1e9065e6a0bc9fc97352ceefbb51dbc74d185a0
 */
static const u8 ispfe_pdma_binned_input_1d480000[0xa4] = {
	0x00, 0x00, 0x4b, 0x0a, 0x1b, 0x0e, 0xf6, 0x10, 0x54, 0x13, 0x65, 0x15,
	0x3e, 0x17, 0xee, 0x18, 0x7d, 0x1a, 0xf2, 0x1b, 0x51, 0x1d, 0x9d, 0x1e,
	0xd9, 0x1f, 0x07, 0x21, 0x29, 0x22, 0x40, 0x23, 0x4c, 0x24, 0x4c, 0x25,
	0x4b, 0x26, 0x3c, 0x27, 0x2c, 0x28, 0x10, 0x29, 0xf4, 0x29, 0xcc, 0x2a,
	0xa5, 0x2b, 0x74, 0x2c, 0x43, 0x2d, 0x09, 0x2e, 0xd0, 0x2e, 0x8f, 0x2f,
	0x4e, 0x30, 0x06, 0x31, 0xbe, 0x31, 0x1c, 0x33, 0x7a, 0x34, 0xc4, 0x35,
	0x0d, 0x37, 0x45, 0x38, 0x7d, 0x39, 0xa6, 0x3a, 0xcf, 0x3b, 0xea, 0x3c,
	0x06, 0x3e, 0x16, 0x3f, 0x26, 0x40, 0x2c, 0x41, 0x31, 0x42, 0x2d, 0x43,
	0x2a, 0x44, 0x11, 0x46, 0xe9, 0x47, 0xb3, 0x49, 0x70, 0x4b, 0x21, 0x4d,
	0xc7, 0x4e, 0x63, 0x50, 0xf5, 0x51, 0x7a, 0x53, 0xfe, 0x54, 0x73, 0x56,
	0xe8, 0x57, 0x4e, 0x59, 0xb5, 0x5a, 0x0e, 0x5c, 0x68, 0x5d, 0x04, 0x60,
	0x8b, 0x62, 0xff, 0x64, 0x61, 0x67, 0xb2, 0x69, 0xf4, 0x6b, 0x29, 0x6e,
	0x4f, 0x70, 0x6a, 0x72, 0x79, 0x74, 0x7d, 0x76, 0x76, 0x78, 0x66, 0x7a,
	0x4d, 0x7c, 0x2b, 0x7e, 0x00, 0x80, 0x00, 0x00,
};

/* enrol-iova1c469000-fd280.txt: first 0x100 bytes consumed
 * SHA-256: d50777a9eba38f5f706bbb05f6822006601e1b552492f9aca6c6101adfb1786f
 */
static const u8 ispfe_pdma_binned_input_1c469000[0x100] = {
	0xce, 0x1e, 0x26, 0x48, 0xce, 0x1e, 0x3e, 0xfa, 0x03, 0x1b, 0xb8, 0x47,
	0x79, 0x22, 0xcc, 0xfa, 0x58, 0x17, 0xf3, 0x46, 0x30, 0x26, 0x85, 0xfb,
	0xce, 0x13, 0xd8, 0x45, 0xeb, 0x29, 0x6f, 0xfc, 0x69, 0x10, 0x67, 0x44,
	0xa2, 0x2d, 0x8e, 0xfd, 0x2e, 0x0d, 0xa1, 0x42, 0x48, 0x31, 0xe9, 0xfe,
	0x23, 0x0a, 0x87, 0x40, 0xd3, 0x34, 0x83, 0x00, 0x4f, 0x07, 0x10, 0x3e,
	0x2c, 0x38, 0x75, 0x02, 0xbc, 0x04, 0x44, 0x3b, 0x44, 0x3b, 0xbc, 0x04,
	0x75, 0x02, 0x2c, 0x38, 0x10, 0x3e, 0x4f, 0x07, 0x83, 0x00, 0xd3, 0x34,
	0x87, 0x40, 0x23, 0x0a, 0xe9, 0xfe, 0x48, 0x31, 0xa1, 0x42, 0x2e, 0x0d,
	0x8e, 0xfd, 0xa2, 0x2d, 0x67, 0x44, 0x69, 0x10, 0x6f, 0xfc, 0xeb, 0x29,
	0xd8, 0x45, 0xce, 0x13, 0x85, 0xfb, 0x30, 0x26, 0xf3, 0x46, 0x58, 0x17,
	0xcc, 0xfa, 0x79, 0x22, 0xb8, 0x47, 0x03, 0x1b, 0x7b, 0x1e, 0x06, 0x49,
	0x7b, 0x1e, 0x04, 0xfa, 0x9e, 0x1a, 0x9e, 0x48, 0x40, 0x22, 0x84, 0xfa,
	0xe4, 0x16, 0xda, 0x47, 0x13, 0x26, 0x2f, 0xfb, 0x4c, 0x13, 0xbb, 0x46,
	0xec, 0x29, 0x0d, 0xfc, 0xdc, 0x0f, 0x43, 0x45, 0xc0, 0x2d, 0x21, 0xfd,
	0x98, 0x0c, 0x72, 0x43, 0x86, 0x31, 0x70, 0xfe, 0x87, 0x09, 0x49, 0x41,
	0x30, 0x35, 0x00, 0x00, 0xb2, 0x06, 0xc1, 0x3e, 0xaa, 0x38, 0xe3, 0x01,
	0x22, 0x04, 0xde, 0x3b, 0xde, 0x3b, 0x22, 0x04, 0xe3, 0x01, 0xaa, 0x38,
	0xc1, 0x3e, 0xb2, 0x06, 0x00, 0x00, 0x30, 0x35, 0x49, 0x41, 0x87, 0x09,
	0x70, 0xfe, 0x86, 0x31, 0x72, 0x43, 0x98, 0x0c, 0x21, 0xfd, 0xc0, 0x2d,
	0x43, 0x45, 0xdc, 0x0f, 0x0d, 0xfc, 0xec, 0x29, 0xbb, 0x46, 0x4c, 0x13,
	0x2f, 0xfb, 0x13, 0x26, 0xda, 0x47, 0xe4, 0x16, 0x84, 0xfa, 0x40, 0x22,
	0x9e, 0x48, 0x9e, 0x1a,
};

/* enrol-iova1c46b000-fd278.txt: first 0x100 bytes consumed
 * SHA-256: 7bca341ea1365f3057780874645bc000a58a2aa55a2fb95f2ebd20f03a220dd3
 */
static const u8 ispfe_pdma_binned_input_1c46b000[0x100] = {
	0x2c, 0x22, 0xcf, 0x29, 0x2c, 0x22, 0xd9, 0x11, 0x0a, 0x21, 0x71, 0x29,
	0xbb, 0x22, 0xca, 0x12, 0xee, 0x1f, 0x0e, 0x29, 0x48, 0x23, 0xbc, 0x13,
	0xd6, 0x1e, 0xa7, 0x28, 0xd2, 0x23, 0xb1, 0x14, 0xc3, 0x1d, 0x3b, 0x28,
	0x5b, 0x24, 0xa7, 0x15, 0xb4, 0x1c, 0xcb, 0x27, 0xe1, 0x24, 0xa0, 0x16,
	0xa8, 0x1b, 0x57, 0x27, 0x65, 0x25, 0x9c, 0x17, 0xa0, 0x1a, 0xdf, 0x26,
	0xe6, 0x25, 0x9b, 0x18, 0x9c, 0x19, 0x64, 0x26, 0x64, 0x26, 0x9c, 0x19,
	0x9b, 0x18, 0xe6, 0x25, 0xdf, 0x26, 0xa0, 0x1a, 0x9c, 0x17, 0x65, 0x25,
	0x57, 0x27, 0xa8, 0x1b, 0xa0, 0x16, 0xe1, 0x24, 0xcb, 0x27, 0xb4, 0x1c,
	0xa7, 0x15, 0x5b, 0x24, 0x3b, 0x28, 0xc3, 0x1d, 0xb1, 0x14, 0xd2, 0x23,
	0xa7, 0x28, 0xd6, 0x1e, 0xbc, 0x13, 0x48, 0x23, 0x0e, 0x29, 0xee, 0x1f,
	0xca, 0x12, 0xbb, 0x22, 0x71, 0x29, 0x0a, 0x21, 0xde, 0x22, 0x55, 0x32,
	0xde, 0x22, 0xef, 0x07, 0xdf, 0x20, 0xbc, 0x31, 0x18, 0x24, 0x4d, 0x09,
	0xec, 0x1e, 0x10, 0x31, 0x4c, 0x25, 0xb8, 0x0a, 0x05, 0x1d, 0x55, 0x30,
	0x78, 0x26, 0x2e, 0x0c, 0x28, 0x1b, 0x8b, 0x2f, 0x9e, 0x27, 0xaf, 0x0d,
	0x56, 0x19, 0xb3, 0x2e, 0xbc, 0x28, 0x3b, 0x0f, 0x8e, 0x17, 0xce, 0x2d,
	0xd3, 0x29, 0xd1, 0x10, 0xd0, 0x15, 0xdf, 0x2c, 0xe0, 0x2a, 0x71, 0x12,
	0x1c, 0x14, 0xe4, 0x2b, 0xe4, 0x2b, 0x1c, 0x14, 0x71, 0x12, 0xe0, 0x2a,
	0xdf, 0x2c, 0xd0, 0x15, 0xd1, 0x10, 0xd3, 0x29, 0xce, 0x2d, 0x8e, 0x17,
	0x3b, 0x0f, 0xbc, 0x28, 0xb3, 0x2e, 0x56, 0x19, 0xaf, 0x0d, 0x9e, 0x27,
	0x8b, 0x2f, 0x28, 0x1b, 0x2e, 0x0c, 0x78, 0x26, 0x55, 0x30, 0x05, 0x1d,
	0xb8, 0x0a, 0x4c, 0x25, 0x10, 0x31, 0xec, 0x1e, 0x4d, 0x09, 0x18, 0x24,
	0xbc, 0x31, 0xdf, 0x20,
};

/* enrol-iova1c46a000-fd279.txt: first 0x100 bytes consumed
 * SHA-256: 7bca341ea1365f3057780874645bc000a58a2aa55a2fb95f2ebd20f03a220dd3
 */
static const u8 ispfe_pdma_binned_input_1c46a000[0x100] = {
	0x2c, 0x22, 0xcf, 0x29, 0x2c, 0x22, 0xd9, 0x11, 0x0a, 0x21, 0x71, 0x29,
	0xbb, 0x22, 0xca, 0x12, 0xee, 0x1f, 0x0e, 0x29, 0x48, 0x23, 0xbc, 0x13,
	0xd6, 0x1e, 0xa7, 0x28, 0xd2, 0x23, 0xb1, 0x14, 0xc3, 0x1d, 0x3b, 0x28,
	0x5b, 0x24, 0xa7, 0x15, 0xb4, 0x1c, 0xcb, 0x27, 0xe1, 0x24, 0xa0, 0x16,
	0xa8, 0x1b, 0x57, 0x27, 0x65, 0x25, 0x9c, 0x17, 0xa0, 0x1a, 0xdf, 0x26,
	0xe6, 0x25, 0x9b, 0x18, 0x9c, 0x19, 0x64, 0x26, 0x64, 0x26, 0x9c, 0x19,
	0x9b, 0x18, 0xe6, 0x25, 0xdf, 0x26, 0xa0, 0x1a, 0x9c, 0x17, 0x65, 0x25,
	0x57, 0x27, 0xa8, 0x1b, 0xa0, 0x16, 0xe1, 0x24, 0xcb, 0x27, 0xb4, 0x1c,
	0xa7, 0x15, 0x5b, 0x24, 0x3b, 0x28, 0xc3, 0x1d, 0xb1, 0x14, 0xd2, 0x23,
	0xa7, 0x28, 0xd6, 0x1e, 0xbc, 0x13, 0x48, 0x23, 0x0e, 0x29, 0xee, 0x1f,
	0xca, 0x12, 0xbb, 0x22, 0x71, 0x29, 0x0a, 0x21, 0xde, 0x22, 0x55, 0x32,
	0xde, 0x22, 0xef, 0x07, 0xdf, 0x20, 0xbc, 0x31, 0x18, 0x24, 0x4d, 0x09,
	0xec, 0x1e, 0x10, 0x31, 0x4c, 0x25, 0xb8, 0x0a, 0x05, 0x1d, 0x55, 0x30,
	0x78, 0x26, 0x2e, 0x0c, 0x28, 0x1b, 0x8b, 0x2f, 0x9e, 0x27, 0xaf, 0x0d,
	0x56, 0x19, 0xb3, 0x2e, 0xbc, 0x28, 0x3b, 0x0f, 0x8e, 0x17, 0xce, 0x2d,
	0xd3, 0x29, 0xd1, 0x10, 0xd0, 0x15, 0xdf, 0x2c, 0xe0, 0x2a, 0x71, 0x12,
	0x1c, 0x14, 0xe4, 0x2b, 0xe4, 0x2b, 0x1c, 0x14, 0x71, 0x12, 0xe0, 0x2a,
	0xdf, 0x2c, 0xd0, 0x15, 0xd1, 0x10, 0xd3, 0x29, 0xce, 0x2d, 0x8e, 0x17,
	0x3b, 0x0f, 0xbc, 0x28, 0xb3, 0x2e, 0x56, 0x19, 0xaf, 0x0d, 0x9e, 0x27,
	0x8b, 0x2f, 0x28, 0x1b, 0x2e, 0x0c, 0x78, 0x26, 0x55, 0x30, 0x05, 0x1d,
	0xb8, 0x0a, 0x4c, 0x25, 0x10, 0x31, 0xec, 0x1e, 0x4d, 0x09, 0x18, 0x24,
	0xbc, 0x31, 0xdf, 0x20,
};

static const struct ispfe_pdma_input ispfe_pdma_binned_inputs[] = {
	/* lmp/linearization_lut: stated by the driver, SHA-256 b4ec4bf8e1c3d9b0 */
	{ .area_offset = 0x00000, .data = NULL,
	  .size = 0x0410 },
	{ .area_offset = 0x01000, .data = ispfe_pdma_binned_input_1d482000,
	  .size = sizeof(ispfe_pdma_binned_input_1d482000) },
	/* lmp/histogram_lut: stated by the driver, SHA-256 f991acb1e5897fe6 */
	{ .area_offset = 0x03000, .data = NULL,
	  .size = 0x0400 },
	{ .area_offset = 0x04000, .data = ispfe_pdma_binned_input_1d481000,
	  .size = sizeof(ispfe_pdma_binned_input_1d481000) },
	{ .area_offset = 0x05000, .data = ispfe_pdma_binned_input_1d480000,
	  .size = sizeof(ispfe_pdma_binned_input_1d480000) },
	{ .area_offset = 0x06000, .data = ispfe_pdma_binned_input_1c469000,
	  .size = sizeof(ispfe_pdma_binned_input_1c469000) },
	{ .area_offset = 0x07000, .data = ispfe_pdma_binned_input_1c46b000,
	  .size = sizeof(ispfe_pdma_binned_input_1c46b000) },
	{ .area_offset = 0x08000, .data = ispfe_pdma_binned_input_1c46a000,
	  .size = sizeof(ispfe_pdma_binned_input_1c46a000) },
};

/* command 1, grouped-write */
static const u8 ispfe_pdma_binned_payload_01[0x68] = {
	0x54, 0x05, 0x02, 0x00, 0x80, 0x10, 0x00, 0x00, 0x50, 0x05, 0x02, 0x00,
	0x02, 0x00, 0x00, 0x00, 0x44, 0x05, 0x02, 0x00, 0x00, 0x00, 0x00, 0x00,
	0x40, 0x05, 0x02, 0x00, 0x01, 0x00, 0x00, 0x00, 0xc0, 0x05, 0x02, 0x00,
	0x00, 0x00, 0x90, 0x1a, 0xc4, 0x05, 0x02, 0x00, 0x00, 0x00, 0x00, 0x00,
	0x08, 0x05, 0x02, 0x00, 0x13, 0x00, 0x00, 0x00, 0x0c, 0x05, 0x02, 0x00,
	0x00, 0x00, 0x00, 0x00, 0x10, 0x05, 0x02, 0x00, 0x00, 0x20, 0x67, 0x1d,
	0x14, 0x05, 0x02, 0x00, 0x00, 0x00, 0x00, 0x00, 0x50, 0x90, 0x03, 0x00,
	0x00, 0x00, 0x00, 0x00, 0x00, 0x94, 0x03, 0x00, 0x14, 0x00, 0x00, 0x00,
	0x04, 0x94, 0x03, 0x00, 0x30, 0x00, 0x00, 0x00,
};

/* command 2, inline-burst, fc/bin_ctx | fc/control */
static const u8 ispfe_pdma_binned_payload_02[0x110] = {
	0x02, 0x00, 0x00, 0x00, 0x00, 0x00, 0x00, 0x00, 0x00, 0x04, 0x00, 0x04,
	0x00, 0x04, 0x00, 0x04, 0x00, 0x04, 0x00, 0x04, 0x00, 0x04, 0x00, 0x04,
	0x00, 0x04, 0x00, 0x04, 0x00, 0x04, 0x00, 0x04, 0x00, 0x04, 0x00, 0x04,
	0x00, 0x04, 0x00, 0x04, 0x00, 0x04, 0x00, 0x04, 0x00, 0x04, 0x00, 0x04,
	0x00, 0x04, 0x00, 0x04, 0x00, 0x04, 0x00, 0x04, 0x00, 0x04, 0x00, 0x04,
	0x00, 0x04, 0x00, 0x04, 0x00, 0x04, 0x00, 0x04, 0x00, 0x04, 0x00, 0x04,
	0x00, 0x04, 0x00, 0x04, 0x00, 0x04, 0x00, 0x04, 0x00, 0x04, 0x00, 0x04,
	0x00, 0x04, 0x00, 0x04, 0x00, 0x01, 0x00, 0x00, 0x00, 0x01, 0x00, 0x00,
	0x00, 0x01, 0x00, 0x00, 0x00, 0x01, 0x00, 0x00, 0x00, 0x0f, 0x00, 0x00,
	0x0d, 0x00, 0x00, 0x00, 0x00, 0x00, 0x00, 0x00, 0x78, 0x00, 0xb4, 0x00,
	0x00, 0x03, 0x08, 0x06, 0x00, 0x10, 0x00, 0x00, 0x00, 0x10, 0x00, 0x00,
	0x00, 0x10, 0x00, 0x00, 0x00, 0x10, 0x00, 0x00, 0x0c, 0x00, 0x00, 0x00,
	0x08, 0x00, 0x10, 0x00, 0xb4, 0x00, 0x50, 0x00, 0xff, 0x0d, 0x38, 0x1d,
	0x00, 0x01, 0x48, 0x01, 0x00, 0x00, 0x00, 0x00, 0x06, 0x00, 0x18, 0x00,
	0x23, 0x00, 0x23, 0x00, 0x65, 0x00, 0x8c, 0x00, 0x40, 0x00, 0x00, 0x04,
	0x80, 0x00, 0x00, 0x10, 0x03, 0x04, 0x08, 0x08, 0x08, 0x00, 0x10, 0x00,
	0x0a, 0x00, 0x28, 0x00, 0x2e, 0x06, 0xff, 0x0e, 0xff, 0x0e, 0xd3, 0x0c,
	0xf0, 0x0b, 0xff, 0x1d, 0xff, 0x1d, 0xa7, 0x19, 0x50, 0x00, 0x00, 0x00,
	0x2d, 0x00, 0x93, 0x04, 0x00, 0x00, 0x00, 0x00, 0x00, 0x07, 0xc0, 0x00,
	0xaa, 0x00, 0x55, 0x00, 0x00, 0x00, 0x00, 0x00, 0x00, 0x00, 0x00, 0x00,
	0x00, 0x00, 0x00, 0x00, 0x00, 0x00, 0x00, 0x00, 0x00, 0x00, 0x00, 0x00,
	0x00, 0x00, 0x00, 0x00, 0x00, 0x00, 0x00, 0x00, 0x00, 0x00, 0x00, 0x00,
	0x00, 0x00, 0x00, 0x00, 0x18, 0x06, 0x38, 0x08,
};

/* command 3, grouped-write */
static const u8 ispfe_pdma_binned_payload_03[0x48] = {
	0x00, 0x97, 0x03, 0x00, 0x00, 0x00, 0x00, 0x00, 0x00, 0x99, 0x03, 0x00,
	0x00, 0x00, 0x00, 0x00, 0x04, 0x99, 0x03, 0x00, 0x38, 0x08, 0x18, 0x06,
	0x00, 0x9b, 0x03, 0x00, 0x00, 0x00, 0x00, 0x00, 0x08, 0x90, 0x03, 0x00,
	0x00, 0x00, 0x00, 0x00, 0x0c, 0x90, 0x03, 0x00, 0x13, 0x00, 0x00, 0x00,
	0x00, 0x9a, 0x03, 0x00, 0x00, 0x00, 0x00, 0x00, 0x04, 0x9b, 0x03, 0x00,
	0x03, 0x00, 0x00, 0x00, 0x28, 0x90, 0x03, 0x00, 0x01, 0x00, 0x00, 0x00,
};

/* command 4, inline-burst, lmp/linearization */
static const u8 ispfe_pdma_binned_payload_04[0x4] = {
	0x02, 0x00, 0x00, 0x00,
};

/* command 6, inline-burst, lmp/blc_config */
static const u8 ispfe_pdma_binned_payload_06[0xc] = {
	0x01, 0x00, 0x00, 0x00, 0x00, 0x08, 0x00, 0x08, 0x00, 0x08, 0x00, 0x08,
};

/* command 7, inline-burst, lmp/dg_config */
static const u8 ispfe_pdma_binned_payload_07[0x14] = {
	0x01, 0x00, 0x00, 0x00, 0x12, 0x11, 0x01, 0x00, 0x12, 0x11, 0x01, 0x00,
	0x12, 0x11, 0x01, 0x00, 0x12, 0x11, 0x01, 0x00,
};

/* command 8, inline-burst, lmp/greenimbalance */
static const u8 ispfe_pdma_binned_payload_08[0x58] = {
	0x07, 0x00, 0x00, 0x00, 0x01, 0x00, 0x20, 0x00, 0x11, 0x00, 0x22, 0x00,
	0x01, 0x00, 0x05, 0x00, 0x09, 0x00, 0x00, 0x00, 0x11, 0x00, 0x22, 0x00,
	0x01, 0x00, 0x05, 0x00, 0x09, 0x00, 0x00, 0x00, 0x00, 0x00, 0x80, 0x00,
	0xb5, 0x00, 0x00, 0x01, 0x6a, 0x01, 0x00, 0x02, 0xd4, 0x02, 0x00, 0x04,
	0xa8, 0x05, 0x00, 0x08, 0x50, 0x0b, 0x00, 0x00, 0x80, 0x00, 0x35, 0x00,
	0x4b, 0x00, 0x6a, 0x00, 0x96, 0x00, 0xd4, 0x00, 0x2c, 0x01, 0xa8, 0x01,
	0x58, 0x02, 0x50, 0x03, 0xaf, 0x04, 0x00, 0x00, 0x80, 0x20, 0x00, 0x00,
	0x01, 0x00, 0x00, 0x00,
};

/* command 9, inline-burst, lmp/dpc_config */
static const u8 ispfe_pdma_binned_payload_09[0x5c] = {
	0x31, 0x03, 0x73, 0x08, 0x4d, 0x01, 0xb1, 0x00, 0x45, 0x20, 0x12, 0x00,
	0x45, 0x20, 0x12, 0x00, 0x24, 0x08, 0x30, 0x75, 0x2f, 0x00, 0x00, 0x00,
	0x20, 0x03, 0x00, 0x00, 0x9a, 0x02, 0x00, 0x00, 0x9a, 0x02, 0x76, 0x00,
	0x00, 0x00, 0x80, 0x00, 0xb5, 0x00, 0x00, 0x01, 0x6a, 0x01, 0x00, 0x02,
	0xd4, 0x02, 0x00, 0x04, 0xa8, 0x05, 0x00, 0x08, 0x50, 0x0b, 0x80, 0x00,
	0x35, 0x00, 0x4b, 0x00, 0x6a, 0x00, 0x96, 0x00, 0xd4, 0x00, 0x2c, 0x01,
	0xa8, 0x01, 0x58, 0x02, 0x50, 0x03, 0xaf, 0x04, 0x38, 0x08, 0x18, 0x06,
	0x00, 0x00, 0x00, 0x00, 0x00, 0x00, 0x00, 0x00,
};

/* command 10, inline-burst, lmp/lsc_config */
static const u8 ispfe_pdma_binned_payload_10[0x34] = {
	0x03, 0x00, 0x00, 0x00, 0x02, 0x00, 0x06, 0x00, 0x21, 0x00, 0x21, 0x00,
	0xc2, 0x07, 0xc2, 0x07, 0x07, 0x00, 0x00, 0x00, 0x0e, 0x0f, 0x10, 0x11,
	0x12, 0x13, 0x14, 0x15, 0x16, 0x17, 0x18, 0x20, 0x0f, 0x10, 0x11, 0x12,
	0x13, 0x14, 0x15, 0x16, 0x17, 0x18, 0x20, 0x20, 0x00, 0x00, 0x00, 0x01,
	0x0f, 0xee, 0x00, 0x00,
};

/* command 12, inline-burst, lmp/lsc_stats */
static const u8 ispfe_pdma_binned_payload_12[0x34] = {
	0x01, 0x00, 0x00, 0x00, 0x1c, 0x00, 0x0c, 0x00, 0x40, 0x00, 0x30, 0x00,
	0x20, 0x00, 0x20, 0x00, 0xd0, 0x8a, 0x0c, 0x7b, 0x36, 0x00, 0x5c, 0x00,
	0x5c, 0x00, 0x12, 0x00, 0x00, 0x00, 0xff, 0xff, 0x00, 0x00, 0x38, 0x08,
	0x00, 0x00, 0x00, 0x00, 0x00, 0x00, 0x00, 0x00, 0x00, 0x00, 0x00, 0x00,
	0x00, 0x00, 0x00, 0x00,
};

/* command 13, inline-burst, lmp/awb_stats */
static const u8 ispfe_pdma_binned_payload_13[0x34] = {
	0x01, 0x00, 0x00, 0x00, 0x1c, 0x00, 0x0c, 0x00, 0x40, 0x00, 0x30, 0x00,
	0x20, 0x00, 0x20, 0x00, 0x00, 0x7e, 0x00, 0x00, 0x00, 0x00, 0x00, 0x00,
	0x00, 0x00, 0x00, 0x01, 0x00, 0x00, 0xff, 0xff, 0x00, 0x00, 0x38, 0x08,
	0x12, 0x00, 0x00, 0x00, 0x00, 0x00, 0x00, 0x00, 0x00, 0x00, 0x00, 0x00,
	0x00, 0x00, 0x00, 0x00,
};

/* command 14, inline-burst, lmp/histogram */
static const u8 ispfe_pdma_binned_payload_14[0x54] = {
	0x07, 0x00, 0x00, 0x00, 0x1c, 0x00, 0x0c, 0x00, 0x00, 0x08, 0x00, 0x06,
	0x08, 0x00, 0x1c, 0x00, 0x0c, 0x00, 0x00, 0x08, 0x00, 0x06, 0x08, 0x00,
	0x1c, 0x00, 0x0c, 0x00, 0x00, 0x08, 0x00, 0x06, 0x08, 0x00, 0x00, 0x00,
	0x8a, 0x96, 0x3a, 0x00, 0x00, 0x00, 0x08, 0x00, 0x00, 0x10, 0x00, 0x00,
	0x10, 0x00, 0x0c, 0x00, 0x00, 0x00, 0x00, 0x00, 0x00, 0x00, 0x00, 0x00,
	0x00, 0x00, 0x00, 0x00, 0x00, 0x00, 0x00, 0x00, 0x00, 0x00, 0x00, 0x00,
	0x00, 0x00, 0x00, 0x00, 0x12, 0x00, 0x00, 0x00, 0x00, 0x00, 0x00, 0x00,
};

/* command 16, inline-burst, lmp/post_lsc_ae_stats */
static const u8 ispfe_pdma_binned_payload_16[0x28] = {
	0x01, 0x00, 0x00, 0x00, 0x1c, 0x00, 0x0c, 0x00, 0x40, 0x00, 0x30, 0x00,
	0x20, 0x00, 0x20, 0x00, 0xff, 0x7f, 0x00, 0x80, 0x00, 0x00, 0x00, 0x00,
	0x12, 0x00, 0x00, 0x00, 0x00, 0x00, 0x00, 0x00, 0x00, 0x00, 0x00, 0x00,
	0x00, 0x00, 0x00, 0x00,
};

/* command 17, inline-burst, lmp/flicker_stats */
static const u8 ispfe_pdma_binned_payload_17[0x10] = {
	0x01, 0x00, 0x00, 0x00, 0x12, 0x00, 0x00, 0x00, 0x00, 0x00, 0x55, 0x1d,
	0x00, 0x00, 0x00, 0x00,
};

/* command 18, inline-burst, lmp/cdaf_stats */
static const u8 ispfe_pdma_binned_payload_18[0x190] = {
	0x00, 0x00, 0x00, 0x00, 0x00, 0x00, 0x00, 0x00, 0x00, 0x00, 0x00, 0x00,
	0x00, 0x00, 0x00, 0x00, 0x00, 0x00, 0x00, 0x00, 0x00, 0x00, 0x00, 0x00,
	0x00, 0x00, 0x00, 0x00, 0x00, 0x00, 0x00, 0x00, 0x00, 0x00, 0x00, 0x00,
	0x00, 0x00, 0x00, 0x00, 0x00, 0x00, 0x00, 0x00, 0x00, 0x00, 0x00, 0x00,
	0x00, 0x00, 0x00, 0x00, 0x00, 0x00, 0x00, 0x00, 0x00, 0x00, 0x00, 0x00,
	0x00, 0x00, 0x00, 0x00, 0x00, 0x00, 0x00, 0x00, 0x00, 0x00, 0x00, 0x00,
	0x00, 0x00, 0x00, 0x00, 0x00, 0x00, 0x00, 0x00, 0x00, 0x00, 0x00, 0x00,
	0x00, 0x00, 0x00, 0x00, 0x00, 0x00, 0x00, 0x00, 0x00, 0x00, 0x00, 0x00,
	0x00, 0x00, 0x00, 0x00, 0x00, 0x00, 0x00, 0x00, 0x00, 0x00, 0x00, 0x00,
	0x00, 0x00, 0x00, 0x00, 0x00, 0x00, 0x00, 0x00, 0x00, 0x00, 0x00, 0x00,
	0x00, 0x00, 0x00, 0x00, 0x00, 0x00, 0x00, 0x00, 0x00, 0x00, 0x00, 0x00,
	0x00, 0x00, 0x00, 0x00, 0x00, 0x00, 0x00, 0x00, 0x00, 0x00, 0x00, 0x00,
	0x00, 0x00, 0x00, 0x00, 0x00, 0x00, 0x00, 0x00, 0x00, 0x00, 0x00, 0x00,
	0x00, 0x00, 0x00, 0x00, 0x00, 0x00, 0x00, 0x00, 0x00, 0x00, 0x00, 0x00,
	0x00, 0x00, 0x00, 0x00, 0x00, 0x00, 0x00, 0x00, 0x00, 0x00, 0x00, 0x00,
	0x00, 0x00, 0x00, 0x00, 0x00, 0x00, 0x00, 0x00, 0x00, 0x00, 0x00, 0x00,
	0x00, 0x00, 0x00, 0x00, 0x00, 0x00, 0x00, 0x00, 0x00, 0x00, 0x00, 0x00,
	0x00, 0x00, 0x00, 0x00, 0x00, 0x00, 0x00, 0x00, 0x00, 0x00, 0x00, 0x00,
	0x00, 0x00, 0x00, 0x00, 0x00, 0x00, 0x00, 0x00, 0x00, 0x00, 0x00, 0x00,
	0x00, 0x00, 0x00, 0x00, 0x00, 0x00, 0x00, 0x00, 0x00, 0x00, 0x00, 0x00,
	0x00, 0x00, 0x00, 0x00, 0x00, 0x00, 0x00, 0x00, 0x00, 0x00, 0x00, 0x00,
	0x00, 0x00, 0x00, 0x00, 0x00, 0x00, 0x00, 0x00, 0x00, 0x00, 0x00, 0x00,
	0x00, 0x00, 0x00, 0x00, 0x00, 0x00, 0x00, 0x00, 0x00, 0x00, 0x00, 0x00,
	0x00, 0x00, 0x00, 0x00, 0x00, 0x00, 0x00, 0x00, 0x00, 0x00, 0x00, 0x00,
	0x00, 0x00, 0x00, 0x00, 0x00, 0x00, 0x00, 0x00, 0x00, 0x00, 0x00, 0x00,
	0x00, 0x00, 0x00, 0x00, 0x00, 0x00, 0x00, 0x00, 0x00, 0x00, 0x00, 0x00,
	0x00, 0x00, 0x00, 0x00, 0x00, 0x00, 0x00, 0x00, 0x00, 0x00, 0x00, 0x00,
	0x00, 0x00, 0x00, 0x00, 0x00, 0x00, 0x00, 0x00, 0x00, 0x00, 0x00, 0x00,
	0x00, 0x00, 0x00, 0x00, 0x00, 0x00, 0x00, 0x00, 0x00, 0x00, 0x00, 0x00,
	0x00, 0x00, 0x00, 0x00, 0x00, 0x00, 0x00, 0x00, 0x00, 0x00, 0x00, 0x00,
	0x00, 0x00, 0x00, 0x00, 0x00, 0x00, 0x00, 0x00, 0x00, 0x00, 0x00, 0x00,
	0x00, 0x00, 0x00, 0x00, 0x00, 0x00, 0x00, 0x00, 0x00, 0x00, 0x00, 0x00,
	0x12, 0x00, 0x00, 0x00, 0x00, 0x00, 0x00, 0x00, 0x00, 0x00, 0x00, 0x00,
	0x00, 0x00, 0x00, 0x00,
};

/* command 19, inline-burst, lmp/motion_metering */
static const u8 ispfe_pdma_binned_payload_19[0x44] = {
	0x01, 0x08, 0x00, 0x00, 0x1c, 0x00, 0x0c, 0x00, 0x80, 0x00, 0x60, 0x00,
	0x0e, 0x17, 0x17, 0x05, 0x40, 0x38, 0x30, 0x28, 0x20, 0x18, 0x10, 0x08,
	0x00, 0x00, 0x00, 0x00, 0x00, 0x00, 0x00, 0x00, 0x00, 0x00, 0x00, 0x00,
	0x00, 0x00, 0x00, 0x00, 0x00, 0x00, 0x00, 0x00, 0x09, 0x00, 0x00, 0x00,
	0x38, 0x08, 0x18, 0x06, 0x00, 0x00, 0x46, 0x1d, 0x00, 0x00, 0x00, 0x00,
	0x12, 0x00, 0x00, 0x00, 0x01, 0x00, 0x00, 0x00,
};

/* command 20, inline-burst, lmp/mm_wbg | lmp/wbg */
static const u8 ispfe_pdma_binned_payload_20[0x18] = {
	0x01, 0x00, 0x00, 0x00, 0x91, 0x29, 0x00, 0x00, 0x00, 0x10, 0x00, 0x00,
	0x00, 0x10, 0x00, 0x00, 0x17, 0x16, 0x00, 0x00, 0x01, 0x00, 0x00, 0x00,
};

/* command 21, inline-burst, lmp/alsc_wbg */
static const u8 ispfe_pdma_binned_payload_21[0x18] = {
	0x01, 0x00, 0x00, 0x00, 0x91, 0x29, 0x00, 0x00, 0x00, 0x10, 0x00, 0x00,
	0x00, 0x10, 0x00, 0x00, 0x17, 0x16, 0x00, 0x00, 0x00, 0x00, 0x00, 0x00,
};

/* command 22, inline-burst, lmp/demosaic */
static const u8 ispfe_pdma_binned_payload_22[0x10] = {
	0xe0, 0x20, 0x18, 0x06, 0x03, 0x02, 0x00, 0x02, 0x00, 0x00, 0x00, 0x00,
	0x00, 0x00, 0x00, 0x00,
};

/* command 23, inline-burst, lmp/dds */
static const u8 ispfe_pdma_binned_payload_23[0x10] = {
	0x01, 0x00, 0x00, 0x80, 0x00, 0x00, 0x00, 0x00, 0x38, 0x08, 0x18, 0x06,
	0x38, 0x08, 0x00, 0x00,
};

/* command 24, inline-burst, lmp/hlr_config */
static const u8 ispfe_pdma_binned_payload_24[0x44] = {
	0x03, 0x00, 0x00, 0x00, 0xff, 0xff, 0x03, 0x00, 0xff, 0xff, 0x03, 0x00,
	0xff, 0xff, 0x03, 0x00, 0xff, 0xff, 0x03, 0x00, 0x00, 0x80, 0xcd, 0x4c,
	0xab, 0x2a, 0x49, 0x12, 0x00, 0x00, 0x00, 0x00, 0x20, 0x00, 0x00, 0x00,
	0xe4, 0x00, 0x00, 0x00, 0xff, 0x7f, 0x1c, 0x00, 0x0a, 0x00, 0x00, 0x02,
	0xff, 0x7f, 0x00, 0x00, 0xff, 0x7f, 0x00, 0x00, 0xff, 0x7f, 0x00, 0x00,
	0xff, 0x7f, 0x00, 0x00, 0x08, 0x00, 0x00, 0x00,
};

/* command 25, inline-burst, lmp/ccm */
static const u8 ispfe_pdma_binned_payload_25[0x1c] = {
	0x01, 0x00, 0xa2, 0x0d, 0x92, 0xfa, 0xcc, 0xff, 0x12, 0xfd, 0x7b, 0x0c,
	0x72, 0xfe, 0xd7, 0xff, 0x6d, 0xf9, 0xbb, 0x0e, 0x00, 0x00, 0x00, 0x00,
	0x00, 0x00, 0x00, 0x00,
};

/* command 26, inline-burst, lmp/gtm */
static const u8 ispfe_pdma_binned_payload_26[0x8] = {
	0x01, 0x00, 0x00, 0x00, 0x00, 0x00, 0x00, 0x00,
};

/* command 28, inline-burst, lmp/gamma */
static const u8 ispfe_pdma_binned_payload_28[0x8] = {
	0x01, 0x00, 0x00, 0x00, 0x00, 0x00, 0x00, 0x00,
};

/* command 30, inline-burst, lmp/csc */
static const u8 ispfe_pdma_binned_payload_30[0x28] = {
	0xc9, 0x04, 0x4d, 0xfd, 0x00, 0x08, 0x64, 0x09, 0xb3, 0xfa, 0x4d, 0xf9,
	0xd3, 0x01, 0x00, 0x08, 0xb3, 0xfe, 0x00, 0x00, 0x00, 0x00, 0x00, 0x00,
	0x00, 0x00, 0x00, 0x00, 0x01, 0x03, 0x03, 0x01, 0x03, 0x00, 0x00, 0x00,
	0x00, 0x00, 0x00, 0x00,
};

/* command 31, inline-burst, lmp/rgb_dg */
static const u8 ispfe_pdma_binned_payload_31[0xc] = {
	0x01, 0x00, 0x00, 0x00, 0x00, 0x10, 0x00, 0x10, 0x00, 0x10, 0x00, 0x00,
};

/* command 32, inline-burst, lmp/rgb_scaler */
static const u8 ispfe_pdma_binned_payload_32[0x20] = {
	0x06, 0x00, 0x00, 0x00, 0x00, 0x01, 0xc0, 0x00, 0x00, 0xc0, 0x41, 0x00,
	0x00, 0x00, 0x41, 0x00, 0x00, 0x00, 0x00, 0x00, 0x00, 0x00, 0x00, 0x00,
	0x0e, 0x02, 0x86, 0x01, 0x00, 0x00, 0x00, 0x00,
};

/* command 34, inline-burst, lmp/rgb_tapout */
static const u8 ispfe_pdma_binned_payload_34[0x20] = {
	0x02, 0x00, 0x00, 0x00, 0x00, 0x02, 0x00, 0x00, 0x00, 0x00, 0x00, 0x00,
	0x00, 0x00, 0x00, 0x00, 0x00, 0x00, 0x00, 0x00, 0x00, 0x00, 0x00, 0x00,
	0x00, 0x00, 0x00, 0x00, 0x00, 0x00, 0x00, 0x00,
};

/* command 35, inline-burst, lmp/scaler */
static const u8 ispfe_pdma_binned_payload_35[0x44] = {
	0x50, 0x00, 0x00, 0x00, 0x00, 0x00, 0x00, 0x00, 0x00, 0x00, 0x00, 0x00,
	0x00, 0x00, 0x00, 0x00, 0x00, 0x00, 0x00, 0x00, 0x00, 0x00, 0x00, 0x00,
	0x00, 0x00, 0x00, 0x00, 0x1c, 0x04, 0x0c, 0x03, 0x80, 0x02, 0xe0, 0x01,
	0x80, 0x02, 0xe0, 0x01, 0x40, 0x01, 0x40, 0x01, 0x99, 0x99, 0x34, 0x00,
	0x00, 0x00, 0x34, 0x00, 0x99, 0x99, 0x34, 0x00, 0x00, 0x00, 0x34, 0x00,
	0x33, 0x33, 0x69, 0x00, 0x00, 0x00, 0x4e, 0x00,
};

/* command 38, inline-burst, lmp/output_formatter */
static const u8 ispfe_pdma_binned_payload_38[0x40] = {
	0x02, 0x00, 0x00, 0x00, 0x00, 0x01, 0x00, 0x00, 0x00, 0x00, 0x00, 0x00,
	0x00, 0x01, 0x00, 0x00, 0x00, 0x00, 0x00, 0x00, 0x00, 0x01, 0x00, 0x00,
	0x00, 0x00, 0x00, 0x00, 0x02, 0x00, 0x00, 0x00, 0x80, 0x02, 0x00, 0x00,
	0x80, 0x02, 0x00, 0x00, 0x00, 0x00, 0x00, 0x00, 0x00, 0x00, 0x00, 0x00,
	0x00, 0x00, 0x00, 0x00, 0x00, 0x00, 0x00, 0x00, 0x00, 0x00, 0x00, 0x00,
	0x00, 0x00, 0x00, 0x00,
};

/* command 39, inline-burst, lmp/output_formatter */
static const u8 ispfe_pdma_binned_payload_39[0x40] = {
	0x02, 0x00, 0x00, 0x00, 0x00, 0x01, 0x00, 0x00, 0x00, 0x00, 0x00, 0x00,
	0x00, 0x01, 0x00, 0x00, 0x00, 0x00, 0x00, 0x00, 0x00, 0x01, 0x00, 0x00,
	0x00, 0x00, 0x00, 0x00, 0x02, 0x00, 0x00, 0x00, 0x80, 0x02, 0x00, 0x00,
	0x80, 0x02, 0x00, 0x00, 0x00, 0x00, 0x00, 0x00, 0x00, 0x00, 0x00, 0x00,
	0x00, 0x00, 0x00, 0x00, 0x00, 0x00, 0x00, 0x00, 0x00, 0x00, 0x00, 0x00,
	0x00, 0x00, 0x00, 0x00,
};

/* command 40, inline-burst, lmp/output_formatter */
static const u8 ispfe_pdma_binned_payload_40[0x40] = {
	0x04, 0x00, 0x00, 0x00, 0x2a, 0x01, 0x00, 0x00, 0x99, 0x01, 0x2a, 0x01,
	0x9c, 0x07, 0x30, 0x07, 0x2a, 0x01, 0x04, 0x02, 0x00, 0x00, 0x00, 0x00,
	0x00, 0x00, 0x00, 0x00, 0x00, 0x00, 0x00, 0x00, 0xc0, 0x03, 0x00, 0x00,
	0xc0, 0x03, 0x00, 0x00, 0x00, 0x00, 0x00, 0x00, 0x00, 0x00, 0x00, 0x00,
	0x00, 0x00, 0x00, 0x00, 0x00, 0x00, 0x00, 0x00, 0x00, 0x00, 0x00, 0x00,
	0x00, 0x00, 0x00, 0x00,
};

/* command 41, inline-burst, lmp/sparse_pd */
static const u8 ispfe_pdma_binned_payload_41[0x118] = {
	0x00, 0x00, 0x00, 0x00, 0x00, 0x00, 0x00, 0x00, 0x00, 0x00, 0x00, 0x00,
	0x00, 0x00, 0x00, 0x00, 0x00, 0x00, 0x00, 0x00, 0x00, 0x00, 0x00, 0x00,
	0x00, 0x00, 0x00, 0x00, 0x00, 0x00, 0x00, 0x00, 0x00, 0x00, 0x00, 0x00,
	0x00, 0x00, 0x00, 0x00, 0x00, 0x00, 0x00, 0x00, 0x00, 0x00, 0x00, 0x00,
	0x00, 0x00, 0x00, 0x00, 0x00, 0x00, 0x00, 0x00, 0x00, 0x00, 0x00, 0x00,
	0x00, 0x00, 0x00, 0x00, 0x00, 0x00, 0x00, 0x00, 0x00, 0x00, 0x00, 0x00,
	0x00, 0x00, 0x00, 0x00, 0x00, 0x00, 0x00, 0x00, 0x00, 0x00, 0x00, 0x00,
	0x00, 0x00, 0x00, 0x00, 0x00, 0x00, 0x00, 0x00, 0x00, 0x00, 0x00, 0x00,
	0x00, 0x00, 0x00, 0x00, 0x00, 0x00, 0x00, 0x00, 0x00, 0x00, 0x00, 0x00,
	0x00, 0x00, 0x00, 0x00, 0x00, 0x00, 0x00, 0x00, 0x00, 0x00, 0x00, 0x00,
	0x00, 0x00, 0x00, 0x00, 0x00, 0x00, 0x00, 0x00, 0x00, 0x00, 0x00, 0x00,
	0x00, 0x00, 0x00, 0x00, 0x00, 0x00, 0x00, 0x00, 0x00, 0x00, 0x00, 0x00,
	0x00, 0x00, 0x00, 0x00, 0x00, 0x00, 0x00, 0x00, 0x00, 0x00, 0x00, 0x00,
	0x00, 0x00, 0x00, 0x00, 0x00, 0x00, 0x00, 0x00, 0x00, 0x00, 0x00, 0x00,
	0x00, 0x00, 0x00, 0x00, 0x00, 0x00, 0x00, 0x00, 0x00, 0x00, 0x00, 0x00,
	0x00, 0x00, 0x00, 0x00, 0x00, 0x00, 0x00, 0x00, 0x00, 0x00, 0x00, 0x00,
	0x00, 0x00, 0x00, 0x00, 0x00, 0x00, 0x00, 0x00, 0x00, 0x00, 0x00, 0x00,
	0x00, 0x00, 0x00, 0x00, 0x00, 0x00, 0x00, 0x00, 0x00, 0x00, 0x00, 0x00,
	0x00, 0x00, 0x00, 0x00, 0x00, 0x00, 0x00, 0x00, 0x00, 0x00, 0x00, 0x00,
	0x00, 0x00, 0x00, 0x00, 0x00, 0x00, 0x00, 0x00, 0x00, 0x00, 0x00, 0x00,
	0x00, 0x00, 0x00, 0x00, 0x00, 0x00, 0x00, 0x00, 0x00, 0x00, 0x00, 0x00,
	0x00, 0x00, 0x00, 0x00, 0x00, 0x00, 0x00, 0x00, 0x00, 0x00, 0x00, 0x00,
	0x20, 0x00, 0x20, 0x00, 0x00, 0x00, 0x00, 0x00, 0x00, 0x00, 0x00, 0x00,
	0x38, 0x08, 0x18, 0x06,
};

/* command 42, inline-burst, lmp/pre_lsc_ae_stats */
static const u8 ispfe_pdma_binned_payload_42[0x28] = {
	0x00, 0x00, 0x00, 0x00, 0x00, 0x00, 0x00, 0x00, 0x00, 0x00, 0x00, 0x00,
	0x00, 0x00, 0x00, 0x00, 0x00, 0x00, 0x00, 0x00, 0x00, 0x00, 0x00, 0x00,
	0x00, 0x00, 0x00, 0x00, 0x00, 0x00, 0x00, 0x00, 0x00, 0x00, 0x00, 0x00,
	0x00, 0x00, 0x00, 0x00,
};

/* command 43, inline-burst, lmp/lightness */
static const u8 ispfe_pdma_binned_payload_43[0x18] = {
	0x00, 0x00, 0x00, 0x00, 0xc0, 0x00, 0x00, 0x00, 0x00, 0x01, 0x00, 0x00,
	0xc9, 0x04, 0x64, 0x09, 0xd3, 0x01, 0x00, 0x00, 0x00, 0x00, 0x00, 0x00,
};

/* command 44, inline-burst, lmp/bilateral_grid_stat */
static const u8 ispfe_pdma_binned_payload_44[0x1c] = {
	0x00, 0x00, 0x00, 0x00, 0x08, 0x10, 0x0c, 0x00, 0x04, 0x00, 0x04, 0x00,
	0x00, 0x08, 0x00, 0x08, 0x00, 0x00, 0x00, 0x00, 0x00, 0x00, 0x00, 0x00,
	0x00, 0x00, 0x00, 0x00,
};

/* command 45, inline-burst, lmp/alignment_formatter */
static const u8 ispfe_pdma_binned_payload_45[0x88] = {
	0x00, 0x00, 0x00, 0x00, 0xf0, 0x00, 0x00, 0x00, 0x80, 0x00, 0x80, 0x00,
	0x80, 0x00, 0x01, 0x02, 0x04, 0x04, 0x00, 0x00, 0x00, 0x00, 0xf8, 0x07,
	0x00, 0x06, 0xf8, 0x07, 0x00, 0x06, 0x00, 0x00, 0x00, 0x00, 0x00, 0x80,
	0x00, 0x00, 0x00, 0x80, 0x00, 0x00, 0x00, 0x00, 0x00, 0x00, 0x00, 0x00,
	0x00, 0x00, 0x00, 0x00, 0x00, 0x00, 0x03, 0x00, 0x00, 0x00, 0x03, 0x00,
	0x00, 0x00, 0x00, 0x00, 0xf8, 0x07, 0x00, 0x06, 0x00, 0x01, 0xc0, 0x00,
	0xf0, 0x7f, 0x00, 0x00, 0x96, 0x80, 0x00, 0x00, 0xe0, 0x7f, 0x00, 0x00,
	0xac, 0x80, 0x00, 0x00, 0x00, 0x40, 0x00, 0x00, 0x92, 0x24, 0x00, 0x00,
	0x00, 0x40, 0x00, 0x00, 0x92, 0x24, 0x00, 0x00, 0xe6, 0x14, 0x00, 0x00,
	0x92, 0x24, 0x00, 0x00, 0x00, 0x40, 0x00, 0x00, 0x92, 0x24, 0x00, 0x00,
	0x00, 0x40, 0x00, 0x00, 0x00, 0x01, 0x00, 0x01, 0x00, 0x01, 0x00, 0x00,
	0x00, 0x00, 0x00, 0x00,
};

/* command 46, inline-burst, lmp/gaussian_layer */
static const u8 ispfe_pdma_binned_payload_46[0x54] = {
	0x00, 0x00, 0x00, 0x00, 0x05, 0x11, 0x22, 0x34, 0x08, 0x54, 0x08, 0x06,
	0x00, 0x00, 0x01, 0x00, 0x80, 0x00, 0x1f, 0x00, 0x10, 0x00, 0x01, 0x00,
	0x00, 0x0f, 0x00, 0x00, 0x00, 0x00, 0x00, 0x00, 0x00, 0x00, 0x00, 0x00,
	0x00, 0x00, 0x00, 0x00, 0x00, 0x00, 0x00, 0x00, 0x00, 0x00, 0x00, 0x00,
	0x00, 0x00, 0x00, 0x00, 0x00, 0x00, 0x00, 0x00, 0x00, 0x00, 0x00, 0x00,
	0x00, 0x00, 0x00, 0x00, 0x00, 0x00, 0x00, 0x00, 0x00, 0x00, 0x00, 0x00,
	0x00, 0x00, 0x00, 0x00, 0x00, 0x00, 0x00, 0x00, 0x00, 0x00, 0x00, 0x00,
};

/* command 47, inline-burst, lmp/bayer_downscale */
static const u8 ispfe_pdma_binned_payload_47[0x20] = {
	0x00, 0x00, 0x00, 0x00, 0x38, 0x08, 0x18, 0x06, 0x38, 0x08, 0x18, 0x06,
	0x00, 0x00, 0x00, 0x00, 0x00, 0x00, 0x00, 0x00, 0x00, 0x80, 0x00, 0x00,
	0x00, 0x80, 0x00, 0x00, 0x00, 0x00, 0x00, 0x00,
};

/* command 48, inline-burst, lmp/bayer_gamma0 */
static const u8 ispfe_pdma_binned_payload_48[0x8] = {
	0x00, 0x00, 0x00, 0x00, 0x00, 0x00, 0x00, 0x00,
};

/* command 49, inline-burst, lmp/bayer_gamma1 */
static const u8 ispfe_pdma_binned_payload_49[0x8] = {
	0x00, 0x00, 0x00, 0x00, 0x00, 0x00, 0x00, 0x00,
};

/* command 50, inline-burst, lmp/bayer_output_formatter0 */
static const u8 ispfe_pdma_binned_payload_50[0xc] = {
	0x02, 0x00, 0x0d, 0x00, 0x00, 0x10, 0x00, 0x00, 0x00, 0x00, 0x00, 0x00,
};

/* command 51, inline-burst, lmp/bayer_output_formatter1 */
static const u8 ispfe_pdma_binned_payload_51[0xc] = {
	0x02, 0x00, 0x0d, 0x00, 0x00, 0x10, 0x00, 0x00, 0x00, 0x00, 0x00, 0x00,
};

/* command 52, inline-burst, lmp/bayer_output0_wdma_csrs */
static const u8 ispfe_pdma_binned_payload_52[0x3c] = {
	0x38, 0x08, 0x18, 0x06, 0x00, 0x04, 0x00, 0x00, 0x00, 0x00, 0x00, 0x00,
	0x00, 0x00, 0x00, 0x00, 0x00, 0x00, 0x00, 0x00, 0x00, 0x00, 0x00, 0x00,
	0x00, 0x00, 0x00, 0x00, 0x00, 0x00, 0x00, 0x00, 0x00, 0x00, 0x00, 0x00,
	0x00, 0x00, 0x00, 0x00, 0x00, 0x00, 0x00, 0x00, 0x00, 0x00, 0x00, 0x00,
	0x00, 0x00, 0x00, 0x00, 0x00, 0x00, 0x00, 0x00, 0x00, 0x00, 0x00, 0x00,
};

/* command 53, inline-burst, lmp/bayer_output1_wdma_csrs */
static const u8 ispfe_pdma_binned_payload_53[0x3c] = {
	0x38, 0x08, 0x18, 0x06, 0x00, 0x04, 0x00, 0x00, 0x00, 0x00, 0x00, 0x00,
	0x00, 0x00, 0x00, 0x00, 0x00, 0x00, 0x00, 0x00, 0x00, 0x00, 0x00, 0x00,
	0x00, 0x00, 0x00, 0x00, 0x00, 0x00, 0x00, 0x00, 0x00, 0x00, 0x00, 0x00,
	0x00, 0x00, 0x00, 0x00, 0x00, 0x00, 0x00, 0x00, 0x00, 0x00, 0x00, 0x00,
	0x00, 0x00, 0x00, 0x00, 0x00, 0x00, 0x00, 0x00, 0x00, 0x00, 0x00, 0x00,
};

/* command 54, inline-burst, lmp/status_queue */
static const u8 ispfe_pdma_binned_payload_54[0xc] = {
	0x01, 0x00, 0x00, 0x00, 0x00, 0xc0, 0x85, 0x1d, 0x00, 0x00, 0x00, 0x00,
};

/* command 55, inline-burst, lmp/frame_config */
static const u8 ispfe_pdma_binned_payload_55[0x2c] = {
	0x38, 0x08, 0x18, 0x06, 0x00, 0x00, 0x00, 0x00, 0x00, 0x00, 0x00, 0x00,
	0x14, 0x00, 0x00, 0x00, 0xdc, 0x90, 0x3e, 0x00, 0x20, 0x21, 0x00, 0x00,
	0x05, 0x00, 0x00, 0x00, 0x01, 0x00, 0x00, 0x00, 0x00, 0x00, 0x00, 0x00,
	0x00, 0x00, 0x00, 0x10, 0x00, 0x00, 0x00, 0x00,
};

/* command 56, inline-burst, lmp/batch_mode_bayer_size |
 * lmp/batch_mode_config
 */
static const u8 ispfe_pdma_binned_payload_56[0x8] = {
	0x00, 0x00, 0x00, 0x00, 0x00, 0x00, 0x00, 0x00,
};

/* command 57, inline-burst, lmp/batch_mode_bayer_config |
 * lmp/batch_mode_bayer_config_offset
 */
static const u8 ispfe_pdma_binned_payload_57[0xaa0] = {
	0x00, 0x80, 0x01, 0x00, 0x00, 0x00, 0x03, 0x00, 0x00, 0xb0, 0x04, 0x00,
	0x00, 0x60, 0x09, 0x00, 0x00, 0xb0, 0x04, 0x00, 0x00, 0x60, 0x09, 0x00,
	0x00, 0xb0, 0x04, 0x00, 0x00, 0x60, 0x09, 0x00, 0xf8, 0xb1, 0x00, 0x00,
	0x03, 0x00, 0x00, 0x00, 0x00, 0x00, 0x00, 0x00, 0x00, 0x00, 0x00, 0x00,
	0x00, 0x00, 0x00, 0x00, 0x00, 0x00, 0x00, 0x00, 0x00, 0x00, 0x88, 0x1c,
	0x00, 0x00, 0x00, 0x00, 0x00, 0x00, 0x40, 0x1d, 0x00, 0x00, 0x00, 0x00,
	0x00, 0x00, 0x55, 0x1d, 0x00, 0x00, 0x00, 0x00, 0x00, 0xc0, 0x54, 0x1d,
	0x00, 0x00, 0x00, 0x00, 0x00, 0xc0, 0xaf, 0x1c, 0x00, 0x00, 0x00, 0x00,
	0x00, 0x80, 0xaf, 0x1c, 0x00, 0x00, 0x00, 0x00, 0x00, 0x00, 0x90, 0x1c,
	0x00, 0x00, 0x00, 0x00, 0x00, 0x00, 0x46, 0x1d, 0x00, 0x00, 0x00, 0x00,
	0x00, 0x00, 0x00, 0x00, 0x00, 0x00, 0x00, 0x00, 0x00, 0x00, 0x00, 0x00,
	0x00, 0x00, 0x00, 0x00, 0x00, 0x00, 0x00, 0x00, 0x00, 0x00, 0x00, 0x00,
	0x00, 0x00, 0x00, 0x00, 0x00, 0x00, 0x00, 0x00, 0x00, 0x00, 0x00, 0x00,
	0x00, 0x00, 0x00, 0x00, 0x00, 0x00, 0x68, 0x1b, 0x00, 0x00, 0x00, 0x00,
	0x00, 0x00, 0xa0, 0x1c, 0x00, 0x00, 0x00, 0x00, 0x00, 0x00, 0x00, 0x00,
	0x00, 0x00, 0x00, 0x00, 0x00, 0x00, 0x88, 0x1a, 0x00, 0x00, 0x00, 0x00,
	0x00, 0x00, 0x00, 0x00, 0x00, 0x00, 0x00, 0x00, 0x00, 0x00, 0x00, 0x00,
	0x00, 0x00, 0x00, 0x00, 0x00, 0x00, 0x00, 0x00, 0x00, 0x00, 0x00, 0x00,
	0x00, 0x00, 0x00, 0x00, 0x00, 0x00, 0x00, 0x00, 0x00, 0x00, 0x00, 0x00,
	0x00, 0x00, 0x00, 0x00, 0x00, 0x00, 0x00, 0x00, 0x00, 0x00, 0x00, 0x00,
	0x00, 0x00, 0x00, 0x00, 0x00, 0x00, 0x00, 0x00, 0x00, 0x00, 0x00, 0x00,
	0x00, 0x00, 0x00, 0x00, 0x00, 0x00, 0x00, 0x00, 0x00, 0x00, 0x00, 0x00,
	0x00, 0x00, 0x00, 0x00, 0x00, 0x00, 0x00, 0x00, 0x00, 0x00, 0x00, 0x00,
	0x00, 0x00, 0x00, 0x00, 0x00, 0x00, 0x00, 0x00, 0x00, 0x00, 0x00, 0x00,
	0x00, 0x00, 0x00, 0x00, 0x00, 0x00, 0x00, 0x00, 0x00, 0x00, 0x00, 0x00,
	0x00, 0x00, 0x00, 0x00, 0x00, 0x00, 0x00, 0x00, 0x00, 0x00, 0x00, 0x00,
	0x00, 0x00, 0x00, 0x00, 0x00, 0x00, 0x00, 0x00, 0x00, 0x00, 0x00, 0x00,
	0x00, 0x00, 0x00, 0x00, 0x00, 0x00, 0x00, 0x00, 0x00, 0x00, 0x00, 0x00,
	0x00, 0x00, 0x00, 0x00, 0x00, 0x00, 0x00, 0x00, 0x00, 0x00, 0x00, 0x00,
	0x00, 0x00, 0x00, 0x00, 0x00, 0x00, 0x00, 0x00, 0x00, 0x00, 0x00, 0x00,
	0x00, 0x00, 0x00, 0x00, 0x00, 0x00, 0x00, 0x00, 0x00, 0x00, 0x00, 0x00,
	0x00, 0x00, 0x00, 0x00, 0x00, 0x00, 0x00, 0x00, 0x00, 0x00, 0x00, 0x00,
	0x00, 0x00, 0x00, 0x00, 0x00, 0x00, 0x00, 0x00, 0x00, 0x00, 0x00, 0x00,
	0x00, 0x00, 0x00, 0x00, 0x00, 0x00, 0x00, 0x00, 0x00, 0x00, 0x00, 0x00,
	0x00, 0x00, 0x00, 0x00, 0x00, 0x00, 0x00, 0x00, 0x00, 0x00, 0x00, 0x00,
	0x00, 0x00, 0x00, 0x00, 0x00, 0x00, 0x00, 0x00, 0x00, 0x00, 0x00, 0x00,
	0x00, 0x00, 0x00, 0x00, 0x00, 0x00, 0x00, 0x00, 0x00, 0x00, 0x00, 0x00,
	0x00, 0x00, 0x00, 0x00, 0x00, 0x00, 0x00, 0x00, 0x00, 0x00, 0x00, 0x00,
	0x00, 0x00, 0x00, 0x00, 0x00, 0x00, 0x00, 0x00, 0x00, 0x00, 0x00, 0x00,
	0x00, 0x00, 0x00, 0x00, 0x00, 0x00, 0x00, 0x00, 0x00, 0x00, 0x00, 0x00,
	0x00, 0x00, 0x00, 0x00, 0x00, 0x00, 0x00, 0x00, 0x00, 0x00, 0x00, 0x00,
	0x00, 0x00, 0x00, 0x00, 0x00, 0x00, 0x00, 0x00, 0x00, 0x00, 0x00, 0x00,
	0x00, 0x00, 0x00, 0x00, 0x00, 0x00, 0x00, 0x00, 0x00, 0x00, 0x00, 0x00,
	0x00, 0x00, 0x00, 0x00, 0x00, 0x00, 0x00, 0x00, 0x00, 0x00, 0x00, 0x00,
	0x00, 0x00, 0x00, 0x00, 0x00, 0x00, 0x00, 0x00, 0x00, 0x00, 0x00, 0x00,
	0x00, 0x00, 0x00, 0x00, 0x00, 0x00, 0x00, 0x00, 0x00, 0x00, 0x00, 0x00,
	0x00, 0x00, 0x00, 0x00, 0x00, 0x00, 0x00, 0x00, 0x00, 0x00, 0x00, 0x00,
	0x00, 0x00, 0x00, 0x00, 0x00, 0x00, 0x00, 0x00, 0x00, 0x00, 0x00, 0x00,
	0x00, 0x00, 0x00, 0x00, 0x00, 0x00, 0x00, 0x00, 0x00, 0x00, 0x00, 0x00,
	0x00, 0x00, 0x00, 0x00, 0x00, 0x00, 0x00, 0x00, 0x00, 0x00, 0x00, 0x00,
	0x00, 0x00, 0x00, 0x00, 0x00, 0x00, 0x00, 0x00, 0x00, 0x00, 0x00, 0x00,
	0x00, 0x00, 0x00, 0x00, 0x00, 0x00, 0x00, 0x00, 0x00, 0x00, 0x00, 0x00,
	0x00, 0x00, 0x00, 0x00, 0x00, 0x00, 0x00, 0x00, 0x00, 0x00, 0x00, 0x00,
	0x00, 0x00, 0x00, 0x00, 0x00, 0x00, 0x00, 0x00, 0x00, 0x00, 0x00, 0x00,
	0x00, 0x00, 0x00, 0x00, 0x00, 0x00, 0x00, 0x00, 0x00, 0x00, 0x00, 0x00,
	0x00, 0x00, 0x00, 0x00, 0x00, 0x00, 0x00, 0x00, 0x00, 0x00, 0x00, 0x00,
	0x00, 0x00, 0x00, 0x00, 0x00, 0x00, 0x00, 0x00, 0x00, 0x00, 0x00, 0x00,
	0x00, 0x00, 0x00, 0x00, 0x00, 0x00, 0x00, 0x00, 0x00, 0x00, 0x00, 0x00,
	0x00, 0x00, 0x00, 0x00, 0x00, 0x00, 0x00, 0x00, 0x00, 0x00, 0x00, 0x00,
	0x00, 0x00, 0x00, 0x00, 0x00, 0x00, 0x00, 0x00, 0x00, 0x00, 0x00, 0x00,
	0x00, 0x00, 0x00, 0x00, 0x00, 0x00, 0x00, 0x00, 0x00, 0x00, 0x00, 0x00,
	0x00, 0x00, 0x00, 0x00, 0x00, 0x00, 0x00, 0x00, 0x00, 0x00, 0x00, 0x00,
	0x00, 0x00, 0x00, 0x00, 0x00, 0x00, 0x00, 0x00, 0x00, 0x00, 0x00, 0x00,
	0x00, 0x00, 0x00, 0x00, 0x00, 0x00, 0x00, 0x00, 0x00, 0x00, 0x00, 0x00,
	0x00, 0x00, 0x00, 0x00, 0x00, 0x00, 0x00, 0x00, 0x00, 0x00, 0x00, 0x00,
	0x00, 0x00, 0x00, 0x00, 0x00, 0x00, 0x00, 0x00, 0x00, 0x00, 0x00, 0x00,
	0x00, 0x00, 0x00, 0x00, 0x00, 0x00, 0x00, 0x00, 0x00, 0x00, 0x00, 0x00,
	0x00, 0x00, 0x00, 0x00, 0x00, 0x00, 0x00, 0x00, 0x00, 0x00, 0x00, 0x00,
	0x00, 0x00, 0x00, 0x00, 0x00, 0x00, 0x00, 0x00, 0x00, 0x00, 0x00, 0x00,
	0x00, 0x00, 0x00, 0x00, 0x00, 0x00, 0x00, 0x00, 0x00, 0x00, 0x00, 0x00,
	0x00, 0x00, 0x00, 0x00, 0x00, 0x00, 0x00, 0x00, 0x00, 0x00, 0x00, 0x00,
	0x00, 0x00, 0x00, 0x00, 0x00, 0x00, 0x00, 0x00, 0x00, 0x00, 0x00, 0x00,
	0x00, 0x00, 0x00, 0x00, 0x00, 0x00, 0x00, 0x00, 0x00, 0x00, 0x00, 0x00,
	0x00, 0x00, 0x00, 0x00, 0x00, 0x00, 0x00, 0x00, 0x00, 0x00, 0x00, 0x00,
	0x00, 0x00, 0x00, 0x00, 0x00, 0x00, 0x00, 0x00, 0x00, 0x00, 0x00, 0x00,
	0x00, 0x00, 0x00, 0x00, 0x00, 0x00, 0x00, 0x00, 0x00, 0x00, 0x00, 0x00,
	0x00, 0x00, 0x00, 0x00, 0x00, 0x00, 0x00, 0x00, 0x00, 0x00, 0x00, 0x00,
	0x00, 0x00, 0x00, 0x00, 0x00, 0x00, 0x00, 0x00, 0x00, 0x00, 0x00, 0x00,
	0x00, 0x00, 0x00, 0x00, 0x00, 0x00, 0x00, 0x00, 0x00, 0x00, 0x00, 0x00,
	0x00, 0x00, 0x00, 0x00, 0x00, 0x00, 0x00, 0x00, 0x00, 0x00, 0x00, 0x00,
	0x00, 0x00, 0x00, 0x00, 0x00, 0x00, 0x00, 0x00, 0x00, 0x00, 0x00, 0x00,
	0x00, 0x00, 0x00, 0x00, 0x00, 0x00, 0x00, 0x00, 0x00, 0x00, 0x00, 0x00,
	0x00, 0x00, 0x00, 0x00, 0x00, 0x00, 0x00, 0x00, 0x00, 0x00, 0x00, 0x00,
	0x00, 0x00, 0x00, 0x00, 0x00, 0x00, 0x00, 0x00, 0x00, 0x00, 0x00, 0x00,
	0x00, 0x00, 0x00, 0x00, 0x00, 0x00, 0x00, 0x00, 0x00, 0x00, 0x00, 0x00,
	0x00, 0x00, 0x00, 0x00, 0x00, 0x00, 0x00, 0x00, 0x00, 0x00, 0x00, 0x00,
	0x00, 0x00, 0x00, 0x00, 0x00, 0x00, 0x00, 0x00, 0x00, 0x00, 0x00, 0x00,
	0x00, 0x00, 0x00, 0x00, 0x00, 0x00, 0x00, 0x00, 0x00, 0x00, 0x00, 0x00,
	0x00, 0x00, 0x00, 0x00, 0x00, 0x00, 0x00, 0x00, 0x00, 0x00, 0x00, 0x00,
	0x00, 0x00, 0x00, 0x00, 0x00, 0x00, 0x00, 0x00, 0x00, 0x00, 0x00, 0x00,
	0x00, 0x00, 0x00, 0x00, 0x00, 0x00, 0x00, 0x00, 0x00, 0x00, 0x00, 0x00,
	0x00, 0x00, 0x00, 0x00, 0x00, 0x00, 0x00, 0x00, 0x00, 0x00, 0x00, 0x00,
	0x00, 0x00, 0x00, 0x00, 0x00, 0x00, 0x00, 0x00, 0x00, 0x00, 0x00, 0x00,
	0x00, 0x00, 0x00, 0x00, 0x00, 0x00, 0x00, 0x00, 0x00, 0x00, 0x00, 0x00,
	0x00, 0x00, 0x00, 0x00, 0x00, 0x00, 0x00, 0x00, 0x00, 0x00, 0x00, 0x00,
	0x00, 0x00, 0x00, 0x00, 0x00, 0x00, 0x00, 0x00, 0x00, 0x00, 0x00, 0x00,
	0x00, 0x00, 0x00, 0x00, 0x00, 0x00, 0x00, 0x00, 0x00, 0x00, 0x00, 0x00,
	0x00, 0x00, 0x00, 0x00, 0x00, 0x00, 0x00, 0x00, 0x00, 0x00, 0x00, 0x00,
	0x00, 0x00, 0x00, 0x00, 0x00, 0x00, 0x00, 0x00, 0x00, 0x00, 0x00, 0x00,
	0x00, 0x00, 0x00, 0x00, 0x00, 0x00, 0x00, 0x00, 0x00, 0x00, 0x00, 0x00,
	0x00, 0x00, 0x00, 0x00, 0x00, 0x00, 0x00, 0x00, 0x00, 0x00, 0x00, 0x00,
	0x00, 0x00, 0x00, 0x00, 0x00, 0x00, 0x00, 0x00, 0x00, 0x00, 0x00, 0x00,
	0x00, 0x00, 0x00, 0x00, 0x00, 0x00, 0x00, 0x00, 0x00, 0x00, 0x00, 0x00,
	0x00, 0x00, 0x00, 0x00, 0x00, 0x00, 0x00, 0x00, 0x00, 0x00, 0x00, 0x00,
	0x00, 0x00, 0x00, 0x00, 0x00, 0x00, 0x00, 0x00, 0x00, 0x00, 0x00, 0x00,
	0x00, 0x00, 0x00, 0x00, 0x00, 0x00, 0x00, 0x00, 0x00, 0x00, 0x00, 0x00,
	0x00, 0x00, 0x00, 0x00, 0x00, 0x00, 0x00, 0x00, 0x00, 0x00, 0x00, 0x00,
	0x00, 0x00, 0x00, 0x00, 0x00, 0x00, 0x00, 0x00, 0x00, 0x00, 0x00, 0x00,
	0x00, 0x00, 0x00, 0x00, 0x00, 0x00, 0x00, 0x00, 0x00, 0x00, 0x00, 0x00,
	0x00, 0x00, 0x00, 0x00, 0x00, 0x00, 0x00, 0x00, 0x00, 0x00, 0x00, 0x00,
	0x00, 0x00, 0x00, 0x00, 0x00, 0x00, 0x00, 0x00, 0x00, 0x00, 0x00, 0x00,
	0x00, 0x00, 0x00, 0x00, 0x00, 0x00, 0x00, 0x00, 0x00, 0x00, 0x00, 0x00,
	0x00, 0x00, 0x00, 0x00, 0x00, 0x00, 0x00, 0x00, 0x00, 0x00, 0x00, 0x00,
	0x00, 0x00, 0x00, 0x00, 0x00, 0x00, 0x00, 0x00, 0x00, 0x00, 0x00, 0x00,
	0x00, 0x00, 0x00, 0x00, 0x00, 0x00, 0x00, 0x00, 0x00, 0x00, 0x00, 0x00,
	0x00, 0x00, 0x00, 0x00, 0x00, 0x00, 0x00, 0x00, 0x00, 0x00, 0x00, 0x00,
	0x00, 0x00, 0x00, 0x00, 0x00, 0x00, 0x00, 0x00, 0x00, 0x00, 0x00, 0x00,
	0x00, 0x00, 0x00, 0x00, 0x00, 0x00, 0x00, 0x00, 0x00, 0x00, 0x00, 0x00,
	0x00, 0x00, 0x00, 0x00, 0x00, 0x00, 0x00, 0x00, 0x00, 0x00, 0x00, 0x00,
	0x00, 0x00, 0x00, 0x00, 0x00, 0x00, 0x00, 0x00, 0x00, 0x00, 0x00, 0x00,
	0x00, 0x00, 0x00, 0x00, 0x00, 0x00, 0x00, 0x00, 0x00, 0x00, 0x00, 0x00,
	0x00, 0x00, 0x00, 0x00, 0x00, 0x00, 0x00, 0x00, 0x00, 0x00, 0x00, 0x00,
	0x00, 0x00, 0x00, 0x00, 0x00, 0x00, 0x00, 0x00, 0x00, 0x00, 0x00, 0x00,
	0x00, 0x00, 0x00, 0x00, 0x00, 0x00, 0x00, 0x00, 0x00, 0x00, 0x00, 0x00,
	0x00, 0x00, 0x00, 0x00, 0x00, 0x00, 0x00, 0x00, 0x00, 0x00, 0x00, 0x00,
	0x00, 0x00, 0x00, 0x00, 0x00, 0x00, 0x00, 0x00, 0x00, 0x00, 0x00, 0x00,
	0x00, 0x00, 0x00, 0x00, 0x00, 0x00, 0x00, 0x00, 0x00, 0x00, 0x00, 0x00,
	0x00, 0x00, 0x00, 0x00, 0x00, 0x00, 0x00, 0x00, 0x00, 0x00, 0x00, 0x00,
	0x00, 0x00, 0x00, 0x00, 0x00, 0x00, 0x00, 0x00, 0x00, 0x00, 0x00, 0x00,
	0x00, 0x00, 0x00, 0x00, 0x00, 0x00, 0x00, 0x00, 0x00, 0x00, 0x00, 0x00,
	0x00, 0x00, 0x00, 0x00, 0x00, 0x00, 0x00, 0x00, 0x00, 0x00, 0x00, 0x00,
	0x00, 0x00, 0x00, 0x00, 0x00, 0x00, 0x00, 0x00, 0x00, 0x00, 0x00, 0x00,
	0x00, 0x00, 0x00, 0x00, 0x00, 0x00, 0x00, 0x00, 0x00, 0x00, 0x00, 0x00,
	0x00, 0x00, 0x00, 0x00, 0x00, 0x00, 0x00, 0x00, 0x00, 0x00, 0x00, 0x00,
	0x00, 0x00, 0x00, 0x00, 0x00, 0x00, 0x00, 0x00, 0x00, 0x00, 0x00, 0x00,
	0x00, 0x00, 0x00, 0x00, 0x00, 0x00, 0x00, 0x00, 0x00, 0x00, 0x00, 0x00,
	0x00, 0x00, 0x00, 0x00, 0x00, 0x00, 0x00, 0x00, 0x00, 0x00, 0x00, 0x00,
	0x00, 0x00, 0x00, 0x00, 0x00, 0x00, 0x00, 0x00, 0x00, 0x00, 0x00, 0x00,
	0x00, 0x00, 0x00, 0x00, 0x00, 0x00, 0x00, 0x00, 0x00, 0x00, 0x00, 0x00,
	0x00, 0x00, 0x00, 0x00, 0x00, 0x00, 0x00, 0x00, 0x00, 0x00, 0x00, 0x00,
	0x00, 0x00, 0x00, 0x00, 0x00, 0x00, 0x00, 0x00, 0x00, 0x00, 0x00, 0x00,
	0x00, 0x00, 0x00, 0x00, 0x00, 0x00, 0x00, 0x00, 0x00, 0x00, 0x00, 0x00,
	0x00, 0x00, 0x00, 0x00, 0x00, 0x00, 0x00, 0x00, 0x00, 0x00, 0x00, 0x00,
	0x00, 0x00, 0x00, 0x00, 0x00, 0x00, 0x00, 0x00, 0x00, 0x00, 0x00, 0x00,
	0x00, 0x00, 0x00, 0x00, 0x00, 0x00, 0x00, 0x00, 0x00, 0x00, 0x00, 0x00,
	0x00, 0x00, 0x00, 0x00, 0x00, 0x00, 0x00, 0x00, 0x00, 0x00, 0x00, 0x00,
	0x00, 0x00, 0x00, 0x00, 0x00, 0x00, 0x00, 0x00, 0x00, 0x00, 0x00, 0x00,
	0x00, 0x00, 0x00, 0x00, 0x00, 0x00, 0x00, 0x00, 0x00, 0x00, 0x00, 0x00,
	0x00, 0x00, 0x00, 0x00, 0x00, 0x00, 0x00, 0x00, 0x00, 0x00, 0x00, 0x00,
	0x00, 0x00, 0x00, 0x00, 0x00, 0x00, 0x00, 0x00, 0x00, 0x00, 0x00, 0x00,
	0x00, 0x00, 0x00, 0x00, 0x00, 0x00, 0x00, 0x00, 0x00, 0x00, 0x00, 0x00,
	0x00, 0x00, 0x00, 0x00, 0x00, 0x00, 0x00, 0x00, 0x00, 0x00, 0x00, 0x00,
	0x00, 0x00, 0x00, 0x00, 0x00, 0x00, 0x00, 0x00, 0x00, 0x00, 0x00, 0x00,
	0x00, 0x00, 0x00, 0x00, 0x00, 0x00, 0x00, 0x00, 0x00, 0x00, 0x00, 0x00,
	0x00, 0x00, 0x00, 0x00, 0x00, 0x00, 0x00, 0x00, 0x00, 0x00, 0x00, 0x00,
	0x00, 0x00, 0x00, 0x00, 0x00, 0x00, 0x00, 0x00, 0x00, 0x00, 0x00, 0x00,
	0x00, 0x00, 0x00, 0x00, 0x00, 0x00, 0x00, 0x00, 0x00, 0x00, 0x00, 0x00,
	0x00, 0x00, 0x00, 0x00, 0x00, 0x00, 0x00, 0x00, 0x00, 0x00, 0x00, 0x00,
	0x00, 0x00, 0x00, 0x00, 0x00, 0x00, 0x00, 0x00, 0x00, 0x00, 0x00, 0x00,
	0x00, 0x00, 0x00, 0x00, 0x00, 0x00, 0x00, 0x00, 0x00, 0x00, 0x00, 0x00,
	0x00, 0x00, 0x00, 0x00, 0x00, 0x00, 0x00, 0x00, 0x00, 0x00, 0x00, 0x00,
	0x00, 0x00, 0x00, 0x00, 0x00, 0x00, 0x00, 0x00, 0x00, 0x00, 0x00, 0x00,
	0x00, 0x00, 0x00, 0x00, 0x00, 0x00, 0x00, 0x00, 0x00, 0x00, 0x00, 0x00,
	0x00, 0x00, 0x00, 0x00, 0x00, 0x00, 0x00, 0x00, 0x00, 0x00, 0x00, 0x00,
	0x00, 0x00, 0x00, 0x00, 0x00, 0x00, 0x00, 0x00, 0x00, 0x00, 0x00, 0x00,
	0x00, 0x00, 0x00, 0x00, 0x00, 0x00, 0x00, 0x00, 0x00, 0x00, 0x00, 0x00,
	0x00, 0x00, 0x00, 0x00, 0x00, 0x00, 0x00, 0x00, 0x00, 0x00, 0x00, 0x00,
	0x00, 0x00, 0x00, 0x00, 0x00, 0x00, 0x00, 0x00, 0x00, 0x00, 0x00, 0x00,
	0x00, 0x00, 0x00, 0x00, 0x00, 0x00, 0x00, 0x00, 0x00, 0x00, 0x00, 0x00,
	0x00, 0x00, 0x00, 0x00, 0x00, 0x00, 0x00, 0x00, 0x00, 0x00, 0x00, 0x00,
	0x00, 0x00, 0x00, 0x00, 0x00, 0x00, 0x00, 0x00, 0x00, 0x00, 0x00, 0x00,
	0x00, 0x00, 0x00, 0x00, 0x00, 0x00, 0x00, 0x00, 0x00, 0x00, 0x00, 0x00,
	0x00, 0x00, 0x00, 0x00, 0x00, 0x00, 0x00, 0x00, 0x00, 0x00, 0x00, 0x00,
	0x00, 0x00, 0x00, 0x00, 0x00, 0x00, 0x00, 0x00, 0x00, 0x00, 0x00, 0x00,
	0x00, 0x00, 0x00, 0x00, 0x00, 0x00, 0x00, 0x00, 0x00, 0x00, 0x00, 0x00,
	0x00, 0x00, 0x00, 0x00, 0x00, 0x00, 0x00, 0x00, 0x00, 0x00, 0x00, 0x00,
	0x00, 0x00, 0x00, 0x00, 0x00, 0x00, 0x00, 0x00, 0x00, 0x00, 0x00, 0x00,
	0x00, 0x00, 0x00, 0x00, 0x00, 0x00, 0x00, 0x00, 0x00, 0x00, 0x00, 0x00,
	0x00, 0x00, 0x00, 0x00, 0x00, 0x00, 0x00, 0x00, 0x00, 0x00, 0x00, 0x00,
	0x00, 0x00, 0x00, 0x00, 0x00, 0x00, 0x00, 0x00, 0x00, 0x00, 0x00, 0x00,
	0x00, 0x00, 0x00, 0x00, 0x00, 0x00, 0x00, 0x00, 0x00, 0x00, 0x00, 0x00,
	0x00, 0x00, 0x00, 0x00, 0x00, 0x00, 0x00, 0x00, 0x00, 0x00, 0x00, 0x00,
	0x00, 0x00, 0x00, 0x00, 0x00, 0x00, 0x00, 0x00, 0x00, 0x00, 0x00, 0x00,
	0x00, 0x00, 0x00, 0x00, 0x00, 0x00, 0x00, 0x00, 0x00, 0x00, 0x00, 0x00,
	0x00, 0x00, 0x00, 0x00, 0x00, 0x00, 0x00, 0x00, 0x00, 0x00, 0x00, 0x00,
	0x00, 0x00, 0x00, 0x00, 0x00, 0x00, 0x00, 0x00, 0x00, 0x00, 0x00, 0x00,
	0x00, 0x00, 0x00, 0x00, 0x00, 0x00, 0x00, 0x00, 0x00, 0x00, 0x00, 0x00,
	0x00, 0x00, 0x00, 0x00, 0x00, 0x00, 0x00, 0x00, 0x00, 0x00, 0x00, 0x00,
	0x00, 0x00, 0x00, 0x00, 0x00, 0x00, 0x00, 0x00, 0x00, 0x00, 0x00, 0x00,
	0x00, 0x00, 0x00, 0x00, 0x00, 0x00, 0x00, 0x00, 0x00, 0x00, 0x00, 0x00,
	0x00, 0x00, 0x00, 0x00, 0x00, 0x00, 0x00, 0x00, 0x00, 0x00, 0x00, 0x00,
	0x00, 0x00, 0x00, 0x00, 0x00, 0x00, 0x00, 0x00, 0x00, 0x00, 0x00, 0x00,
	0x00, 0x00, 0x00, 0x00, 0x00, 0x00, 0x00, 0x00, 0x00, 0x00, 0x00, 0x00,
	0x00, 0x00, 0x00, 0x00, 0x00, 0x00, 0x00, 0x00, 0x00, 0x00, 0x00, 0x00,
	0x00, 0x00, 0x00, 0x00, 0x00, 0x00, 0x00, 0x00, 0x00, 0x00, 0x00, 0x00,
	0x00, 0x00, 0x00, 0x00, 0x00, 0x00, 0x00, 0x00, 0x00, 0x00, 0x00, 0x00,
	0x00, 0x00, 0x00, 0x00, 0x00, 0x00, 0x00, 0x00, 0x00, 0x00, 0x00, 0x00,
	0x00, 0x00, 0x00, 0x00, 0x00, 0x00, 0x00, 0x00, 0x00, 0x00, 0x00, 0x00,
	0x00, 0x00, 0x00, 0x00, 0x00, 0x00, 0x00, 0x00, 0x00, 0x00, 0x00, 0x00,
	0x00, 0x00, 0x00, 0x00, 0x00, 0x00, 0x00, 0x00, 0x00, 0x00, 0x00, 0x00,
	0x00, 0x00, 0x00, 0x00, 0x00, 0x00, 0x00, 0x00, 0x00, 0x00, 0x00, 0x00,
	0x00, 0x00, 0x00, 0x00, 0x00, 0x00, 0x00, 0x00, 0x00, 0x00, 0x00, 0x00,
	0x00, 0x00, 0x00, 0x00, 0x00, 0x00, 0x00, 0x00, 0x00, 0x00, 0x00, 0x00,
	0x00, 0x00, 0x00, 0x00, 0x00, 0x00, 0x00, 0x00, 0x00, 0x00, 0x00, 0x00,
	0x00, 0x00, 0x00, 0x00, 0x00, 0x00, 0x00, 0x00, 0x00, 0x00, 0x00, 0x00,
	0x00, 0x00, 0x00, 0x00, 0x00, 0x00, 0x00, 0x00, 0x00, 0x00, 0x00, 0x00,
	0x00, 0x00, 0x00, 0x00, 0x00, 0x00, 0x00, 0x00, 0x00, 0x00, 0x00, 0x00,
	0x00, 0x00, 0x00, 0x00, 0x00, 0x00, 0x00, 0x00, 0x00, 0x00, 0x00, 0x00,
	0x00, 0x00, 0x00, 0x00, 0x00, 0x00, 0x00, 0x00, 0x00, 0x00, 0x00, 0x00,
	0x00, 0x00, 0x00, 0x00, 0x00, 0x00, 0x00, 0x00, 0x00, 0x00, 0x00, 0x00,
	0x00, 0x00, 0x00, 0x00, 0x00, 0x00, 0x00, 0x00, 0x00, 0x00, 0x00, 0x00,
	0x00, 0x00, 0x00, 0x00, 0x00, 0x00, 0x00, 0x00, 0x00, 0x00, 0x00, 0x00,
	0x00, 0x00, 0x00, 0x00, 0x00, 0x00, 0x00, 0x00, 0x00, 0x00, 0x00, 0x00,
	0x00, 0x00, 0x00, 0x00, 0x00, 0x00, 0x00, 0x00, 0x00, 0x00, 0x00, 0x00,
	0x00, 0x00, 0x00, 0x00, 0x00, 0x00, 0x00, 0x00, 0x00, 0x00, 0x00, 0x00,
	0x00, 0x00, 0x00, 0x00, 0x00, 0x00, 0x00, 0x00, 0x00, 0x00, 0x00, 0x00,
	0x00, 0x00, 0x00, 0x00, 0x00, 0x00, 0x00, 0x00, 0x00, 0x00, 0x00, 0x00,
	0x00, 0x00, 0x00, 0x00, 0x00, 0x00, 0x00, 0x00, 0x00, 0x00, 0x00, 0x00,
	0x00, 0x00, 0x00, 0x00, 0x00, 0x00, 0x00, 0x00, 0x00, 0x00, 0x00, 0x00,
	0x00, 0x00, 0x00, 0x00, 0x00, 0x00, 0x00, 0x00, 0x00, 0x00, 0x00, 0x00,
	0x00, 0x00, 0x00, 0x00, 0x00, 0x00, 0x00, 0x00, 0x00, 0x00, 0x00, 0x00,
	0x00, 0x00, 0x00, 0x00, 0x00, 0x00, 0x00, 0x00, 0x00, 0x00, 0x00, 0x00,
	0x00, 0x00, 0x00, 0x00, 0x00, 0x00, 0x00, 0x00, 0x00, 0x00, 0x00, 0x00,
	0x00, 0x00, 0x00, 0x00, 0x00, 0x00, 0x00, 0x00, 0x00, 0x00, 0x00, 0x00,
	0x00, 0x00, 0x00, 0x00, 0x00, 0x00, 0x00, 0x00, 0x00, 0x00, 0x00, 0x00,
	0x00, 0x00, 0x00, 0x00, 0x00, 0x00, 0x00, 0x00, 0x00, 0x00, 0x00, 0x00,
	0x00, 0x00, 0x00, 0x00, 0x00, 0x00, 0x00, 0x00,
};

/* command 58, grouped-write */
static const u8 ispfe_pdma_binned_payload_58[0x18] = {
	0x1c, 0x04, 0x02, 0x00, 0x01, 0x00, 0x00, 0x00, 0x10, 0x5d, 0x05, 0x00,
	0x01, 0x00, 0x00, 0x00, 0x20, 0x90, 0x03, 0x00, 0x01, 0x00, 0x00, 0x00,
};

/*
 * The recipe.  Offsets in the comments are into the captured program, so
 * a decode of a live buffer lines up with this table command for command.
 */
static const struct ispfe_pdma_cmd ispfe_pdma_binned_recipe[] = {
	/* 0x00000  select-block */
	{ .op = ISPFE_PDMA_SELECT_BLOCK, .reg = 0x00000000 },
	/* 0x00008  grouped-write */
	{ .op = ISPFE_PDMA_GROUPED_WRITE, .payload = ispfe_pdma_binned_payload_01,
	  .len = sizeof(ispfe_pdma_binned_payload_01) },
	/* 0x00074  inline-burst, fc/bin_ctx | fc/control */
	{ .op = ISPFE_PDMA_INLINE_BURST, .reg = 0x00039500,
	  .payload = ispfe_pdma_binned_payload_02, .len = sizeof(ispfe_pdma_binned_payload_02) },
	/* 0x0018c  grouped-write */
	{ .op = ISPFE_PDMA_GROUPED_WRITE, .payload = ispfe_pdma_binned_payload_03,
	  .len = sizeof(ispfe_pdma_binned_payload_03) },
	/* 0x001d8  inline-burst, lmp/linearization */
	{ .op = ISPFE_PDMA_INLINE_BURST, .reg = 0x00055d40,
	  .payload = ispfe_pdma_binned_payload_04, .len = sizeof(ispfe_pdma_binned_payload_04) },
	/* 0x001e4  indirect-burst, lmp/linearization_lut */
	{ .op = ISPFE_PDMA_INDIRECT_BURST, .reg = 0x0006d0e4,
	  .buffer = ISPFE_BUF_INPUT(0), .len = 0x0410 },
	/* 0x001f8  inline-burst, lmp/blc_config */
	{ .op = ISPFE_PDMA_INLINE_BURST, .reg = 0x00055d44,
	  .payload = ispfe_pdma_binned_payload_06, .len = sizeof(ispfe_pdma_binned_payload_06) },
	/* 0x0020c  inline-burst, lmp/dg_config */
	{ .op = ISPFE_PDMA_INLINE_BURST, .reg = 0x00055d50,
	  .payload = ispfe_pdma_binned_payload_07, .len = sizeof(ispfe_pdma_binned_payload_07) },
	/* 0x00228  inline-burst, lmp/greenimbalance */
	{ .op = ISPFE_PDMA_INLINE_BURST, .reg = 0x00055d64,
	  .payload = ispfe_pdma_binned_payload_08, .len = sizeof(ispfe_pdma_binned_payload_08) },
	/* 0x00288  inline-burst, lmp/dpc_config */
	{ .op = ISPFE_PDMA_INLINE_BURST, .reg = 0x00055dbc,
	  .payload = ispfe_pdma_binned_payload_09, .len = sizeof(ispfe_pdma_binned_payload_09) },
	/* 0x002ec  inline-burst, lmp/lsc_config */
	{ .op = ISPFE_PDMA_INLINE_BURST, .reg = 0x00055e18,
	  .payload = ispfe_pdma_binned_payload_10, .len = sizeof(ispfe_pdma_binned_payload_10) },
	/* 0x00328  indirect-burst, lmp/lsc_lut */
	{ .op = ISPFE_PDMA_INDIRECT_BURST, .reg = 0x0006db14,
	  .buffer = ISPFE_BUF_INPUT(1), .len = 0x1ce0 },
	/* 0x0033c  inline-burst, lmp/lsc_stats */
	{ .op = ISPFE_PDMA_INLINE_BURST, .reg = 0x00055e4c,
	  .payload = ispfe_pdma_binned_payload_12, .len = sizeof(ispfe_pdma_binned_payload_12) },
	/* 0x00378  inline-burst, lmp/awb_stats */
	{ .op = ISPFE_PDMA_INLINE_BURST, .reg = 0x00055e80,
	  .payload = ispfe_pdma_binned_payload_13, .len = sizeof(ispfe_pdma_binned_payload_13) },
	/* 0x003b4  inline-burst, lmp/histogram */
	{ .op = ISPFE_PDMA_INLINE_BURST, .reg = 0x00055eb4,
	  .payload = ispfe_pdma_binned_payload_14, .len = sizeof(ispfe_pdma_binned_payload_14) },
	/* 0x00410  indirect-burst, lmp/histogram_lut */
	{ .op = ISPFE_PDMA_INDIRECT_BURST, .reg = 0x000703a0,
	  .buffer = ISPFE_BUF_INPUT(2), .len = 0x0400 },
	/* 0x00424  inline-burst, lmp/post_lsc_ae_stats */
	{ .op = ISPFE_PDMA_INLINE_BURST, .reg = 0x00055f08,
	  .payload = ispfe_pdma_binned_payload_16, .len = sizeof(ispfe_pdma_binned_payload_16) },
	/* 0x00454  inline-burst, lmp/flicker_stats */
	{ .op = ISPFE_PDMA_INLINE_BURST, .reg = 0x00055f30,
	  .payload = ispfe_pdma_binned_payload_17, .len = sizeof(ispfe_pdma_binned_payload_17) },
	/* 0x0046c  inline-burst, lmp/cdaf_stats */
	{ .op = ISPFE_PDMA_INLINE_BURST, .reg = 0x00055f40,
	  .payload = ispfe_pdma_binned_payload_18, .len = sizeof(ispfe_pdma_binned_payload_18) },
	/* 0x00604  inline-burst, lmp/motion_metering */
	{ .op = ISPFE_PDMA_INLINE_BURST, .reg = 0x000560e8,
	  .payload = ispfe_pdma_binned_payload_19, .len = sizeof(ispfe_pdma_binned_payload_19) },
	/* 0x00650  inline-burst, lmp/mm_wbg | lmp/wbg */
	{ .op = ISPFE_PDMA_INLINE_BURST, .reg = 0x000560d0,
	  .payload = ispfe_pdma_binned_payload_20, .len = sizeof(ispfe_pdma_binned_payload_20) },
	/* 0x00670  inline-burst, lmp/alsc_wbg */
	{ .op = ISPFE_PDMA_INLINE_BURST, .reg = 0x0005612c,
	  .payload = ispfe_pdma_binned_payload_21, .len = sizeof(ispfe_pdma_binned_payload_21) },
	/* 0x00690  inline-burst, lmp/demosaic */
	{ .op = ISPFE_PDMA_INLINE_BURST, .reg = 0x00056144,
	  .payload = ispfe_pdma_binned_payload_22, .len = sizeof(ispfe_pdma_binned_payload_22) },
	/* 0x006a8  inline-burst, lmp/dds */
	{ .op = ISPFE_PDMA_INLINE_BURST, .reg = 0x00056154,
	  .payload = ispfe_pdma_binned_payload_23, .len = sizeof(ispfe_pdma_binned_payload_23) },
	/* 0x006c0  inline-burst, lmp/hlr_config */
	{ .op = ISPFE_PDMA_INLINE_BURST, .reg = 0x00056164,
	  .payload = ispfe_pdma_binned_payload_24, .len = sizeof(ispfe_pdma_binned_payload_24) },
	/* 0x0070c  inline-burst, lmp/ccm */
	{ .op = ISPFE_PDMA_INLINE_BURST, .reg = 0x000561a8,
	  .payload = ispfe_pdma_binned_payload_25, .len = sizeof(ispfe_pdma_binned_payload_25) },
	/* 0x00730  inline-burst, lmp/gtm */
	{ .op = ISPFE_PDMA_INLINE_BURST, .reg = 0x000561c4,
	  .payload = ispfe_pdma_binned_payload_26, .len = sizeof(ispfe_pdma_binned_payload_26) },
	/* 0x00740  indirect-burst, lmp/gtm_lut */
	{ .op = ISPFE_PDMA_INDIRECT_BURST, .reg = 0x0006d8f4,
	  .buffer = ISPFE_BUF_INPUT(3), .len = 0x0220 },
	/* 0x00754  inline-burst, lmp/gamma */
	{ .op = ISPFE_PDMA_INLINE_BURST, .reg = 0x000561cc,
	  .payload = ispfe_pdma_binned_payload_28, .len = sizeof(ispfe_pdma_binned_payload_28) },
	/* 0x00764  indirect-burst, lmp/gamma_lut | lmp/lut */
	{ .op = ISPFE_PDMA_INDIRECT_BURST, .reg = 0x0006d040,
	  .buffer = ISPFE_BUF_INPUT(4), .len = 0x00a4 },
	/* 0x00778  inline-burst, lmp/csc */
	{ .op = ISPFE_PDMA_INLINE_BURST, .reg = 0x000561d4,
	  .payload = ispfe_pdma_binned_payload_30, .len = sizeof(ispfe_pdma_binned_payload_30) },
	/* 0x007a8  inline-burst, lmp/rgb_dg */
	{ .op = ISPFE_PDMA_INLINE_BURST, .reg = 0x000561fc,
	  .payload = ispfe_pdma_binned_payload_31, .len = sizeof(ispfe_pdma_binned_payload_31) },
	/* 0x007bc  inline-burst, lmp/rgb_scaler */
	{ .op = ISPFE_PDMA_INLINE_BURST, .reg = 0x00056208,
	  .payload = ispfe_pdma_binned_payload_32, .len = sizeof(ispfe_pdma_binned_payload_32) },
	/* 0x007e4  indirect-burst, lmp/rgb_scaler_lut */
	{ .op = ISPFE_PDMA_INDIRECT_BURST, .reg = 0x0006d7f4,
	  .buffer = ISPFE_BUF_INPUT(5), .len = 0x0100 },
	/* 0x007f8  inline-burst, lmp/rgb_tapout */
	{ .op = ISPFE_PDMA_INLINE_BURST, .reg = 0x0005632c,
	  .payload = ispfe_pdma_binned_payload_34, .len = sizeof(ispfe_pdma_binned_payload_34) },
	/* 0x00820  inline-burst, lmp/scaler */
	{ .op = ISPFE_PDMA_INLINE_BURST, .reg = 0x00056228,
	  .payload = ispfe_pdma_binned_payload_35, .len = sizeof(ispfe_pdma_binned_payload_35) },
	/* 0x0086c  indirect-burst, lmp/scaler_lut */
	{ .op = ISPFE_PDMA_INDIRECT_BURST, .reg = 0x0006d4f4,
	  .buffer = ISPFE_BUF_INPUT(6), .len = 0x0100 },
	/* 0x00880  indirect-burst, lmp/scaler_lut */
	{ .op = ISPFE_PDMA_INDIRECT_BURST, .reg = 0x0006d6f4,
	  .buffer = ISPFE_BUF_INPUT(7), .len = 0x0100 },
	/* 0x00894  inline-burst, lmp/output_formatter */
	{ .op = ISPFE_PDMA_INLINE_BURST, .reg = 0x0005626c,
	  .payload = ispfe_pdma_binned_payload_38, .len = sizeof(ispfe_pdma_binned_payload_38) },
	/* 0x008dc  inline-burst, lmp/output_formatter */
	{ .op = ISPFE_PDMA_INLINE_BURST, .reg = 0x000562ac,
	  .payload = ispfe_pdma_binned_payload_39, .len = sizeof(ispfe_pdma_binned_payload_39) },
	/* 0x00924  inline-burst, lmp/output_formatter */
	{ .op = ISPFE_PDMA_INLINE_BURST, .reg = 0x000562ec,
	  .payload = ispfe_pdma_binned_payload_40, .len = sizeof(ispfe_pdma_binned_payload_40) },
	/* 0x0096c  inline-burst, lmp/sparse_pd */
	{ .op = ISPFE_PDMA_INLINE_BURST, .reg = 0x0005634c,
	  .payload = ispfe_pdma_binned_payload_41, .len = sizeof(ispfe_pdma_binned_payload_41) },
	/* 0x00a8c  inline-burst, lmp/pre_lsc_ae_stats */
	{ .op = ISPFE_PDMA_INLINE_BURST, .reg = 0x00056464,
	  .payload = ispfe_pdma_binned_payload_42, .len = sizeof(ispfe_pdma_binned_payload_42) },
	/* 0x00abc  inline-burst, lmp/lightness */
	{ .op = ISPFE_PDMA_INLINE_BURST, .reg = 0x0005648c,
	  .payload = ispfe_pdma_binned_payload_43, .len = sizeof(ispfe_pdma_binned_payload_43) },
	/* 0x00adc  inline-burst, lmp/bilateral_grid_stat */
	{ .op = ISPFE_PDMA_INLINE_BURST, .reg = 0x000564a4,
	  .payload = ispfe_pdma_binned_payload_44, .len = sizeof(ispfe_pdma_binned_payload_44) },
	/* 0x00b00  inline-burst, lmp/alignment_formatter */
	{ .op = ISPFE_PDMA_INLINE_BURST, .reg = 0x000564c0,
	  .payload = ispfe_pdma_binned_payload_45, .len = sizeof(ispfe_pdma_binned_payload_45) },
	/* 0x00b90  inline-burst, lmp/gaussian_layer */
	{ .op = ISPFE_PDMA_INLINE_BURST, .reg = 0x00056548,
	  .payload = ispfe_pdma_binned_payload_46, .len = sizeof(ispfe_pdma_binned_payload_46) },
	/* 0x00bec  inline-burst, lmp/bayer_downscale */
	{ .op = ISPFE_PDMA_INLINE_BURST, .reg = 0x0005659c,
	  .payload = ispfe_pdma_binned_payload_47, .len = sizeof(ispfe_pdma_binned_payload_47) },
	/* 0x00c14  inline-burst, lmp/bayer_gamma0 */
	{ .op = ISPFE_PDMA_INLINE_BURST, .reg = 0x000565bc,
	  .payload = ispfe_pdma_binned_payload_48, .len = sizeof(ispfe_pdma_binned_payload_48) },
	/* 0x00c24  inline-burst, lmp/bayer_gamma1 */
	{ .op = ISPFE_PDMA_INLINE_BURST, .reg = 0x000565c4,
	  .payload = ispfe_pdma_binned_payload_49, .len = sizeof(ispfe_pdma_binned_payload_49) },
	/* 0x00c34  inline-burst, lmp/bayer_output_formatter0 */
	{ .op = ISPFE_PDMA_INLINE_BURST, .reg = 0x000565cc,
	  .payload = ispfe_pdma_binned_payload_50, .len = sizeof(ispfe_pdma_binned_payload_50) },
	/* 0x00c48  inline-burst, lmp/bayer_output_formatter1 */
	{ .op = ISPFE_PDMA_INLINE_BURST, .reg = 0x00056614,
	  .payload = ispfe_pdma_binned_payload_51, .len = sizeof(ispfe_pdma_binned_payload_51) },
	/* 0x00c5c  inline-burst, lmp/bayer_output0_wdma_csrs */
	{ .op = ISPFE_PDMA_INLINE_BURST, .reg = 0x000565d8,
	  .payload = ispfe_pdma_binned_payload_52, .len = sizeof(ispfe_pdma_binned_payload_52) },
	/* 0x00ca0  inline-burst, lmp/bayer_output1_wdma_csrs */
	{ .op = ISPFE_PDMA_INLINE_BURST, .reg = 0x00056620,
	  .payload = ispfe_pdma_binned_payload_53, .len = sizeof(ispfe_pdma_binned_payload_53) },
	/* 0x00ce4  inline-burst, lmp/status_queue */
	{ .op = ISPFE_PDMA_INLINE_BURST, .reg = 0x0005665c,
	  .payload = ispfe_pdma_binned_payload_54, .len = sizeof(ispfe_pdma_binned_payload_54) },
	/* 0x00cf8  inline-burst, lmp/frame_config */
	{ .op = ISPFE_PDMA_INLINE_BURST, .reg = 0x00055d14,
	  .payload = ispfe_pdma_binned_payload_55, .len = sizeof(ispfe_pdma_binned_payload_55) },
	/* 0x00d2c  inline-burst, lmp/batch_mode_bayer_size |
	 * lmp/batch_mode_config
	 */
	{ .op = ISPFE_PDMA_INLINE_BURST, .reg = 0x000567c8,
	  .payload = ispfe_pdma_binned_payload_56, .len = sizeof(ispfe_pdma_binned_payload_56) },
	/* 0x00d3c  inline-burst, lmp/batch_mode_bayer_config |
	 * lmp/batch_mode_bayer_config_offset
	 */
	{ .op = ISPFE_PDMA_INLINE_BURST, .reg = 0x000567d8,
	  .payload = ispfe_pdma_binned_payload_57, .len = sizeof(ispfe_pdma_binned_payload_57) },
	/* 0x017e4  grouped-write */
	{ .op = ISPFE_PDMA_GROUPED_WRITE, .payload = ispfe_pdma_binned_payload_58,
	  .len = sizeof(ispfe_pdma_binned_payload_58) },
};

/*
 * Where a device address goes.  The encoder writes the low 32 bits at
 * .lo and the high bits at .hi, both relative to the command's payload,
 * so nothing in the program has to be found by matching a captured value.
 * The comment names the front-end register each one is written to.
 */
static const struct ispfe_pdma_reloc ispfe_pdma_binned_relocs[] = {
	/* 0x000205c0  csis_core/base_addr | csis_core/batch | csis_core/lsb */
	{ .cmd = 1, .lo = 0x0024, .hi = 0x002c,
	  .buffer = ISPFE_BUF_BAYER },
	/* 0x00020510  csis_core/base_addr | csis_core/lsb */
	{ .cmd = 1, .lo = 0x0044, .hi = 0x004c,
	  .buffer = ISPFE_BUF_OUTPUT(0) },
	/* 0x00055f38 */
	{ .cmd = 17, .lo = 0x0008, .hi = 0x000c,
	  .buffer = ISPFE_BUF_OUTPUT(1) },
	/* 0x0005611c */
	{ .cmd = 19, .lo = 0x0034, .hi = 0x0038,
	  .buffer = ISPFE_BUF_OUTPUT(2) },
	/* 0x00056660 */
	{ .cmd = 54, .lo = 0x0004, .hi = 0x0008,
	  .buffer = ISPFE_BUF_OUTPUT(3) },
	/* 0x00056810  lmp/sw_awb_stats_base_address */
	{ .cmd = 57, .lo = 0x0038, .hi = 0x003c,
	  .buffer = ISPFE_BUF_OUTPUT(4) },
	/* 0x00056818  lmp/sw_lsc_stats_base_address */
	{ .cmd = 57, .lo = 0x0040, .hi = 0x0044,
	  .buffer = ISPFE_BUF_OUTPUT(5) },
	/* 0x00056820  lmp/sw_flicker_stats_base_address */
	{ .cmd = 57, .lo = 0x0048, .hi = 0x004c,
	  .buffer = ISPFE_BUF_OUTPUT(1) },
	/* 0x00056828  lmp/sw_histogram_roi_base_address */
	{ .cmd = 57, .lo = 0x0050, .hi = 0x0054,
	  .buffer = ISPFE_BUF_OUTPUT(6) },
	/* 0x00056830  lmp/sw_histogram_roi_base_address */
	{ .cmd = 57, .lo = 0x0058, .hi = 0x005c,
	  .buffer = ISPFE_BUF_OUTPUT(7) },
	/* 0x00056838  lmp/sw_histogram_roi_base_address */
	{ .cmd = 57, .lo = 0x0060, .hi = 0x0064,
	  .buffer = ISPFE_BUF_OUTPUT(8) },
	/* 0x00056840  lmp/sw_post_lsc_ae_stats_base_address */
	{ .cmd = 57, .lo = 0x0068, .hi = 0x006c,
	  .buffer = ISPFE_BUF_OUTPUT(9) },
	/* 0x00056848  lmp/sw_motion_metering_base_address */
	{ .cmd = 57, .lo = 0x0070, .hi = 0x0074,
	  .buffer = ISPFE_BUF_OUTPUT(2) },
	/* 0x00056878  lmp/sw_rgb_output_base_address */
	{ .cmd = 57, .lo = 0x00a0, .hi = 0x00a4,
	  .buffer = ISPFE_BUF_OUTPUT(10) },
	/* 0x00056880  lmp/sw_ml_output_base_address */
	{ .cmd = 57, .lo = 0x00a8, .hi = 0x00ac,
	  .buffer = ISPFE_BUF_OUTPUT(11) },
	/* 0x00056890  lmp/sw_ml_output_base_address */
	{ .cmd = 57, .lo = 0x00b8, .hi = 0x00bc,
	  .buffer = ISPFE_BUF_OUTPUT(12) },
};

#endif /* __EXYNOS_ISPFE_PDMA_PROGRAM_BINNED_H__ */
